Bbee_id,proportion,plant_genus,,,,,
BB_Arb_Aug2,0.701578004,Abelia,,,,,
BB_Arb_Aug2,0.002185601,Agastache,,,,,
BB_Arb_Aug2,0.043712025,Allium,,,,,
BB_Arb_Aug2,0.004371203,Alternanthera,,,,,
BB_Arb_Aug2,0.002185601,Ambrosia,,,,,
BB_Arb_Aug2,0.002185601,Ammodaucus,,,,,
BB_Arb_Aug2,0.002185601,Amorphophallus,,,,,
BB_Arb_Aug2,0.05245443,Amphithalea,,,,,
BB_Arb_Aug2,39.31240984,Anemone,,,,,
BB_Arb_Aug2,0.002185601,Antennaria,,,,,
BB_Arb_Aug2,0.01748481,Antirrhinum,,,,,
BB_Arb_Aug2,0.019670411,Antopetitia,,,,,
BB_Arb_Aug2,0.008742405,Aralia,,,,,
BB_Arb_Aug2,0.004371203,Arctium,,,,,
BB_Arb_Aug2,0.002185601,Astilbe,,,,,
BB_Arb_Aug2,0.002185601,Audouinia,,,,,
BB_Arb_Aug2,0.004371203,Baliospermum,,,,,
BB_Arb_Aug2,0.002185601,Banisteriopsis,,,,,
BB_Arb_Aug2,0.008742405,Batopilasia,,,,,
BB_Arb_Aug2,0.089609652,Boltonia,,,,,
BB_Arb_Aug2,0.002185601,Bossiaea,,,,,
BB_Arb_Aug2,0.030598418,Brandisia,,,,,
BB_Arb_Aug2,0.006556804,Brassaiopsis,,,,,
BB_Arb_Aug2,0.002185601,Brunia,,,,,
BB_Arb_Aug2,0.004371203,Calliandra,,,,,
BB_Arb_Aug2,0.179219303,Canna,,,,,
BB_Arb_Aug2,3.49040521,Carduus,,,,,
BB_Arb_Aug2,0.002185601,Carpanthea,,,,,
BB_Arb_Aug2,0.004371203,Castanea,,,,,
BB_Arb_Aug2,0.004371203,Castelnavia,,,,,
BB_Arb_Aug2,0.061196835,Celastrus,,,,,
BB_Arb_Aug2,0.006556804,Centaurea,,,,,
BB_Arb_Aug2,0.004371203,Cephalanthus,,,,,
BB_Arb_Aug2,0.002185601,Chaerophyllum,,,,,
BB_Arb_Aug2,0.002185601,Chelidonium,,,,,
BB_Arb_Aug2,0.002185601,Chenolea,,,,,
BB_Arb_Aug2,0.013113608,Chloracantha,,,,,
BB_Arb_Aug2,0.002185601,Christisonia,,,,,
BB_Arb_Aug2,0.246972942,Cirsium,,,,,
BB_Arb_Aug2,0.002185601,Cladrastis,,,,,
BB_Arb_Aug2,0.002185601,Claytonia,,,,,
BB_Arb_Aug2,0.028412816,Clematis,,,,,
BB_Arb_Aug2,0.002185601,Cliftonia,,,,,
BB_Arb_Aug2,0.028412816,Clinopodium,,,,,
BB_Arb_Aug2,0.002185601,Coincya,,,,,
BB_Arb_Aug2,0.010928006,Colubrina,,,,,
BB_Arb_Aug2,0.004371203,Combretum,,,,,
BB_Arb_Aug2,0.002185601,Conoclinium,,,,,
BB_Arb_Aug2,0.013113608,Convolvulus,,,,,
BB_Arb_Aug2,0.002185601,Corchorus,,,,,
BB_Arb_Aug2,0.072124842,Coronilla,,,,,
BB_Arb_Aug2,0.002185601,Crotalaria,,,,,
BB_Arb_Aug2,0.002185601,Cylindropuntia,,,,,
BB_Arb_Aug2,0.006556804,Cynara,,,,,
BB_Arb_Aug2,0.085238449,Dendropanax,,,,,
BB_Arb_Aug2,0.137692879,Dipsacus,,,,,
BB_Arb_Aug2,0.002185601,Echium,,,,,
BB_Arb_Aug2,0.048083228,Eleutherococcus,,,,,
BB_Arb_Aug2,0.002185601,Elodea,,,,,
BB_Arb_Aug2,0.004371203,Erigeron,,,,,
BB_Arb_Aug2,0.002185601,Erysimum,,,,,
BB_Arb_Aug2,0.002185601,Erythrostemon,,,,,
BB_Arb_Aug2,0.004371203,Eupatorium,,,,,
BB_Arb_Aug2,0.006556804,Eurybia,,,,,
BB_Arb_Aug2,0.002185601,Euthamia,,,,,
BB_Arb_Aug2,0.002185601,Fatsia,,,,,
BB_Arb_Aug2,0.004371203,Ferula,,,,,
BB_Arb_Aug2,0.002185601,Ficus,,,,,
BB_Arb_Aug2,0.002185601,Forsythia,,,,,
BB_Arb_Aug2,0.002185601,Galatella,,,,,
BB_Arb_Aug2,0.002185601,Gamblea,,,,,
BB_Arb_Aug2,0.039340823,Gastrocotyle,,,,,
BB_Arb_Aug2,0.008742405,Geum,,,,,
BB_Arb_Aug2,0.002185601,Glandora,,,,,
BB_Arb_Aug2,0.008742405,Glechon,,,,,
BB_Arb_Aug2,0.008742405,Goodenia,,,,,
BB_Arb_Aug2,0.002185601,Gypsophila,,,,,
BB_Arb_Aug2,0.008742405,Harveya,,,,,
BB_Arb_Aug2,0.065568038,Hedera,,,,,
BB_Arb_Aug2,0.063382437,Helianthus,,,,,
BB_Arb_Aug2,0.002185601,Heliotropium,,,,,
BB_Arb_Aug2,0.002185601,Heptacodium,,,,,
BB_Arb_Aug2,0.002185601,Heterotheca,,,,,
BB_Arb_Aug2,0.004371203,Heuchera,,,,,
BB_Arb_Aug2,0.002185601,Hibiscus,,,,,
BB_Arb_Aug2,0.004371203,Hovenia,,,,,
BB_Arb_Aug2,0.002185601,Howellia,,,,,
BB_Arb_Aug2,25.93653014,Hydrangea,,,,,
BB_Arb_Aug2,0.030598418,Hydrocera,,,,,
BB_Arb_Aug2,0.002185601,Hylotelephium,,,,,
BB_Arb_Aug2,0.039340823,Hyobanche,,,,,
BB_Arb_Aug2,0.004371203,Hypericum,,,,,
BB_Arb_Aug2,1.47528085,Impatiens,,,,,
BB_Arb_Aug2,0.004371203,Ipomoea,,,,,
BB_Arb_Aug2,0.004371203,Ischaemum,,,,,
BB_Arb_Aug2,0.002185601,Ismene,,,,,
BB_Arb_Aug2,0.008742405,Ixiolaena,,,,,
BB_Arb_Aug2,0.004371203,Jacobaea,,,,,
BB_Arb_Aug2,0.002185601,Jatropha,,,,,
BB_Arb_Aug2,8.547886524,Kalopanax,,,,,
BB_Arb_Aug2,0.006556804,Klasea,,,,,
BB_Arb_Aug2,0.002185601,Koenigia,,,,,
BB_Arb_Aug2,0.002185601,Kohleria,,,,,
BB_Arb_Aug2,0.515801897,Kolkwitzia,,,,,
BB_Arb_Aug2,0.002185601,Lepisanthes,,,,,
BB_Arb_Aug2,0.002185601,Leucaena,,,,,
BB_Arb_Aug2,0.002185601,Leucogenes,,,,,
BB_Arb_Aug2,0.002185601,Leucosyris,,,,,
BB_Arb_Aug2,0.002185601,Linanthus,,,,,
BB_Arb_Aug2,0.393408227,Liriope,,,,,
BB_Arb_Aug2,0.002185601,Lithocarpus,,,,,
BB_Arb_Aug2,0.002185601,Lobelia,,,,,
BB_Arb_Aug2,0.002185601,Lonicera,,,,,
BB_Arb_Aug2,0.041526424,Lotus,,,,,
BB_Arb_Aug2,0.006556804,Lysipomia,,,,,
BB_Arb_Aug2,0.002185601,Machaeranthera,,,,,
BB_Arb_Aug2,0.004371203,Macropanax,,,,,
BB_Arb_Aug2,0.032784019,Magnolia,,,,,
BB_Arb_Aug2,0.002185601,Merrilliopanax,,,,,
BB_Arb_Aug2,0.002185601,Monactis,,,,,
BB_Arb_Aug2,0.010928006,Monotropa,,,,,
BB_Arb_Aug2,0.004371203,Myriophyllum,,,,,
BB_Arb_Aug2,0.032784019,Myrmeconauclea,,,,,
BB_Arb_Aug2,0.002185601,Nerisyrenia,,,,,
BB_Arb_Aug2,0.013113608,Nicotiana,,,,,
BB_Arb_Aug2,0.002185601,Noltea,,,,,
BB_Arb_Aug2,0.010928006,Nymphaea,,,,,
BB_Arb_Aug2,0.01748481,Oenothera,,,,,
BB_Arb_Aug2,0.002185601,Olearia,,,,,
BB_Arb_Aug2,0.08742405,Onosma,,,,,
BB_Arb_Aug2,0.002185601,Oocephalus,,,,,
BB_Arb_Aug2,0.002185601,Ophiopogon,,,,,
BB_Arb_Aug2,0.002185601,Oreocharis,,,,,
BB_Arb_Aug2,0.002185601,Oreostemma,,,,,
BB_Arb_Aug2,0.002185601,Origanum,,,,,
BB_Arb_Aug2,0.002185601,Osmoxylon,,,,,
BB_Arb_Aug2,0.002185601,Paliavana,,,,,
BB_Arb_Aug2,0.002185601,Panax,,,,,
BB_Arb_Aug2,0.002185601,Papaver,,,,,
BB_Arb_Aug2,0.002185601,Paradrymonia,,,,,
BB_Arb_Aug2,0.002185601,Parthenium,,,,,
BB_Arb_Aug2,0.002185601,Petradoria,,,,,
BB_Arb_Aug2,0.002185601,Phylica,,,,,
BB_Arb_Aug2,0.004371203,Physalis,,,,,
BB_Arb_Aug2,0.004371203,Physaria,,,,,
BB_Arb_Aug2,0.002185601,Phytolacca,,,,,
BB_Arb_Aug2,0.002185601,Pittosporum,,,,,
BB_Arb_Aug2,0.002185601,Planchonella,,,,,
BB_Arb_Aug2,0.006556804,Plantago,,,,,
BB_Arb_Aug2,0.002185601,Podolotus,,,,,
BB_Arb_Aug2,0.019670411,Polycnemum,,,,,
BB_Arb_Aug2,0.01748481,Polygonatum,,,,,
BB_Arb_Aug2,0.002185601,Polygonum,,,,,
BB_Arb_Aug2,0.002185601,Pravinaria,,,,,
BB_Arb_Aug2,0.008742405,Primula,,,,,
BB_Arb_Aug2,0.002185601,Prunus,,,,,
BB_Arb_Aug2,0.004371203,Psylliostachys,,,,,
BB_Arb_Aug2,0.002185601,Quercus,,,,,
BB_Arb_Aug2,0.010928006,Remya,,,,,
BB_Arb_Aug2,0.002185601,Rhinanthus,,,,,
BB_Arb_Aug2,0.002185601,Rhoiptelea,,,,,
BB_Arb_Aug2,0.004371203,Ribes,,,,,
BB_Arb_Aug2,0.002185601,Roigella,,,,,
BB_Arb_Aug2,0.002185601,Rosa,,,,,
BB_Arb_Aug2,0.008742405,Rubus,,,,,
BB_Arb_Aug2,0.006556804,Rudbeckia,,,,,
BB_Arb_Aug2,0.002185601,Salpiglossis,,,,,
BB_Arb_Aug2,0.002185601,Salsola,,,,,
BB_Arb_Aug2,0.002185601,Samolus,,,,,
BB_Arb_Aug2,0.072124842,Saussurea,,,,,
BB_Arb_Aug2,0.002185601,Saxifraga,,,,,
BB_Arb_Aug2,0.004371203,Scabiosa,,,,,
BB_Arb_Aug2,0.030598418,Scaevola,,,,,
BB_Arb_Aug2,0.002185601,Schefflera,,,,,
BB_Arb_Aug2,0.002185601,Schistocarpaea,,,,,
BB_Arb_Aug2,0.002185601,Schizachyrium,,,,,
BB_Arb_Aug2,16.11443808,Securigera,,,,,
BB_Arb_Aug2,0.002185601,Sedum,,,,,
BB_Arb_Aug2,0.004371203,Senecio,,,,,
BB_Arb_Aug2,0.015299209,Senegalia,,,,,
BB_Arb_Aug2,0.006556804,Senna,,,,,
BB_Arb_Aug2,0.002185601,Silphiodaucus,,,,,
BB_Arb_Aug2,0.004371203,Silphium,,,,,
BB_Arb_Aug2,0.002185601,Sinocrassula,,,,,
BB_Arb_Aug2,0.085238449,Solanum,,,,,
BB_Arb_Aug2,0.002185601,Solidago,,,,,
BB_Arb_Aug2,0.002185601,Spiraea,,,,,
BB_Arb_Aug2,0.002185601,Stigmaphyllon,,,,,
BB_Arb_Aug2,0.002185601,Suaeda,,,,,
BB_Arb_Aug2,1.027232592,Symphyotrichum,,,,,
BB_Arb_Aug2,0.006556804,Thapsia,,,,,
BB_Arb_Aug2,0.002185601,Tilia,,,,,
BB_Arb_Aug2,0.043712025,Trevesia,,,,,
BB_Arb_Aug2,0.008742405,Trichogonia,,,,,
BB_Arb_Aug2,0.008742405,Tzeltalia,,,,,
BB_Arb_Aug2,0.004371203,Vernonia,,,,,
BB_Arb_Aug2,0.026227215,Vitex,,,,,
BB_Arb_Aug2,0.004371203,Zostera,,,,,
BB_Colyer_Aug2,0.002309309,Acaena,,,,,
BB_Colyer_Aug2,0.002309309,Acantholepis,,,,,
BB_Colyer_Aug2,0.020783779,Agrimonia,,,,,
BB_Colyer_Aug2,0.002309309,Ainsliaea,,,,,
BB_Colyer_Aug2,0.002309309,Alphitonia,,,,,
BB_Colyer_Aug2,0.002309309,Amaranthus,,,,,
BB_Colyer_Aug2,0.034639632,Ambrosia,,,,,
BB_Colyer_Aug2,0.053114103,Amphiachyris,,,,,
BB_Colyer_Aug2,0.143177147,Amphoricarpos,,,,,
BB_Colyer_Aug2,0.002309309,Anagallis,,,,,
BB_Colyer_Aug2,0.0785165,Anemone,,,,,
BB_Colyer_Aug2,0.002309309,Anisopappus,,,,,
BB_Colyer_Aug2,0.004618618,Antennaria,,,,,
BB_Colyer_Aug2,0.270189132,Arctium,,,,,
BB_Colyer_Aug2,0.002309309,Arctotheca,,,,,
BB_Colyer_Aug2,0.006927926,Asclepias,,,,,
BB_Colyer_Aug2,0.009237235,Aster,,,,,
BB_Colyer_Aug2,0.018474471,Benitoa,,,,,
BB_Colyer_Aug2,0.006927926,Betula,,,,,
BB_Colyer_Aug2,0.011546544,Bidens,,,,,
BB_Colyer_Aug2,0.394891809,Bigelowia,,,,,
BB_Colyer_Aug2,0.004618618,Boltonia,,,,,
BB_Colyer_Aug2,11.36179941,Carduus,,,,,
BB_Colyer_Aug2,0.445696603,Carthamus,,,,,
BB_Colyer_Aug2,0.002309309,Castanea,,,,,
BB_Colyer_Aug2,0.002309309,Castelnavia,,,,,
BB_Colyer_Aug2,0.060042029,Celastrus,,,,,
BB_Colyer_Aug2,0.011546544,Celmisia,,,,,
BB_Colyer_Aug2,16.50463016,Centaurea,,,,,
BB_Colyer_Aug2,0.004618618,Chaetanthera,,,,,
BB_Colyer_Aug2,0.002309309,Chaetopappa,,,,,
BB_Colyer_Aug2,0.002309309,Chamaecrista,,,,,
BB_Colyer_Aug2,0.002309309,Cheirolophus,,,,,
BB_Colyer_Aug2,0.002309309,Chelidonium,,,,,
BB_Colyer_Aug2,0.027711706,Chelone,,,,,
BB_Colyer_Aug2,0.002309309,Chuquiraga,,,,,
BB_Colyer_Aug2,0.016165162,Cicer,,,,,
BB_Colyer_Aug2,0.006927926,Cichorium,,,,,
BB_Colyer_Aug2,15.90420987,Cirsium,,,,,
BB_Colyer_Aug2,0.036948941,Clematis,,,,,
BB_Colyer_Aug2,0.002309309,Coincya,,,,,
BB_Colyer_Aug2,0.004618618,Colubrina,,,,,
BB_Colyer_Aug2,0.002309309,Coreopsis,,,,,
BB_Colyer_Aug2,0.018474471,Coronilla,,,,,
BB_Colyer_Aug2,0.002309309,Crataegus,,,,,
BB_Colyer_Aug2,0.004618618,Crepis,,,,,
BB_Colyer_Aug2,0.030021015,Cuscuta,,,,,
BB_Colyer_Aug2,0.011546544,Cyanthillium,,,,,
BB_Colyer_Aug2,0.002309309,Cyathostegia,,,,,
BB_Colyer_Aug2,0.002309309,Cyclamen,,,,,
BB_Colyer_Aug2,0.159342309,Daucus,,,,,
BB_Colyer_Aug2,0.002309309,Digitaria,,,,,
BB_Colyer_Aug2,0.006927926,Diospyros,,,,,
BB_Colyer_Aug2,0.009237235,Diplostephium,,,,,
BB_Colyer_Aug2,0.083135118,Dipsacus,,,,,
BB_Colyer_Aug2,0.004618618,Dolichlasium,,,,,
BB_Colyer_Aug2,0.002309309,Dorstenia,,,,,
BB_Colyer_Aug2,0.002309309,Dubyaea,,,,,
BB_Colyer_Aug2,0.002309309,Echinops,,,,,
BB_Colyer_Aug2,0.011546544,Elaeagnus,,,,,
BB_Colyer_Aug2,0.004618618,Erechtites,,,,,
BB_Colyer_Aug2,0.009237235,Ericameria,,,,,
BB_Colyer_Aug2,0.351014941,Eupatorium,,,,,
BB_Colyer_Aug2,0.011546544,Euphrosyne,,,,,
BB_Colyer_Aug2,0.002309309,Eurybia,,,,,
BB_Colyer_Aug2,1.544927603,Euthamia,,,,,
BB_Colyer_Aug2,0.004618618,Eutrochium,,,,,
BB_Colyer_Aug2,0.002309309,Fatsia,,,,,
BB_Colyer_Aug2,0.002309309,Felicia,,,,,
BB_Colyer_Aug2,0.025402397,Forsythia,,,,,
BB_Colyer_Aug2,0.002309309,Frullania,,,,,
BB_Colyer_Aug2,0.011546544,Galatella,,,,,
BB_Colyer_Aug2,0.025402397,Geranium,,,,,
BB_Colyer_Aug2,0.053114103,Gleditsia,,,,,
BB_Colyer_Aug2,0.050804794,Grindelia,,,,,
BB_Colyer_Aug2,0.002309309,Gundlachia,,,,,
BB_Colyer_Aug2,0.025402397,Gutierrezia,,,,,
BB_Colyer_Aug2,0.006927926,Gymnosperma,,,,,
BB_Colyer_Aug2,0.002309309,Hanburia,,,,,
BB_Colyer_Aug2,0.034639632,Helianthus,,,,,
BB_Colyer_Aug2,0.016165162,Hesperis,,,,,
BB_Colyer_Aug2,0.034639632,Heterotheca,,,,,
BB_Colyer_Aug2,0.002309309,Howellia,,,,,
BB_Colyer_Aug2,0.002309309,Hullsia,,,,,
BB_Colyer_Aug2,0.002309309,Hydnophytum,,,,,
BB_Colyer_Aug2,0.018474471,Hydrangea,,,,,
BB_Colyer_Aug2,0.115465441,Hydrocera,,,,,
BB_Colyer_Aug2,0.002309309,Hymenaea,,,,,
BB_Colyer_Aug2,0.018474471,Hyoscyamus,,,,,
BB_Colyer_Aug2,14.69413205,Impatiens,,,,,
BB_Colyer_Aug2,0.004618618,Inula,,,,,
BB_Colyer_Aug2,0.011546544,Ionactis,,,,,
BB_Colyer_Aug2,0.002309309,Ixiolaena,,,,,
BB_Colyer_Aug2,0.027711706,Jacobaea,,,,,
BB_Colyer_Aug2,0.002309309,Jacquemontia,,,,,
BB_Colyer_Aug2,0.002309309,Juglans,,,,,
BB_Colyer_Aug2,0.020783779,Katinasia,,,,,
BB_Colyer_Aug2,0.025402397,Klasea,,,,,
BB_Colyer_Aug2,0.006927926,Koanophyllon,,,,,
BB_Colyer_Aug2,0.002309309,Kostermanthus,,,,,
BB_Colyer_Aug2,0.016165162,Lactuca,,,,,
BB_Colyer_Aug2,0.011546544,Lagenophora,,,,,
BB_Colyer_Aug2,0.002309309,Lecocarpus,,,,,
BB_Colyer_Aug2,0.002309309,Leonurus,,,,,
BB_Colyer_Aug2,0.002309309,Leptinella,,,,,
BB_Colyer_Aug2,0.002309309,Leucanthemum,,,,,
BB_Colyer_Aug2,0.002309309,Leucocroton,,,,,
BB_Colyer_Aug2,0.011546544,Leucogenes,,,,,
BB_Colyer_Aug2,0.009237235,Liriodendron,,,,,
BB_Colyer_Aug2,0.002309309,Lobelia,,,,,
BB_Colyer_Aug2,0.004618618,Lonicera,,,,,
BB_Colyer_Aug2,0.020783779,Lotus,,,,,
BB_Colyer_Aug2,0.004618618,Lysipomia,,,,,
BB_Colyer_Aug2,0.002309309,Macaranga,,,,,
BB_Colyer_Aug2,0.002309309,Macropodina,,,,,
BB_Colyer_Aug2,0.006927926,Magnoliophyta,,,,,
BB_Colyer_Aug2,0.004618618,Marah,,,,,
BB_Colyer_Aug2,0.002309309,Maytenus,,,,,
BB_Colyer_Aug2,0.002309309,Metalasia,,,,,
BB_Colyer_Aug2,0.002309309,Microseris,,,,,
BB_Colyer_Aug2,0.011546544,Molinia,,,,,
BB_Colyer_Aug2,0.129321294,Monoptilon,,,,,
BB_Colyer_Aug2,0.002309309,Muehlenbeckia,,,,,
BB_Colyer_Aug2,0.004618618,Myrmeconauclea,,,,,
BB_Colyer_Aug2,0.004618618,Myrsine,,,,,
BB_Colyer_Aug2,0.002309309,Nassauvia,,,,,
BB_Colyer_Aug2,0.002309309,Nepeta,,,,,
BB_Colyer_Aug2,0.004618618,Nestotus,,,,,
BB_Colyer_Aug2,0.002309309,Nicotiana,,,,,
BB_Colyer_Aug2,0.002309309,Nyssa,,,,,
BB_Colyer_Aug2,0.004618618,Oenothera,,,,,
BB_Colyer_Aug2,0.161651618,Olearia,,,,,
BB_Colyer_Aug2,0.023093088,Onosma,,,,,
BB_Colyer_Aug2,0.002309309,Oxytropis,,,,,
BB_Colyer_Aug2,0.004618618,Parthenium,,,,,
BB_Colyer_Aug2,0.090063044,Penstemon,,,,,
BB_Colyer_Aug2,0.237858809,Persicaria,,,,,
BB_Colyer_Aug2,0.956053853,Petradoria,,,,,
BB_Colyer_Aug2,0.006927926,Physalis,,,,,
BB_Colyer_Aug2,0.009237235,Phytolacca,,,,,
BB_Colyer_Aug2,0.004618618,Piofontia,,,,,
BB_Colyer_Aug2,0.002309309,Pippenalia,,,,,
BB_Colyer_Aug2,0.027711706,Plantago,,,,,
BB_Colyer_Aug2,0.004618618,Pleiocarpidia,,,,,
BB_Colyer_Aug2,0.027711706,Polygonum,,,,,
BB_Colyer_Aug2,0.011546544,Potamogeton,,,,,
BB_Colyer_Aug2,0.006927926,Potentilla,,,,,
BB_Colyer_Aug2,0.002309309,Prasoxylon,,,,,
BB_Colyer_Aug2,0.002309309,Praxelis,,,,,
BB_Colyer_Aug2,0.048495485,Primula,,,,,
BB_Colyer_Aug2,0.016165162,Prunus,,,,,
BB_Colyer_Aug2,0.002309309,Psacalium,,,,,
BB_Colyer_Aug2,0.002309309,Quercus,,,,,
BB_Colyer_Aug2,0.101609588,Remya,,,,,
BB_Colyer_Aug2,0.438768677,Rhaponticum,,,,,
BB_Colyer_Aug2,0.009237235,Roldana,,,,,
BB_Colyer_Aug2,0.023093088,Rosa,,,,,
BB_Colyer_Aug2,0.020783779,Rubus,,,,,
BB_Colyer_Aug2,0.023093088,Salix,,,,,
BB_Colyer_Aug2,4.359975059,Saussurea,,,,,
BB_Colyer_Aug2,0.004618618,Saxifraga,,,,,
BB_Colyer_Aug2,0.009237235,Scabiosa,,,,,
BB_Colyer_Aug2,0.002309309,Scaevola,,,,,
BB_Colyer_Aug2,0.002309309,Schizocarpum,,,,,
BB_Colyer_Aug2,0.002309309,Schlechtendalia,,,,,
BB_Colyer_Aug2,3.604831074,Securigera,,,,,
BB_Colyer_Aug2,0.027711706,Senecio,,,,,
BB_Colyer_Aug2,0.004618618,Setaria,,,,,
BB_Colyer_Aug2,0.68817403,Solanum,,,,,
BB_Colyer_Aug2,14.38006605,Solidago,,,,,
BB_Colyer_Aug2,0.002309309,Stenachaenium,,,,,
BB_Colyer_Aug2,0.006927926,Stenotus,,,,,
BB_Colyer_Aug2,0.020783779,Symphyotrichum,,,,,
BB_Colyer_Aug2,0.103918897,Taraxacum,,,,,
BB_Colyer_Aug2,0.002309309,Tetraneuris,,,,,
BB_Colyer_Aug2,0.006927926,Toxicodendron,,,,,
BB_Colyer_Aug2,0.002309309,Trevesia,,,,,
BB_Colyer_Aug2,10.62282059,Trifolium,,,,,
BB_Colyer_Aug2,0.002309309,Tripteris,,,,,
BB_Colyer_Aug2,0.002309309,Trymatococcus,,,,,
BB_Colyer_Aug2,0.002309309,Urophyllum,,,,,
BB_Colyer_Aug2,0.002309309,Urospermum,,,,,
BB_Colyer_Aug2,0.018474471,Urtica,,,,,
BB_Colyer_Aug2,0.004618618,Verbena,,,,,
BB_Colyer_Aug2,0.281735677,Vernonia,,,,,
BB_Colyer_Aug2,0.002309309,Xeroderris,,,,,
BB_Colyer_Aug2,0.251714662,Xylothamia,,,,,
BB_Hyner_Aug2,0.003790032,Acanthocalyx,,,,,
BB_Hyner_Aug2,0.003790032,Aeginetia,,,,,
BB_Hyner_Aug2,0.001895016,Aesculus,,,,,
BB_Hyner_Aug2,1.442107258,Ageratina,,,,,
BB_Hyner_Aug2,0.005685048,Aglaia,,,,,
BB_Hyner_Aug2,0.013265113,Agoseris,,,,,
BB_Hyner_Aug2,0.001895016,Alectra,,,,,
BB_Hyner_Aug2,0.007580064,Alyssum,,,,,
BB_Hyner_Aug2,0.073905628,Ambrosia,,,,,
BB_Hyner_Aug2,0.293727497,Amphiachyris,,,,,
BB_Hyner_Aug2,0.001895016,Amphidasya,,,,,
BB_Hyner_Aug2,0.037900322,Amphoricarpos,,,,,
BB_Hyner_Aug2,0.001895016,Anaphalis,,,,,
BB_Hyner_Aug2,0.001895016,Anisopappus,,,,,
BB_Hyner_Aug2,0.001895016,Antennaria,,,,,
BB_Hyner_Aug2,0.001895016,Aphanostephus,,,,,
BB_Hyner_Aug2,0.007580064,Arabidopsis,,,,,
BB_Hyner_Aug2,0.001895016,Arabis,,,,,
BB_Hyner_Aug2,0.001895016,Archibaccharis,,,,,
BB_Hyner_Aug2,0.155391321,Arctium,,,,,
BB_Hyner_Aug2,0.001895016,Aspidopterys,,,,,
BB_Hyner_Aug2,0.003790032,Aster,,,,,
BB_Hyner_Aug2,0.026530226,Astilbe,,,,,
BB_Hyner_Aug2,0.005685048,Baliospermum,,,,,
BB_Hyner_Aug2,0.001895016,Banisteriopsis,,,,,
BB_Hyner_Aug2,0.047375403,Benitoa,,,,,
BB_Hyner_Aug2,0.001895016,Berardia,,,,,
BB_Hyner_Aug2,0.005685048,Betula,,,,,
BB_Hyner_Aug2,0.003790032,Bidens,,,,,
BB_Hyner_Aug2,2.897479629,Bigelowia,,,,,
BB_Hyner_Aug2,0.003790032,Blakiella,,,,,
BB_Hyner_Aug2,0.001895016,Blumea,,,,,
BB_Hyner_Aug2,0.001895016,Blumeopsis,,,,,
BB_Hyner_Aug2,0.001895016,Bornmuellera,,,,,
BB_Hyner_Aug2,0.001895016,Brandisia,,,,,
BB_Hyner_Aug2,34.39075232,Brassica,,,,,
BB_Hyner_Aug2,0.001895016,Brunia,,,,,
BB_Hyner_Aug2,0.003790032,Burkartia,,,,,
BB_Hyner_Aug2,0.060640515,Bursera,,,,,
BB_Hyner_Aug2,0.001895016,Calotis,,,,,
BB_Hyner_Aug2,0.003790032,Cardamine,,,,,
BB_Hyner_Aug2,0.998673489,Carduus,,,,,
BB_Hyner_Aug2,0.140231192,Carthamus,,,,,
BB_Hyner_Aug2,0.001895016,Castilleja,,,,,
BB_Hyner_Aug2,0.009475081,Caulanthus,,,,,
BB_Hyner_Aug2,0.045480387,Celastrus,,,,,
BB_Hyner_Aug2,0.001895016,Celmisia,,,,,
BB_Hyner_Aug2,13.28785295,Centaurea,,,,,
BB_Hyner_Aug2,0.003790032,Ceratocnemum,,,,,
BB_Hyner_Aug2,0.005685048,Chaetopappa,,,,,
BB_Hyner_Aug2,0.001895016,Chiliophyllum,,,,,
BB_Hyner_Aug2,0.007580064,Christisonia,,,,,
BB_Hyner_Aug2,0.001895016,Chrysactinia,,,,,
BB_Hyner_Aug2,0.001895016,Chrysopsis,,,,,
BB_Hyner_Aug2,0.001895016,Chrysothamnus,,,,,
BB_Hyner_Aug2,0.001895016,Cinnamosma,,,,,
BB_Hyner_Aug2,1.893121092,Cirsium,,,,,
BB_Hyner_Aug2,0.054955467,Clinopodium,,,,,
BB_Hyner_Aug2,0.003790032,Clusia,,,,,
BB_Hyner_Aug2,10.46048891,Coincya,,,,,
BB_Hyner_Aug2,0.001895016,Colubrina,,,,,
BB_Hyner_Aug2,0.007580064,Combretum,,,,,
BB_Hyner_Aug2,0.001895016,Conringia,,,,,
BB_Hyner_Aug2,0.001895016,Convolvulus,,,,,
BB_Hyner_Aug2,0.001895016,Conyza,,,,,
BB_Hyner_Aug2,0.001895016,Corydalis,,,,,
BB_Hyner_Aug2,0.003790032,Crambe,,,,,
BB_Hyner_Aug2,0.001895016,Craspedia,,,,,
BB_Hyner_Aug2,0.003790032,Crepis,,,,,
BB_Hyner_Aug2,0.001895016,Croptilon,,,,,
BB_Hyner_Aug2,0.005685048,Croton,,,,,
BB_Hyner_Aug2,0.001895016,Cusickiella,,,,,
BB_Hyner_Aug2,0.007580064,Cyclamen,,,,,
BB_Hyner_Aug2,0.001895016,Cynara,,,,,
BB_Hyner_Aug2,0.001895016,Cyphocardamum,,,,,
BB_Hyner_Aug2,0.183816562,Daucus,,,,,
BB_Hyner_Aug2,0.001895016,Degenia,,,,,
BB_Hyner_Aug2,0.013265113,Diplostephium,,,,,
BB_Hyner_Aug2,0.028425242,Diplotaxis,,,,,
BB_Hyner_Aug2,0.001895016,Dipoma,,,,,
BB_Hyner_Aug2,0.001895016,Dipsacus,,,,,
BB_Hyner_Aug2,0.007580064,Doellingeria,,,,,
BB_Hyner_Aug2,0.001895016,Dolomiaea,,,,,
BB_Hyner_Aug2,0.001895016,Doronicum,,,,,
BB_Hyner_Aug2,0.005685048,Draba,,,,,
BB_Hyner_Aug2,0.011370097,Dubyaea,,,,,
BB_Hyner_Aug2,0.015160129,Elaeagnus,,,,,
BB_Hyner_Aug2,0.001895016,Eleutherococcus,,,,,
BB_Hyner_Aug2,0.001895016,Embelia,,,,,
BB_Hyner_Aug2,0.001895016,Erechtites,,,,,
BB_Hyner_Aug2,0.070115596,Ericameria,,,,,
BB_Hyner_Aug2,0.005685048,Erigeron,,,,,
BB_Hyner_Aug2,0.144021224,Eruca,,,,,
BB_Hyner_Aug2,0.001895016,Erucastrum,,,,,
BB_Hyner_Aug2,0.269092287,Erysimum,,,,,
BB_Hyner_Aug2,0.001895016,Eucephalus,,,,,
BB_Hyner_Aug2,0.064430548,Euphrosyne,,,,,
BB_Hyner_Aug2,6.331248816,Euthamia,,,,,
BB_Hyner_Aug2,0.007580064,Eutrema,,,,,
BB_Hyner_Aug2,0.483229107,Fallopia,,,,,
BB_Hyner_Aug2,0.020845177,Fatsia,,,,,
BB_Hyner_Aug2,0.005685048,Felicia,,,,,
BB_Hyner_Aug2,0.001895016,Fibigia,,,,,
BB_Hyner_Aug2,0.001895016,Forstera,,,,,
BB_Hyner_Aug2,0.03411029,Forsythia,,,,,
BB_Hyner_Aug2,0.198976691,Fortuynia,,,,,
BB_Hyner_Aug2,0.469963995,Fourraea,,,,,
BB_Hyner_Aug2,0.001895016,Galagania,,,,,
BB_Hyner_Aug2,0.003790032,Galatella,,,,,
BB_Hyner_Aug2,0.001895016,Geranium,,,,,
BB_Hyner_Aug2,0.001895016,Glandularia,,,,,
BB_Hyner_Aug2,0.001895016,Gleditsia,,,,,
BB_Hyner_Aug2,0.032215274,Gochnatia,,,,,
BB_Hyner_Aug2,0.017055145,Goodenia,,,,,
BB_Hyner_Aug2,0.056850483,Grindelia,,,,,
BB_Hyner_Aug2,0.009475081,Guiraoa,,,,,
BB_Hyner_Aug2,0.001895016,Gundlachia,,,,,
BB_Hyner_Aug2,0.138336176,Gutierrezia,,,,,
BB_Hyner_Aug2,0.001895016,Gymnodiscus,,,,,
BB_Hyner_Aug2,0.017055145,Gymnosperma,,,,,
BB_Hyner_Aug2,0.03411029,Halimolobos,,,,,
BB_Hyner_Aug2,0.005685048,Haplocarpha,,,,,
BB_Hyner_Aug2,0.001895016,Hedera,,,,,
BB_Hyner_Aug2,0.001895016,Helianthus,,,,,
BB_Hyner_Aug2,0.001895016,Hemilophia,,,,,
BB_Hyner_Aug2,0.001895016,Hemisteptia,,,,,
BB_Hyner_Aug2,0.001895016,Henriettea,,,,,
BB_Hyner_Aug2,0.178131514,Heterotheca,,,,,
BB_Hyner_Aug2,0.001895016,Hibiscus,,,,,
BB_Hyner_Aug2,0.007580064,Holocarpha,,,,,
BB_Hyner_Aug2,0.003790032,Howellia,,,,,
BB_Hyner_Aug2,0.001895016,Hymenaea,,,,,
BB_Hyner_Aug2,0.001895016,Hyobanche,,,,,
BB_Hyner_Aug2,0.007580064,Hypericum,,,,,
BB_Hyner_Aug2,0.003790032,Hypochaeris,,,,,
BB_Hyner_Aug2,0.001895016,Ihsanalshehbazia,,,,,
BB_Hyner_Aug2,0.001895016,Impatiens,,,,,
BB_Hyner_Aug2,0.003790032,Ionactis,,,,,
BB_Hyner_Aug2,0.001895016,Ischaemum,,,,,
BB_Hyner_Aug2,0.001895016,Ixiochlamys,,,,,
BB_Hyner_Aug2,0.009475081,Jacobaea,,,,,
BB_Hyner_Aug2,0.003790032,Jasminum,,,,,
BB_Hyner_Aug2,0.001895016,Junellia,,,,,
BB_Hyner_Aug2,0.047375403,Katinasia,,,,,
BB_Hyner_Aug2,0.041690354,Klasea,,,,,
BB_Hyner_Aug2,0.001895016,Kohleria,,,,,
BB_Hyner_Aug2,0.519234413,Lactuca,,,,,
BB_Hyner_Aug2,0.018950161,Lagenophora,,,,,
BB_Hyner_Aug2,0.001895016,Lasiocroton,,,,,
BB_Hyner_Aug2,0.009475081,Lepidium,,,,,
BB_Hyner_Aug2,3.623270798,Linaria,,,,,
BB_Hyner_Aug2,0.001895016,Lonicera,,,,,
BB_Hyner_Aug2,0.001895016,Lopezia,,,,,
BB_Hyner_Aug2,0.007580064,Lotus,,,,,
BB_Hyner_Aug2,0.001895016,Lysipomia,,,,,
BB_Hyner_Aug2,0.308887626,Magnoliophyta,,,,,
BB_Hyner_Aug2,0.001895016,Magoniella,,,,,
BB_Hyner_Aug2,0.001895016,Matthiola,,,,,
BB_Hyner_Aug2,0.007580064,Matudaea,,,,,
BB_Hyner_Aug2,0.001895016,Melampodium,,,,,
BB_Hyner_Aug2,0.001895016,Melilotus,,,,,
BB_Hyner_Aug2,0.005685048,Menodora,,,,,
BB_Hyner_Aug2,0.001895016,Mikania,,,,,
BB_Hyner_Aug2,0.151601289,Monoptilon,,,,,
BB_Hyner_Aug2,1.311351146,Mostacillastrum,,,,,
BB_Hyner_Aug2,0.049270419,Muehlenbeckia,,,,,
BB_Hyner_Aug2,0.003790032,Mutisia,,,,,
BB_Hyner_Aug2,0.022740193,Myriophyllum,,,,,
BB_Hyner_Aug2,0.001895016,Myrmeconauclea,,,,,
BB_Hyner_Aug2,0.001895016,Nannoglottis,,,,,
BB_Hyner_Aug2,0.036005306,Nasturtiopsis,,,,,
BB_Hyner_Aug2,0.001895016,Nasturtium,,,,,
BB_Hyner_Aug2,0.005685048,Nicotiana,,,,,
BB_Hyner_Aug2,0.001895016,Nolletia,,,,,
BB_Hyner_Aug2,0.007580064,Noltea,,,,,
BB_Hyner_Aug2,0.003790032,Ochthodium,,,,,
BB_Hyner_Aug2,0.202766724,Olearia,,,,,
BB_Hyner_Aug2,0.005685048,Pachycladon,,,,,
BB_Hyner_Aug2,0.001895016,Papaver,,,,,
BB_Hyner_Aug2,0.020845177,Pedicularis,,,,,
BB_Hyner_Aug2,0.443433769,Petradoria,,,,,
BB_Hyner_Aug2,0.001895016,Phaseolus,,,,,
BB_Hyner_Aug2,0.003790032,Phonus,,,,,
BB_Hyner_Aug2,0.001895016,Phyllanthus,,,,,
BB_Hyner_Aug2,0.001895016,Physalis,,,,,
BB_Hyner_Aug2,0.001895016,Physaria,,,,,
BB_Hyner_Aug2,0.001895016,Pilosella,,,,,
BB_Hyner_Aug2,0.011370097,Pimelea,,,,,
BB_Hyner_Aug2,0.003790032,Piofontia,,,,,
BB_Hyner_Aug2,0.629145348,Plantago,,,,,
BB_Hyner_Aug2,0.001895016,Polyscias,,,,,
BB_Hyner_Aug2,0.001895016,Portulaca,,,,,
BB_Hyner_Aug2,0.001895016,Prunus,,,,,
BB_Hyner_Aug2,0.003790032,Pseudoturritis,,,,,
BB_Hyner_Aug2,0.001895016,Psychotria,,,,,
BB_Hyner_Aug2,0.001895016,Psylliostachys,,,,,
BB_Hyner_Aug2,0.036005306,Raphanus,,,,,
BB_Hyner_Aug2,0.056850483,Remya,,,,,
BB_Hyner_Aug2,0.007580064,Rhammatophyllum,,,,,
BB_Hyner_Aug2,0.233086981,Rhaponticum,,,,,
BB_Hyner_Aug2,0.001895016,Rhynchocorys,,,,,
BB_Hyner_Aug2,0.003790032,Richterago,,,,,
BB_Hyner_Aug2,0.001895016,Robinia,,,,,
BB_Hyner_Aug2,0.001895016,Roldana,,,,,
BB_Hyner_Aug2,0.005685048,Rubus,,,,,
BB_Hyner_Aug2,0.001895016,Ruellia,,,,,
BB_Hyner_Aug2,0.011370097,Russelia,,,,,
BB_Hyner_Aug2,0.001895016,Sachsia,,,,,
BB_Hyner_Aug2,0.005685048,Salix,,,,,
BB_Hyner_Aug2,1.618343756,Saussurea,,,,,
BB_Hyner_Aug2,0.003790032,Saxifraga,,,,,
BB_Hyner_Aug2,0.001895016,Scaevola,,,,,
BB_Hyner_Aug2,0.001895016,Schlechtendalia,,,,,
BB_Hyner_Aug2,0.001895016,Schoenus,,,,,
BB_Hyner_Aug2,0.001895016,Scrophularia,,,,,
BB_Hyner_Aug2,0.028425242,Securigera,,,,,
BB_Hyner_Aug2,0.047375403,Senecio,,,,,
BB_Hyner_Aug2,0.001895016,Senegalia,,,,,
BB_Hyner_Aug2,0.017055145,Sibara,,,,,
BB_Hyner_Aug2,0.070115596,Sibaropsis,,,,,
BB_Hyner_Aug2,0.001895016,Sidalcea,,,,,
BB_Hyner_Aug2,0.257722191,Silene,,,,,
BB_Hyner_Aug2,0.001895016,Silybum,,,,,
BB_Hyner_Aug2,0.003790032,Sinalliaria,,,,,
BB_Hyner_Aug2,0.032215274,Sinapis,,,,,
BB_Hyner_Aug2,0.001895016,Sinocrassula,,,,,
BB_Hyner_Aug2,0.028425242,Solanum,,,,,
BB_Hyner_Aug2,14.07996968,Solidago,,,,,
BB_Hyner_Aug2,0.005685048,Spergularia,,,,,
BB_Hyner_Aug2,0.001895016,Stellera,,,,,
BB_Hyner_Aug2,0.009475081,Stenotus,,,,,
BB_Hyner_Aug2,0.001895016,Stephanomeria,,,,,
BB_Hyner_Aug2,0.017055145,Streptanthus,,,,,
BB_Hyner_Aug2,0.024635209,Succowia,,,,,
BB_Hyner_Aug2,0.001895016,Telanthophora,,,,,
BB_Hyner_Aug2,0.001895016,Tetramolopium,,,,,
BB_Hyner_Aug2,0.003790032,Teucrium,,,,,
BB_Hyner_Aug2,0.001895016,Thysanocarpus,,,,,
BB_Hyner_Aug2,0.001895016,Toxicodendron,,,,,
BB_Hyner_Aug2,0.011370097,Trachystoma,,,,,
BB_Hyner_Aug2,0.001895016,Trifolium,,,,,
BB_Hyner_Aug2,0.001895016,Triumfetta,,,,,
BB_Hyner_Aug2,0.005685048,Tzeltalia,,,,,
BB_Hyner_Aug2,0.001895016,Urmenetea,,,,,
BB_Hyner_Aug2,0.001895016,Urophyllum,,,,,
BB_Hyner_Aug2,0.007580064,Urospermum,,,,,
BB_Hyner_Aug2,0.005685048,Verbesina,,,,,
BB_Hyner_Aug2,0.007580064,Veronica,,,,,
BB_Hyner_Aug2,0.001895016,Vigna,,,,,
BB_Hyner_Aug2,0.005685048,Viscaria,,,,,
BB_Hyner_Aug2,0.005685048,Warea,,,,,
BB_Hyner_Aug2,0.267197271,Xylothamia,,,,,
BB_Hyner_Aug2,0.011370097,Zahora,,,,,
HB_Arb_Aug2,0.002985609,Abrotanella,,,,,
HB_Arb_Aug2,0.002985609,Achimenes,,,,,
HB_Arb_Aug2,0.002985609,Acleisanthes,,,,,
HB_Arb_Aug2,0.002985609,Ammannia,,,,,
HB_Arb_Aug2,0.062697797,Amphiachyris,,,,,
HB_Arb_Aug2,0.002985609,Amphoricarpos,,,,,
HB_Arb_Aug2,0.002985609,Androsace,,,,,
HB_Arb_Aug2,37.02454171,Anemone,,,,,
HB_Arb_Aug2,0.005971219,Astilbe,,,,,
HB_Arb_Aug2,0.002985609,Atocion,,,,,
HB_Arb_Aug2,0.002985609,Aucuba,,,,,
HB_Arb_Aug2,0.002985609,Baliospermum,,,,,
HB_Arb_Aug2,0.002985609,Banisteriopsis,,,,,
HB_Arb_Aug2,0.005971219,Batopilasia,,,,,
HB_Arb_Aug2,0.005971219,Bauhinia,,,,,
HB_Arb_Aug2,0.017913656,Benitoa,,,,,
HB_Arb_Aug2,0.002985609,Bidens,,,,,
HB_Arb_Aug2,1.468919807,Bigelowia,,,,,
HB_Arb_Aug2,0.002985609,Blumeopsis,,,,,
HB_Arb_Aug2,0.002985609,Bocoa,,,,,
HB_Arb_Aug2,13.41434287,Boltonia,,,,,
HB_Arb_Aug2,0.005971219,Bossiaea,,,,,
HB_Arb_Aug2,0.008956828,Brachyglottis,,,,,
HB_Arb_Aug2,0.023884875,Brandisia,,,,,
HB_Arb_Aug2,0.002985609,Brassaiopsis,,,,,
HB_Arb_Aug2,0.005971219,Brassica,,,,,
HB_Arb_Aug2,0.002985609,Brunfelsia,,,,,
HB_Arb_Aug2,0.002985609,Calliandra,,,,,
HB_Arb_Aug2,0.002985609,Calystegia,,,,,
HB_Arb_Aug2,0.005971219,Canna,,,,,
HB_Arb_Aug2,5.684600227,Carduus,,,,,
HB_Arb_Aug2,0.002985609,Carpanthea,,,,,
HB_Arb_Aug2,0.014928047,Castanea,,,,,
HB_Arb_Aug2,0.002985609,Catesbaea,,,,,
HB_Arb_Aug2,0.146294859,Celastrus,,,,,
HB_Arb_Aug2,0.002985609,Centaurea,,,,,
HB_Arb_Aug2,0.002985609,Chaetopappa,,,,,
HB_Arb_Aug2,0.005971219,Chenopodium,,,,,
HB_Arb_Aug2,4.478414044,Chloracantha,,,,,
HB_Arb_Aug2,0.026870484,Cicer,,,,,
HB_Arb_Aug2,0.017913656,Cirsium,,,,,
HB_Arb_Aug2,0.062697797,Clematis,,,,,
HB_Arb_Aug2,0.005971219,Combretum,,,,,
HB_Arb_Aug2,0.026870484,Convolvulus,,,,,
HB_Arb_Aug2,0.002985609,Crataegus,,,,,
HB_Arb_Aug2,0.002985609,Cuscuta,,,,,
HB_Arb_Aug2,0.002985609,Cyathocline,,,,,
HB_Arb_Aug2,0.026870484,Cyclamen,,,,,
HB_Arb_Aug2,0.002985609,Cynara,,,,,
HB_Arb_Aug2,0.002985609,Datura,,,,,
HB_Arb_Aug2,0.005971219,Dieteria,,,,,
HB_Arb_Aug2,0.005971219,Diplostephium,,,,,
HB_Arb_Aug2,0.56428017,Dipsacus,,,,,
HB_Arb_Aug2,0.002985609,Duabanga,,,,,
HB_Arb_Aug2,0.002985609,Duhaldea,,,,,
HB_Arb_Aug2,0.002985609,Echinacea,,,,,
HB_Arb_Aug2,0.038812922,Elaeagnus,,,,,
HB_Arb_Aug2,0.005971219,Elephantopus,,,,,
HB_Arb_Aug2,0.002985609,Eleutherococcus,,,,,
HB_Arb_Aug2,0.644891622,Erigeron,,,,,
HB_Arb_Aug2,0.002985609,Euonymus,,,,,
HB_Arb_Aug2,0.014928047,Eupatorium,,,,,
HB_Arb_Aug2,0.023884875,Eurybia,,,,,
HB_Arb_Aug2,0.785215262,Euthamia,,,,,
HB_Arb_Aug2,0.002985609,Eutrochium,,,,,
HB_Arb_Aug2,0.002985609,Fatsia,,,,,
HB_Arb_Aug2,0.005971219,Foeniculum,,,,,
HB_Arb_Aug2,0.04776975,Forsythia,,,,,
HB_Arb_Aug2,0.002985609,Galatella,,,,,
HB_Arb_Aug2,0.059712187,Gastrocotyle,,,,,
HB_Arb_Aug2,0.002985609,Gerbera,,,,,
HB_Arb_Aug2,0.002985609,Gleditsia,,,,,
HB_Arb_Aug2,0.008956828,Goodenia,,,,,
HB_Arb_Aug2,0.023884875,Grindelia,,,,,
HB_Arb_Aug2,0.002985609,Gundlachia,,,,,
HB_Arb_Aug2,0.071654625,Gutierrezia,,,,,
HB_Arb_Aug2,0.005971219,Gymnosperma,,,,,
HB_Arb_Aug2,0.020899266,Harveya,,,,,
HB_Arb_Aug2,0.002985609,Hedera,,,,,
HB_Arb_Aug2,0.04478414,Helianthus,,,,,
HB_Arb_Aug2,0.002985609,Heliomeris,,,,,
HB_Arb_Aug2,0.005971219,Helleborus,,,,,
HB_Arb_Aug2,0.002985609,Heterosperma,,,,,
HB_Arb_Aug2,0.083597062,Heterotheca,,,,,
HB_Arb_Aug2,0.002985609,Hibiscus,,,,,
HB_Arb_Aug2,0.005971219,Horovitzia,,,,,
HB_Arb_Aug2,0.005971219,Howellia,,,,,
HB_Arb_Aug2,0.002985609,Hullsia,,,,,
HB_Arb_Aug2,23.70573834,Hydrangea,,,,,
HB_Arb_Aug2,0.026870484,Hyobanche,,,,,
HB_Arb_Aug2,0.008956828,Impatiens,,,,,
HB_Arb_Aug2,0.008956828,Ionactis,,,,,
HB_Arb_Aug2,0.002985609,Ipomoea,,,,,
HB_Arb_Aug2,0.002985609,Iranecio,,,,,
HB_Arb_Aug2,0.062697797,Ixiolaena,,,,,
HB_Arb_Aug2,0.011942437,Jacobaea,,,,,
HB_Arb_Aug2,0.008956828,Juglans,,,,,
HB_Arb_Aug2,0.098525109,Kalopanax,,,,,
HB_Arb_Aug2,0.035827312,Katinasia,,,,,
HB_Arb_Aug2,0.002985609,Kippistia,,,,,
HB_Arb_Aug2,0.017913656,Klasea,,,,,
HB_Arb_Aug2,0.035827312,Knautia,,,,,
HB_Arb_Aug2,0.008956828,Lagenophora,,,,,
HB_Arb_Aug2,0.002985609,Lagochilus,,,,,
HB_Arb_Aug2,0.002985609,Leontopodium,,,,,
HB_Arb_Aug2,0.005971219,Leucosyris,,,,,
HB_Arb_Aug2,0.002985609,Lonicera,,,,,
HB_Arb_Aug2,0.002985609,Lotus,,,,,
HB_Arb_Aug2,0.017913656,Lysipomia,,,,,
HB_Arb_Aug2,0.020899266,Machaeranthera,,,,,
HB_Arb_Aug2,0.005971219,Magnolia,,,,,
HB_Arb_Aug2,0.002985609,Mallotus,,,,,
HB_Arb_Aug2,0.002985609,Mantisalca,,,,,
HB_Arb_Aug2,0.005971219,Maytenus,,,,,
HB_Arb_Aug2,0.005971219,Melampodium,,,,,
HB_Arb_Aug2,0.005971219,Mentha,,,,,
HB_Arb_Aug2,0.002985609,Merrilliopanax,,,,,
HB_Arb_Aug2,0.005971219,Mikaniopsis,,,,,
HB_Arb_Aug2,0.113453156,Monoptilon,,,,,
HB_Arb_Aug2,0.008956828,Monotropa,,,,,
HB_Arb_Aug2,0.005971219,Morella,,,,,
HB_Arb_Aug2,0.119424375,Mutisia,,,,,
HB_Arb_Aug2,0.008956828,Myriophyllum,,,,,
HB_Arb_Aug2,0.002985609,Myrmeconauclea,,,,,
HB_Arb_Aug2,0.008956828,Nicotiana,,,,,
HB_Arb_Aug2,0.002985609,Noltea,,,,,
HB_Arb_Aug2,0.002985609,Nymphaea,,,,,
HB_Arb_Aug2,0.005971219,Nyssa,,,,,
HB_Arb_Aug2,0.011942437,Ocyroe,,,,,
HB_Arb_Aug2,0.322445811,Olearia,,,,,
HB_Arb_Aug2,0.005971219,Origanum,,,,,
HB_Arb_Aug2,0.005971219,Orobanche,,,,,
HB_Arb_Aug2,0.002985609,Parthenium,,,,,
HB_Arb_Aug2,0.002985609,Pedicularis,,,,,
HB_Arb_Aug2,0.008956828,Persicaria,,,,,
HB_Arb_Aug2,0.002985609,Pholistoma,,,,,
HB_Arb_Aug2,0.002985609,Phylica,,,,,
HB_Arb_Aug2,0.002985609,Phyllanthus,,,,,
HB_Arb_Aug2,0.011942437,Physalis,,,,,
HB_Arb_Aug2,0.005971219,Pieris,,,,,
HB_Arb_Aug2,0.002985609,Pilea,,,,,
HB_Arb_Aug2,0.002985609,Pippenalia,,,,,
HB_Arb_Aug2,0.002985609,Pityopsis,,,,,
HB_Arb_Aug2,0.002985609,Polygala,,,,,
HB_Arb_Aug2,0.014928047,Potamogeton,,,,,
HB_Arb_Aug2,0.002985609,Pravinaria,,,,,
HB_Arb_Aug2,0.002985609,Primula,,,,,
HB_Arb_Aug2,0.011942437,Prunus,,,,,
HB_Arb_Aug2,0.002985609,Psylliostachys,,,,,
HB_Arb_Aug2,0.002985609,Pterygopappus,,,,,
HB_Arb_Aug2,0.038812922,Remya,,,,,
HB_Arb_Aug2,0.011942437,Ribes,,,,,
HB_Arb_Aug2,0.002985609,Ricinus,,,,,
HB_Arb_Aug2,0.002985609,Roldana,,,,,
HB_Arb_Aug2,0.011942437,Rosa,,,,,
HB_Arb_Aug2,0.029856094,Rubus,,,,,
HB_Arb_Aug2,0.002985609,Rudbeckia,,,,,
HB_Arb_Aug2,0.005971219,Salvia,,,,,
HB_Arb_Aug2,0.002985609,Samolus,,,,,
HB_Arb_Aug2,0.002985609,Santalum,,,,,
HB_Arb_Aug2,0.462769451,Saussurea,,,,,
HB_Arb_Aug2,0.002985609,Saxifraga,,,,,
HB_Arb_Aug2,0.083597062,Scabiosa,,,,,
HB_Arb_Aug2,0.002985609,Scaevola,,,,,
HB_Arb_Aug2,0.002985609,Scorzonera,,,,,
HB_Arb_Aug2,0.038812922,Securigera,,,,,
HB_Arb_Aug2,0.005971219,Sedum,,,,,
HB_Arb_Aug2,0.089568281,Senecio,,,,,
HB_Arb_Aug2,0.008956828,Senegalia,,,,,
HB_Arb_Aug2,0.002985609,Sersalisia,,,,,
HB_Arb_Aug2,0.035827312,Solanum,,,,,
HB_Arb_Aug2,3.827551203,Solidago,,,,,
HB_Arb_Aug2,0.002985609,Stomatostemma,,,,,
HB_Arb_Aug2,0.002985609,Striga,,,,,
HB_Arb_Aug2,0.008956828,Styphnolobium,,,,,
HB_Arb_Aug2,0.002985609,Sulla,,,,,
HB_Arb_Aug2,3.263271034,Symphyotrichum,,,,,
HB_Arb_Aug2,0.002985609,Telanthophora,,,,,
HB_Arb_Aug2,0.002985609,Toxicodendron,,,,,
HB_Arb_Aug2,0.002985609,Tragiella,,,,,
HB_Arb_Aug2,0.002985609,Trevesia,,,,,
HB_Arb_Aug2,0.002985609,Trichocephalus,,,,,
HB_Arb_Aug2,1.925718039,Trifolium,,,,,
HB_Arb_Aug2,0.011942437,Ulmus,,,,,
HB_Arb_Aug2,0.002985609,Urtica,,,,,
HB_Arb_Aug2,0.005971219,Verbesina,,,,,
HB_Arb_Aug2,0.005971219,Vernonia,,,,,
HB_Arb_Aug2,0.002985609,Veronicastrum,,,,,
HB_Arb_Aug2,0.002985609,Viguiera,,,,,
HB_Arb_Aug2,0.002985609,Vitex,,,,,
HB_Arb_Aug2,0.04776975,Xylothamia,,,,,
HB_Colyer_Aug2,0.004166493,Actaea,,,,,
HB_Colyer_Aug2,0.004166493,Ageratina,,,,,
HB_Colyer_Aug2,0.002083247,Alternanthera,,,,,
HB_Colyer_Aug2,0.008332986,Ambrosia,,,,,
HB_Colyer_Aug2,0.004166493,Andersonglossum,,,,,
HB_Colyer_Aug2,0.029165451,Anemone,,,,,
HB_Colyer_Aug2,0.010416233,Antennaria,,,,,
HB_Colyer_Aug2,0.004166493,Arrhenechthites,,,,,
HB_Colyer_Aug2,0.002083247,Azara,,,,,
HB_Colyer_Aug2,0.002083247,Baliospermum,,,,,
HB_Colyer_Aug2,0.002083247,Betula,,,,,
HB_Colyer_Aug2,0.004166493,Bidens,,,,,
HB_Colyer_Aug2,0.00624974,Bigelowia,,,,,
HB_Colyer_Aug2,0.002083247,Boldia,,,,,
HB_Colyer_Aug2,0.002083247,Boltonia,,,,,
HB_Colyer_Aug2,0.008332986,Brassica,,,,,
HB_Colyer_Aug2,0.00624974,Brunnera,,,,,
HB_Colyer_Aug2,0.002083247,Capuronianthus,,,,,
HB_Colyer_Aug2,0.033331945,Carduus,,,,,
HB_Colyer_Aug2,0.002083247,Carthamus,,,,,
HB_Colyer_Aug2,0.002083247,Castanea,,,,,
HB_Colyer_Aug2,0.002083247,Castratella,,,,,
HB_Colyer_Aug2,0.058330903,Celastrus,,,,,
HB_Colyer_Aug2,0.027082205,Centaurea,,,,,
HB_Colyer_Aug2,0.002083247,Chaetopappa,,,,,
HB_Colyer_Aug2,0.002083247,Chamaecrista,,,,,
HB_Colyer_Aug2,0.002083247,Cirsium,,,,,
HB_Colyer_Aug2,0.010416233,Clematis,,,,,
HB_Colyer_Aug2,0.002083247,Coincya,,,,,
HB_Colyer_Aug2,0.002083247,Corchorus,,,,,
HB_Colyer_Aug2,0.002083247,Cryptolepis,,,,,
HB_Colyer_Aug2,0.066663889,Cucumis,,,,,
HB_Colyer_Aug2,0.981209116,Cyanthillium,,,,,
HB_Colyer_Aug2,0.014582726,Daucus,,,,,
HB_Colyer_Aug2,0.002083247,Delonix,,,,,
HB_Colyer_Aug2,0.002083247,Dicksonia,,,,,
HB_Colyer_Aug2,0.002083247,Digitacalia,,,,,
HB_Colyer_Aug2,0.002083247,Dinizia,,,,,
HB_Colyer_Aug2,0.004166493,Diospyros,,,,,
HB_Colyer_Aug2,0.118745052,Dorstenia,,,,,
HB_Colyer_Aug2,0.020832465,Elaeagnus,,,,,
HB_Colyer_Aug2,0.012499479,Emilia,,,,,
HB_Colyer_Aug2,0.002083247,Entandrophragma,,,,,
HB_Colyer_Aug2,0.00624974,Eriophyllum,,,,,
HB_Colyer_Aug2,0.058330903,Eupatorium,,,,,
HB_Colyer_Aug2,0.289571268,Euphrosyne,,,,,
HB_Colyer_Aug2,0.002083247,Fatsia,,,,,
HB_Colyer_Aug2,0.010416233,Forsythia,,,,,
HB_Colyer_Aug2,0.008332986,Geranium,,,,,
HB_Colyer_Aug2,0.002083247,Geum,,,,,
HB_Colyer_Aug2,0.024998958,Gleditsia,,,,,
HB_Colyer_Aug2,0.012499479,Helianthus,,,,,
HB_Colyer_Aug2,0.002083247,Heracleum,,,,,
HB_Colyer_Aug2,0.002083247,Hesperis,,,,,
HB_Colyer_Aug2,0.029165451,Hibiscus,,,,,
HB_Colyer_Aug2,0.002083247,Hydnophytum,,,,,
HB_Colyer_Aug2,0.010416233,Hydrangea,,,,,
HB_Colyer_Aug2,0.14999375,Hydrocera,,,,,
HB_Colyer_Aug2,56.0039165,Impatiens,,,,,
HB_Colyer_Aug2,0.004166493,Indigofera,,,,,
HB_Colyer_Aug2,0.002083247,Iris,,,,,
HB_Colyer_Aug2,0.004166493,Ixeridium,,,,,
HB_Colyer_Aug2,0.002083247,Jasminum,,,,,
HB_Colyer_Aug2,0.008332986,Leucogenes,,,,,
HB_Colyer_Aug2,0.024998958,Linaria,,,,,
HB_Colyer_Aug2,0.002083247,Liriodendron,,,,,
HB_Colyer_Aug2,0.008332986,Lonicera,,,,,
HB_Colyer_Aug2,0.020832465,Lotus,,,,,
HB_Colyer_Aug2,0.002083247,Macaranga,,,,,
HB_Colyer_Aug2,0.002083247,Magnoliophyta,,,,,
HB_Colyer_Aug2,0.002083247,Maireana,,,,,
HB_Colyer_Aug2,0.008332986,Malva,,,,,
HB_Colyer_Aug2,0.002083247,Maytenus,,,,,
HB_Colyer_Aug2,0.016665972,Melampodium,,,,,
HB_Colyer_Aug2,0.002083247,Melothria,,,,,
HB_Colyer_Aug2,0.002083247,Microstegium,,,,,
HB_Colyer_Aug2,0.008332986,Oxalis,,,,,
HB_Colyer_Aug2,0.004166493,Parthenium,,,,,
HB_Colyer_Aug2,0.002083247,Pedicularis,,,,,
HB_Colyer_Aug2,0.002083247,Persea,,,,,
HB_Colyer_Aug2,0.027082205,Persicaria,,,,,
HB_Colyer_Aug2,0.008332986,Phytolacca,,,,,
HB_Colyer_Aug2,0.066663889,Plantago,,,,,
HB_Colyer_Aug2,0.008332986,Potentilla,,,,,
HB_Colyer_Aug2,0.058330903,Primula,,,,,
HB_Colyer_Aug2,0.00624974,Prunella,,,,,
HB_Colyer_Aug2,0.010416233,Prunus,,,,,
HB_Colyer_Aug2,0.00624974,Quercus,,,,,
HB_Colyer_Aug2,0.002083247,Rhododendron,,,,,
HB_Colyer_Aug2,0.002083247,Ribes,,,,,
HB_Colyer_Aug2,0.020832465,Rosa,,,,,
HB_Colyer_Aug2,0.00624974,Rubus,,,,,
HB_Colyer_Aug2,0.00624974,Salix,,,,,
HB_Colyer_Aug2,0.018749219,Saussurea,,,,,
HB_Colyer_Aug2,0.012499479,Securigera,,,,,
HB_Colyer_Aug2,0.00624974,Senecio,,,,,
HB_Colyer_Aug2,0.002083247,Sicyos,,,,,
HB_Colyer_Aug2,0.004166493,Solanum,,,,,
HB_Colyer_Aug2,0.018749219,Solidago,,,,,
HB_Colyer_Aug2,0.002083247,Sphaerosacme,,,,,
HB_Colyer_Aug2,0.002083247,Symphyotrichum,,,,,
HB_Colyer_Aug2,0.00624974,Toxicodendron,,,,,
HB_Colyer_Aug2,0.010416233,Trifolium,,,,,
HB_Colyer_Aug2,0.002083247,Trymatococcus,,,,,
HB_Colyer_Aug2,0.002083247,Verbesina,,,,,
HB_Colyer_Aug2,0.002083247,Vernonanthura,,,,,
HB_Colyer_Aug2,41.45452273,Vernonia,,,,,
HB_Hyner_Aug2,0.004219943,Acanthocalyx,,,,,
HB_Hyner_Aug2,0.071739039,Agastache,,,,,
HB_Hyner_Aug2,0.83132886,Ageratina,,,,,
HB_Hyner_Aug2,0.008439887,Aglaia,,,,,
HB_Hyner_Aug2,0.016879774,Agoseris,,,,,
HB_Hyner_Aug2,0.004219943,Amaranthus,,,,,
HB_Hyner_Aug2,0.008439887,Ambrosia,,,,,
HB_Hyner_Aug2,0.101278643,Amphiachyris,,,,,
HB_Hyner_Aug2,0.029539604,Amphoricarpos,,,,,
HB_Hyner_Aug2,0.004219943,Anaphalis,,,,,
HB_Hyner_Aug2,0.01265983,Anemone,,,,,
HB_Hyner_Aug2,0.004219943,Antennaria,,,,,
HB_Hyner_Aug2,0.004219943,Apios,,,,,
HB_Hyner_Aug2,0.008439887,Arctium,,,,,
HB_Hyner_Aug2,0.004219943,Aster,,,,,
HB_Hyner_Aug2,0.004219943,Baccharis,,,,,
HB_Hyner_Aug2,0.016879774,Barbarea,,,,,
HB_Hyner_Aug2,0.004219943,Bassia,,,,,
HB_Hyner_Aug2,0.004219943,Bellium,,,,,
HB_Hyner_Aug2,0.151917964,Benitoa,,,,,
HB_Hyner_Aug2,0.004219943,Betula,,,,,
HB_Hyner_Aug2,8.71418323,Bigelowia,,,,,
HB_Hyner_Aug2,0.008439887,Blakiella,,,,,
HB_Hyner_Aug2,0.23209689,Brassica,,,,,
HB_Hyner_Aug2,0.004219943,Callisia,,,,,
HB_Hyner_Aug2,0.033759548,Carduus,,,,,
HB_Hyner_Aug2,0.008439887,Carpanthea,,,,,
HB_Hyner_Aug2,0.042199435,Carthamus,,,,,
HB_Hyner_Aug2,0.004219943,Castanea,,,,,
HB_Hyner_Aug2,0.379794911,Celastrus,,,,,
HB_Hyner_Aug2,1.447440604,Centaurea,,,,,
HB_Hyner_Aug2,0.037979491,Cercis,,,,,
HB_Hyner_Aug2,0.008439887,Chamaecrista,,,,,
HB_Hyner_Aug2,0.008439887,Chelidonium,,,,,
HB_Hyner_Aug2,0.10971853,Coincya,,,,,
HB_Hyner_Aug2,0.004219943,Convolvulus,,,,,
HB_Hyner_Aug2,0.004219943,Cordylostigma,,,,,
HB_Hyner_Aug2,0.004219943,Coronilla,,,,,
HB_Hyner_Aug2,0.004219943,Cotula,,,,,
HB_Hyner_Aug2,0.004219943,Crassocephalum,,,,,
HB_Hyner_Aug2,0.004219943,Cyathocline,,,,,
HB_Hyner_Aug2,0.008439887,Cyclamen,,,,,
HB_Hyner_Aug2,0.004219943,Dactylis,,,,,
HB_Hyner_Aug2,0.12237836,Daucus,,,,,
HB_Hyner_Aug2,0.004219943,Dieteria,,,,,
HB_Hyner_Aug2,0.008439887,Digitaria,,,,,
HB_Hyner_Aug2,0.008439887,Diospyros,,,,,
HB_Hyner_Aug2,0.016879774,Diplostephium,,,,,
HB_Hyner_Aug2,0.004219943,Dolichlasium,,,,,
HB_Hyner_Aug2,0.029539604,Dracocephalum,,,,,
HB_Hyner_Aug2,0.037979491,Elaeagnus,,,,,
HB_Hyner_Aug2,0.004219943,Elatostema,,,,,
HB_Hyner_Aug2,0.004219943,Eragrostis,,,,,
HB_Hyner_Aug2,0.021099717,Erechtites,,,,,
HB_Hyner_Aug2,0.016879774,Erigeron,,,,,
HB_Hyner_Aug2,0.042199435,Euphrosyne,,,,,
HB_Hyner_Aug2,16.5970376,Euthamia,,,,,
HB_Hyner_Aug2,7.427100477,Fallopia,,,,,
HB_Hyner_Aug2,0.088618813,Felicia,,,,,
HB_Hyner_Aug2,0.01265983,Festuca,,,,,
HB_Hyner_Aug2,0.021099717,Forsythia,,,,,
HB_Hyner_Aug2,0.008439887,Fortuynia,,,,,
HB_Hyner_Aug2,0.004219943,Fourraea,,,,,
HB_Hyner_Aug2,0.008439887,Fraxinus,,,,,
HB_Hyner_Aug2,0.01265983,Gaylussacia,,,,,
HB_Hyner_Aug2,0.004219943,Geraea,,,,,
HB_Hyner_Aug2,0.01265983,Glechoma,,,,,
HB_Hyner_Aug2,0.008439887,Gleditsia,,,,,
HB_Hyner_Aug2,0.004219943,Gochnatia,,,,,
HB_Hyner_Aug2,0.21943706,Grindelia,,,,,
HB_Hyner_Aug2,0.261636494,Gutierrezia,,,,,
HB_Hyner_Aug2,0.033759548,Gymnosperma,,,,,
HB_Hyner_Aug2,0.004219943,Gypothamnium,,,,,
HB_Hyner_Aug2,0.004219943,Haplocarpha,,,,,
HB_Hyner_Aug2,0.016879774,Hesperis,,,,,
HB_Hyner_Aug2,0.299615985,Heterotheca,,,,,
HB_Hyner_Aug2,0.004219943,Howellia,,,,,
HB_Hyner_Aug2,0.004219943,Hyssopus,,,,,
HB_Hyner_Aug2,0.01265983,Impatiens,,,,,
HB_Hyner_Aug2,0.046419378,Ionactis,,,,,
HB_Hyner_Aug2,0.004219943,Kalopanax,,,,,
HB_Hyner_Aug2,0.080178926,Katinasia,,,,,
HB_Hyner_Aug2,0.037979491,Lagenophora,,,,,
HB_Hyner_Aug2,0.008439887,Lamium,,,,,
HB_Hyner_Aug2,0.004219943,Leersia,,,,,
HB_Hyner_Aug2,0.004219943,Leontopodium,,,,,
HB_Hyner_Aug2,0.004219943,Lespedeza,,,,,
HB_Hyner_Aug2,0.008439887,Leucanthemum,,,,,
HB_Hyner_Aug2,0.004219943,Linaria,,,,,
HB_Hyner_Aug2,0.004219943,Liriodendron,,,,,
HB_Hyner_Aug2,0.025319661,Lotus,,,,,
HB_Hyner_Aug2,0.004219943,Magnoliophyta,,,,,
HB_Hyner_Aug2,0.016879774,Malus,,,,,
HB_Hyner_Aug2,0.008439887,Maytenus,,,,,
HB_Hyner_Aug2,0.004219943,Melampodium,,,,,
HB_Hyner_Aug2,0.004219943,Melasma,,,,,
HB_Hyner_Aug2,0.004219943,Metalasia,,,,,
HB_Hyner_Aug2,0.008439887,Mikania,,,,,
HB_Hyner_Aug2,1.038106089,Monoptilon,,,,,
HB_Hyner_Aug2,0.004219943,Mostacillastrum,,,,,
HB_Hyner_Aug2,0.637211461,Muehlenbeckia,,,,,
HB_Hyner_Aug2,0.01265983,Mutisia,,,,,
HB_Hyner_Aug2,0.004219943,Neotorularia,,,,,
HB_Hyner_Aug2,0.004219943,Nicotiana,,,,,
HB_Hyner_Aug2,0.004219943,Noronhia,,,,,
HB_Hyner_Aug2,0.004219943,Nyssa,,,,,
HB_Hyner_Aug2,0.843988691,Olearia,,,,,
HB_Hyner_Aug2,0.008439887,Oryza,,,,,
HB_Hyner_Aug2,0.01265983,Oxalis,,,,,
HB_Hyner_Aug2,0.075958982,Panicum,,,,,
HB_Hyner_Aug2,0.004219943,Pariana,,,,,
HB_Hyner_Aug2,0.033759548,Petradoria,,,,,
HB_Hyner_Aug2,0.01265983,Phleum,,,,,
HB_Hyner_Aug2,0.008439887,Plantago,,,,,
HB_Hyner_Aug2,0.016879774,Polygonum,,,,,
HB_Hyner_Aug2,0.004219943,Potentilla,,,,,
HB_Hyner_Aug2,0.021099717,Prunus,,,,,
HB_Hyner_Aug2,0.016879774,Quercus,,,,,
HB_Hyner_Aug2,0.004219943,Remya,,,,,
HB_Hyner_Aug2,0.021099717,Rhaponticum,,,,,
HB_Hyner_Aug2,0.004219943,Rheum,,,,,
HB_Hyner_Aug2,0.021099717,Rosa,,,,,
HB_Hyner_Aug2,0.063299152,Rubus,,,,,
HB_Hyner_Aug2,0.029539604,Rudbeckia,,,,,
HB_Hyner_Aug2,0.016879774,Rumex,,,,,
HB_Hyner_Aug2,0.029539604,Salix,,,,,
HB_Hyner_Aug2,0.004219943,Salvia,,,,,
HB_Hyner_Aug2,0.489513441,Saussurea,,,,,
HB_Hyner_Aug2,0.004219943,Saxifraga,,,,,
HB_Hyner_Aug2,0.004219943,Searsia,,,,,
HB_Hyner_Aug2,0.13503819,Securigera,,,,,
HB_Hyner_Aug2,0.080178926,Senecio,,,,,
HB_Hyner_Aug2,0.156137908,Solanum,,,,,
HB_Hyner_Aug2,57.42499051,Solidago,,,,,
HB_Hyner_Aug2,0.004219943,Sorbus,,,,,
HB_Hyner_Aug2,0.004219943,Streblus,,,,,
HB_Hyner_Aug2,0.004219943,Strychnos,,,,,
HB_Hyner_Aug2,0.004219943,Torminalis,,,,,
HB_Hyner_Aug2,0.01265983,Toxicodendron,,,,,
HB_Hyner_Aug2,0.067519095,Trifolium,,,,,
HB_Hyner_Aug2,0.004219943,Triumfetta,,,,,
HB_Hyner_Aug2,0.016879774,Ulmus,,,,,
HB_Hyner_Aug2,0.016879774,Urophyllum,,,,,
HB_Hyner_Aug2,0.23209689,Verbesina,,,,,
HB_Hyner_Aug2,0.324935646,Xylothamia,,,,,
BB_Arb_Aug,0.002921841,Acaena,,,,,
BB_Arb_Aug,0.005843682,Acanthocalyx,,,,,
BB_Arb_Aug,0.005843682,Acer,,,,,
BB_Arb_Aug,0.002921841,Achimenes,,,,,
BB_Arb_Aug,0.029218408,Actinocheita,,,,,
BB_Arb_Aug,0.002921841,Adina,,,,,
BB_Arb_Aug,0.002921841,Aeginetia,,,,,
BB_Arb_Aug,0.42366691,Ailanthus,,,,,
BB_Arb_Aug,0.002921841,Aizoon,,,,,
BB_Arb_Aug,0.005843682,Albizia,,,,,
BB_Arb_Aug,0.017531045,Allium,,,,,
BB_Arb_Aug,0.005843682,Alluaudia,,,,,
BB_Arb_Aug,0.002921841,Alternanthera,,,,,
BB_Arb_Aug,0.002921841,Ammi,,,,,
BB_Arb_Aug,0.005843682,Ammodaucus,,,,,
BB_Arb_Aug,0.002921841,Amphilophium,,,,,
BB_Arb_Aug,0.008765522,Amphithalea,,,,,
BB_Arb_Aug,0.020452885,Amphoricarpos,,,,,
BB_Arb_Aug,0.604821037,Anemone,,,,,
BB_Arb_Aug,0.002921841,Antopetitia,,,,,
BB_Arb_Aug,0.099342586,Aralia,,,,,
BB_Arb_Aug,0.096420745,Arctium,,,,,
BB_Arb_Aug,0.002921841,Artocarpus,,,,,
BB_Arb_Aug,0.002921841,Asteranthera,,,,,
BB_Arb_Aug,0.002921841,Baliospermum,,,,,
BB_Arb_Aug,0.002921841,Begonia,,,,,
BB_Arb_Aug,0.002921841,Bertiera,,,,,
BB_Arb_Aug,0.002921841,Bethencourtia,,,,,
BB_Arb_Aug,0.040905771,Bigelowia,,,,,
BB_Arb_Aug,0.008765522,Boltonia,,,,,
BB_Arb_Aug,0.002921841,Brachysola,,,,,
BB_Arb_Aug,0.029218408,Brandisia,,,,,
BB_Arb_Aug,0.011687363,Brassica,,,,,
BB_Arb_Aug,0.002921841,Brunia,,,,,
BB_Arb_Aug,0.005843682,Calceolaria,,,,,
BB_Arb_Aug,0.002921841,Calliandra,,,,,
BB_Arb_Aug,0.002921841,Calyculogygas,,,,,
BB_Arb_Aug,0.005843682,Canna,,,,,
BB_Arb_Aug,0.002921841,Capsicum,,,,,
BB_Arb_Aug,4.970051132,Carduus,,,,,
BB_Arb_Aug,0.011687363,Carlowrightia,,,,,
BB_Arb_Aug,0.181154127,Carthamus,,,,,
BB_Arb_Aug,0.014609204,Castanea,,,,,
BB_Arb_Aug,0.002921841,Catesbaea,,,,,
BB_Arb_Aug,0.005843682,Celastrus,,,,,
BB_Arb_Aug,0.008765522,Celtis,,,,,
BB_Arb_Aug,0.002921841,Cenostigma,,,,,
BB_Arb_Aug,3.821767714,Centaurea,,,,,
BB_Arb_Aug,0.035062089,Cephalanthus,,,,,
BB_Arb_Aug,0.008765522,Chamaecrista,,,,,
BB_Arb_Aug,0.002921841,Chelidonium,,,,,
BB_Arb_Aug,0.005843682,Chelonopsis,,,,,
BB_Arb_Aug,0.002921841,Chrysanthemum,,,,,
BB_Arb_Aug,0.011687363,Chukrasia,,,,,
BB_Arb_Aug,0.055514974,Chuquiraga,,,,,
BB_Arb_Aug,0.005843682,Chusquea,,,,,
BB_Arb_Aug,0.020452885,Cicer,,,,,
BB_Arb_Aug,0.002921841,Cinnamomum,,,,,
BB_Arb_Aug,0.84733382,Cirsium,,,,,
BB_Arb_Aug,0.002921841,Clausena,,,,,
BB_Arb_Aug,21.15120526,Clematis,,,,,
BB_Arb_Aug,0.096420745,Clinopodium,,,,,
BB_Arb_Aug,0.002921841,Colombobalanus,,,,,
BB_Arb_Aug,0.227903579,Combretum,,,,,
BB_Arb_Aug,0.002921841,Condea,,,,,
BB_Arb_Aug,0.011687363,Convolvulus,,,,,
BB_Arb_Aug,0.002921841,Cordylostigma,,,,,
BB_Arb_Aug,0.005843682,Coriaria,,,,,
BB_Arb_Aug,0.008765522,Coronilla,,,,,
BB_Arb_Aug,0.002921841,Cotinus,,,,,
BB_Arb_Aug,0.651570489,Crataegus,,,,,
BB_Arb_Aug,0.026296567,Croton,,,,,
BB_Arb_Aug,0.014609204,Cunila,,,,,
BB_Arb_Aug,0.008765522,Cytisopsis,,,,,
BB_Arb_Aug,0.002921841,Daucus,,,,,
BB_Arb_Aug,0.008765522,Deinbollia,,,,,
BB_Arb_Aug,0.032140248,Dendropanax,,,,,
BB_Arb_Aug,0.002921841,Deprea,,,,,
BB_Arb_Aug,0.002921841,Diplacus,,,,,
BB_Arb_Aug,0.125639153,Dipsacus,,,,,
BB_Arb_Aug,0.002921841,Dolichlasium,,,,,
BB_Arb_Aug,0.011687363,Dorstenia,,,,,
BB_Arb_Aug,0.008765522,Dracocephalum,,,,,
BB_Arb_Aug,0.005843682,Echinacea,,,,,
BB_Arb_Aug,0.002921841,Echium,,,,,
BB_Arb_Aug,0.005843682,Elaeagnus,,,,,
BB_Arb_Aug,0.002921841,Eleutherococcus,,,,,
BB_Arb_Aug,0.002921841,Ericameria,,,,,
BB_Arb_Aug,0.008765522,Erigeron,,,,,
BB_Arb_Aug,0.002921841,Eriobotrya,,,,,
BB_Arb_Aug,9.314828342,Eryngium,,,,,
BB_Arb_Aug,0.002921841,Erythronium,,,,,
BB_Arb_Aug,0.035062089,Eupatorium,,,,,
BB_Arb_Aug,0.002921841,Euphorbia,,,,,
BB_Arb_Aug,0.03798393,Euthamia,,,,,
BB_Arb_Aug,0.002921841,Eutrochium,,,,,
BB_Arb_Aug,0.002921841,Fallopia,,,,,
BB_Arb_Aug,0.002921841,Forsythia,,,,,
BB_Arb_Aug,0.295105917,Gaillardia,,,,,
BB_Arb_Aug,0.002921841,Gaylussacia,,,,,
BB_Arb_Aug,0.002921841,Geum,,,,,
BB_Arb_Aug,0.216216216,Glechon,,,,,
BB_Arb_Aug,0.493791088,Gleditsia,,,,,
BB_Arb_Aug,0.002921841,Gontscharovia,,,,,
BB_Arb_Aug,0.008765522,Goodenia,,,,,
BB_Arb_Aug,0.002921841,Gypothamnium,,,,,
BB_Arb_Aug,0.002921841,Haberlea,,,,,
BB_Arb_Aug,0.002921841,Hackelia,,,,,
BB_Arb_Aug,0.002921841,Harveya,,,,,
BB_Arb_Aug,0.032140248,Hedera,,,,,
BB_Arb_Aug,3.567567568,Helenium,,,,,
BB_Arb_Aug,0.002921841,Helianthus,,,,,
BB_Arb_Aug,0.002921841,Henoonia,,,,,
BB_Arb_Aug,0.002921841,Heracleum,,,,,
BB_Arb_Aug,0.002921841,Heterotheca,,,,,
BB_Arb_Aug,0.002921841,Hladnikia,,,,,
BB_Arb_Aug,0.002921841,Holodiscus,,,,,
BB_Arb_Aug,0.002921841,Howellia,,,,,
BB_Arb_Aug,0.002921841,Huarpea,,,,,
BB_Arb_Aug,0.032140248,Hydrangea,,,,,
BB_Arb_Aug,0.026296567,Hyobanche,,,,,
BB_Arb_Aug,1.212563915,Hyoscyamus,,,,,
BB_Arb_Aug,0.002921841,Hypericum,,,,,
BB_Arb_Aug,0.149013879,Hyptis,,,,,
BB_Arb_Aug,0.002921841,Ipomoea,,,,,
BB_Arb_Aug,0.002921841,Isopyrum,,,,,
BB_Arb_Aug,0.011687363,Jacquemontia,,,,,
BB_Arb_Aug,0.002921841,Juglans,,,,,
BB_Arb_Aug,1.697589481,Kalopanax,,,,,
BB_Arb_Aug,0.020452885,Klasea,,,,,
BB_Arb_Aug,0.014609204,Knautia,,,,,
BB_Arb_Aug,0.011687363,Koanophyllon,,,,,
BB_Arb_Aug,0.002921841,Koehneria,,,,,
BB_Arb_Aug,0.011687363,Lagenophora,,,,,
BB_Arb_Aug,0.002921841,Lantana,,,,,
BB_Arb_Aug,0.032140248,Leonurus,,,,,
BB_Arb_Aug,0.002921841,Leptinella,,,,,
BB_Arb_Aug,0.002921841,Leucogenes,,,,,
BB_Arb_Aug,0.002921841,Liriodendron,,,,,
BB_Arb_Aug,0.002921841,Lobelia,,,,,
BB_Arb_Aug,0.029218408,Lotus,,,,,
BB_Arb_Aug,0.008765522,Lysipomia,,,,,
BB_Arb_Aug,0.07596786,Maclura,,,,,
BB_Arb_Aug,0.002921841,Macropodina,,,,,
BB_Arb_Aug,0.002921841,Magnoliophyta,,,,,
BB_Arb_Aug,0.002921841,Maianthemum,,,,,
BB_Arb_Aug,0.002921841,Mallotus,,,,,
BB_Arb_Aug,0.002921841,Margyricarpus,,,,,
BB_Arb_Aug,0.002921841,Marina,,,,,
BB_Arb_Aug,0.011687363,Martianthus,,,,,
BB_Arb_Aug,0.002921841,Martynia,,,,,
BB_Arb_Aug,0.002921841,Matudaea,,,,,
BB_Arb_Aug,0.002921841,Maytenus,,,,,
BB_Arb_Aug,0.002921841,Melampodium,,,,,
BB_Arb_Aug,0.020452885,Melilotus,,,,,
BB_Arb_Aug,0.096420745,Mentha,,,,,
BB_Arb_Aug,0.002921841,Metalasia,,,,,
BB_Arb_Aug,0.002921841,Monoptilon,,,,,
BB_Arb_Aug,0.005843682,Morella,,,,,
BB_Arb_Aug,0.005843682,Myriophyllum,,,,,
BB_Arb_Aug,0.043827611,Myrmeconauclea,,,,,
BB_Arb_Aug,0.002921841,Nama,,,,,
BB_Arb_Aug,0.002921841,Nauclea,,,,,
BB_Arb_Aug,0.002921841,Neillia,,,,,
BB_Arb_Aug,4.359386413,Nepeta,,,,,
BB_Arb_Aug,0.099342586,Nicotiana,,,,,
BB_Arb_Aug,0.002921841,Nierembergia,,,,,
BB_Arb_Aug,0.002921841,Noltea,,,,,
BB_Arb_Aug,0.017531045,Nyssa,,,,,
BB_Arb_Aug,0.014609204,Olearia,,,,,
BB_Arb_Aug,0.017531045,Onosma,,,,,
BB_Arb_Aug,0.008765522,Origanum,,,,,
BB_Arb_Aug,0.002921841,Orthotrichum,,,,,
BB_Arb_Aug,0.005843682,Ostrearia,,,,,
BB_Arb_Aug,0.002921841,Oxera,,,,,
BB_Arb_Aug,0.020452885,Oxyphyllum,,,,,
BB_Arb_Aug,0.005843682,Oxytropis,,,,,
BB_Arb_Aug,0.002921841,Panax,,,,,
BB_Arb_Aug,0.005843682,Panicum,,,,,
BB_Arb_Aug,0.017531045,Papaver,,,,,
BB_Arb_Aug,0.002921841,Pedicularis,,,,,
BB_Arb_Aug,0.002921841,Pelargonium,,,,,
BB_Arb_Aug,0.002921841,Peltodon,,,,,
BB_Arb_Aug,0.005843682,Peltogyne,,,,,
BB_Arb_Aug,0.008765522,Penstemon,,,,,
BB_Arb_Aug,0.078889701,Petradoria,,,,,
BB_Arb_Aug,0.002921841,Phyla,,,,,
BB_Arb_Aug,0.005843682,Phylica,,,,,
BB_Arb_Aug,0.043827611,Physalis,,,,,
BB_Arb_Aug,0.005843682,Phytolacca,,,,,
BB_Arb_Aug,0.008765522,Pilea,,,,,
BB_Arb_Aug,0.002921841,Pimpinella,,,,,
BB_Arb_Aug,0.002921841,Piofontia,,,,,
BB_Arb_Aug,0.005843682,Pippenalia,,,,,
BB_Arb_Aug,0.002921841,Pistacia,,,,,
BB_Arb_Aug,0.002921841,Pittosporum,,,,,
BB_Arb_Aug,0.017531045,Plantago,,,,,
BB_Arb_Aug,0.017531045,Plateilema,,,,,
BB_Arb_Aug,0.002921841,Pogostemon,,,,,
BB_Arb_Aug,0.008765522,Polycnemum,,,,,
BB_Arb_Aug,0.002921841,Polyscias,,,,,
BB_Arb_Aug,0.002921841,Posoqueria,,,,,
BB_Arb_Aug,0.005843682,Primula,,,,,
BB_Arb_Aug,0.070124178,Quercus,,,,,
BB_Arb_Aug,0.011687363,Ratibida,,,,,
BB_Arb_Aug,0.005843682,Remya,,,,,
BB_Arb_Aug,0.157779401,Rhaponticum,,,,,
BB_Arb_Aug,1.761869978,Rhus,,,,,
BB_Arb_Aug,0.017531045,Ribes,,,,,
BB_Arb_Aug,0.002921841,Roldana,,,,,
BB_Arb_Aug,0.008765522,Rosa,,,,,
BB_Arb_Aug,0.102264427,Rubus,,,,,
BB_Arb_Aug,0.002921841,Ruellia,,,,,
BB_Arb_Aug,0.020452885,Salix,,,,,
BB_Arb_Aug,0.002921841,Salpiglossis,,,,,
BB_Arb_Aug,0.043827611,Salvia,,,,,
BB_Arb_Aug,1.525200877,Sanicula,,,,,
BB_Arb_Aug,1.048940833,Saussurea,,,,,
BB_Arb_Aug,0.073046019,Scabiosa,,,,,
BB_Arb_Aug,0.055514974,Scaevola,,,,,
BB_Arb_Aug,0.002921841,Schinus,,,,,
BB_Arb_Aug,0.002921841,Scrophularia,,,,,
BB_Arb_Aug,5.1541271,Scutellaria,,,,,
BB_Arb_Aug,1.741417093,Securigera,,,,,
BB_Arb_Aug,0.008765522,Senecio,,,,,
BB_Arb_Aug,0.026296567,Senegalia,,,,,
BB_Arb_Aug,0.169466764,Sideritis,,,,,
BB_Arb_Aug,0.005843682,Silene,,,,,
BB_Arb_Aug,0.005843682,Silphium,,,,,
BB_Arb_Aug,0.002921841,Sinosenecio,,,,,
BB_Arb_Aug,21.42001461,Solanum,,,,,
BB_Arb_Aug,0.455807159,Solidago,,,,,
BB_Arb_Aug,0.002921841,Sorbaria,,,,,
BB_Arb_Aug,0.002921841,Spergularia,,,,,
BB_Arb_Aug,0.19284149,Spiraea,,,,,
BB_Arb_Aug,0.011687363,Stachys,,,,,
BB_Arb_Aug,0.002921841,Stenandrium,,,,,
BB_Arb_Aug,0.049671293,Styphnolobium,,,,,
BB_Arb_Aug,0.005843682,Syringa,,,,,
BB_Arb_Aug,0.002921841,Tara,,,,,
BB_Arb_Aug,0.227903579,Teucrium,,,,,
BB_Arb_Aug,0.002921841,Tiarella,,,,,
BB_Arb_Aug,0.032140248,Tilia,,,,,
BB_Arb_Aug,0.204528853,Toxicodendron,,,,,
BB_Arb_Aug,0.008765522,Trevesia,,,,,
BB_Arb_Aug,0.002921841,Trichodrymonia,,,,,
BB_Arb_Aug,8.213294375,Trifolium,,,,,
BB_Arb_Aug,0.026296567,Tzeltalia,,,,,
BB_Arb_Aug,0.002921841,Urophyllum,,,,,
BB_Arb_Aug,0.032140248,Urtica,,,,,
BB_Arb_Aug,0.008765522,Vatairea,,,,,
BB_Arb_Aug,0.040905771,Verbena,,,,,
BB_Arb_Aug,0.002921841,Verbesina,,,,,
BB_Arb_Aug,0.058436815,Veronicastrum,,,,,
BB_Arb_Aug,0.508400292,Viburnum,,,,,
BB_Arb_Aug,0.002921841,Vittadinia,,,,,
BB_Arb_Aug,0.002921841,Weigela,,,,,
BB_Bernel_Aug,0.009680776,Acaena,,,,,
BB_Bernel_Aug,0.002420194,Agoseris,,,,,
BB_Bernel_Aug,0.002420194,Aidia,,,,,
BB_Bernel_Aug,0.007260582,Alternanthera,,,,,
BB_Bernel_Aug,0.002420194,Althaea,,,,,
BB_Bernel_Aug,0.002420194,Ammannia,,,,,
BB_Bernel_Aug,0.002420194,Ammoides,,,,,
BB_Bernel_Aug,0.004840388,Amphithalea,,,,,
BB_Bernel_Aug,0.029042329,Amphoricarpos,,,,,
BB_Bernel_Aug,0.029042329,Anaphalis,,,,,
BB_Bernel_Aug,0.002420194,Anemone,,,,,
BB_Bernel_Aug,0.004840388,Antirrhinum,,,,,
BB_Bernel_Aug,0.002420194,Apocynum,,,,,
BB_Bernel_Aug,0.021781747,Arafoe,,,,,
BB_Bernel_Aug,0.019361553,Aralia,,,,,
BB_Bernel_Aug,0.713957259,Arctium,,,,,
BB_Bernel_Aug,0.002420194,Astragalus,,,,,
BB_Bernel_Aug,0.002420194,Baliospermum,,,,,
BB_Bernel_Aug,0.002420194,Bauhinia,,,,,
BB_Bernel_Aug,0.007260582,Brandisia,,,,,
BB_Bernel_Aug,0.002420194,Capuronianthus,,,,,
BB_Bernel_Aug,0.210556887,Carduus,,,,,
BB_Bernel_Aug,0.002420194,Carpanthea,,,,,
BB_Bernel_Aug,0.087126988,Carthamus,,,,,
BB_Bernel_Aug,0.002420194,Cedrela,,,,,
BB_Bernel_Aug,0.043563494,Celastrus,,,,,
BB_Bernel_Aug,3.378590963,Centaurea,,,,,
BB_Bernel_Aug,0.002420194,Chassalia,,,,,
BB_Bernel_Aug,0.309784845,Chrysopogon,,,,,
BB_Bernel_Aug,0.016941359,Cicer,,,,,
BB_Bernel_Aug,1.786103245,Cichorium,,,,,
BB_Bernel_Aug,0.007260582,Cirsium,,,,,
BB_Bernel_Aug,0.002420194,Cliffortia,,,,,
BB_Bernel_Aug,0.019361553,Clinopodium,,,,,
BB_Bernel_Aug,0.016941359,Colubrina,,,,,
BB_Bernel_Aug,0.002420194,Coronidium,,,,,
BB_Bernel_Aug,0.058084658,Coronilla,,,,,
BB_Bernel_Aug,0.002420194,Cuphea,,,,,
BB_Bernel_Aug,0.004840388,Cuscuta,,,,,
BB_Bernel_Aug,0.002420194,Cyathostegia,,,,,
BB_Bernel_Aug,0.002420194,Cyclamen,,,,,
BB_Bernel_Aug,29.27708802,Daucus,,,,,
BB_Bernel_Aug,0.048403882,Dipsacus,,,,,
BB_Bernel_Aug,0.004840388,Dischidia,,,,,
BB_Bernel_Aug,0.002420194,Dolichlasium,,,,,
BB_Bernel_Aug,0.016941359,Elaeagnus,,,,,
BB_Bernel_Aug,0.002420194,Elodea,,,,,
BB_Bernel_Aug,0.002420194,Epilobium,,,,,
BB_Bernel_Aug,0.002420194,Fragaria,,,,,
BB_Bernel_Aug,0.009680776,Galium,,,,,
BB_Bernel_Aug,0.002420194,Geranium,,,,,
BB_Bernel_Aug,0.288003098,Glycine,,,,,
BB_Bernel_Aug,0.004840388,Goodenia,,,,,
BB_Bernel_Aug,0.002420194,Hedypnois,,,,,
BB_Bernel_Aug,0.004840388,Hovenia,,,,,
BB_Bernel_Aug,0.002420194,Howellia,,,,,
BB_Bernel_Aug,0.007260582,Hymenonema,,,,,
BB_Bernel_Aug,0.002420194,Hyobanche,,,,,
BB_Bernel_Aug,0.01210097,Hyoscyamus,,,,,
BB_Bernel_Aug,0.002420194,Indigofera,,,,,
BB_Bernel_Aug,1.154432585,Ischaemum,,,,,
BB_Bernel_Aug,0.004840388,Klasea,,,,,
BB_Bernel_Aug,0.002420194,Krigia,,,,,
BB_Bernel_Aug,0.002420194,Laser,,,,,
BB_Bernel_Aug,0.004840388,Leontodon,,,,,
BB_Bernel_Aug,0.055664464,Logfia,,,,,
BB_Bernel_Aug,0.058084658,Lotus,,,,,
BB_Bernel_Aug,0.002420194,Marina,,,,,
BB_Bernel_Aug,0.002420194,Maytenus,,,,,
BB_Bernel_Aug,0.002420194,Medicago,,,,,
BB_Bernel_Aug,0.002420194,Melicytus,,,,,
BB_Bernel_Aug,0.002420194,Melilotus,,,,,
BB_Bernel_Aug,0.009680776,Meum,,,,,
BB_Bernel_Aug,0.002420194,Microseris,,,,,
BB_Bernel_Aug,0.002420194,Mussaenda,,,,,
BB_Bernel_Aug,0.004840388,Myriophyllum,,,,,
BB_Bernel_Aug,0.007260582,Myrmeconauclea,,,,,
BB_Bernel_Aug,0.009680776,Nicotiana,,,,,
BB_Bernel_Aug,0.002420194,Nymphoides,,,,,
BB_Bernel_Aug,0.036302911,Oedochloa,,,,,
BB_Bernel_Aug,1.495679954,Oenothera,,,,,
BB_Bernel_Aug,0.002420194,Ononis,,,,,
BB_Bernel_Aug,0.079866405,Onosma,,,,,
BB_Bernel_Aug,0.007260582,Oxytropis,,,,,
BB_Bernel_Aug,0.021781747,Phalacroseris,,,,,
BB_Bernel_Aug,0.002420194,Physaria,,,,,
BB_Bernel_Aug,0.007260582,Phytolacca,,,,,
BB_Bernel_Aug,10.98526102,Plantago,,,,,
BB_Bernel_Aug,0.002420194,Podostemaceae,,,,,
BB_Bernel_Aug,0.01210097,Polycnemum,,,,,
BB_Bernel_Aug,0.004840388,Potentilla,,,,,
BB_Bernel_Aug,0.01210097,Prenanthella,,,,,
BB_Bernel_Aug,0.079866405,Prunella,,,,,
BB_Bernel_Aug,0.007260582,Prunus,,,,,
BB_Bernel_Aug,0.002420194,Pseudognaphalium,,,,,
BB_Bernel_Aug,0.007260582,Psychotria,,,,,
BB_Bernel_Aug,0.002420194,Pueraria,,,,,
BB_Bernel_Aug,0.055664464,Pygeum,,,,,
BB_Bernel_Aug,0.004840388,Remya,,,,,
BB_Bernel_Aug,0.10648854,Rhaponticum,,,,,
BB_Bernel_Aug,0.002420194,Rhus,,,,,
BB_Bernel_Aug,0.002420194,Rosa,,,,,
BB_Bernel_Aug,0.014521165,Rubus,,,,,
BB_Bernel_Aug,0.007260582,Salix,,,,,
BB_Bernel_Aug,0.522761926,Saussurea,,,,,
BB_Bernel_Aug,0.014521165,Scabiosa,,,,,
BB_Bernel_Aug,0.002420194,Scaevola,,,,,
BB_Bernel_Aug,0.002420194,Schiedea,,,,,
BB_Bernel_Aug,14.09521044,Securigera,,,,,
BB_Bernel_Aug,0.002420194,Senecio,,,,,
BB_Bernel_Aug,0.002420194,Senegalia,,,,,
BB_Bernel_Aug,0.002420194,Sidalcea,,,,,
BB_Bernel_Aug,0.002420194,Silene,,,,,
BB_Bernel_Aug,0.716377453,Solanum,,,,,
BB_Bernel_Aug,0.002420194,Solidago,,,,,
BB_Bernel_Aug,0.002420194,Sonchus,,,,,
BB_Bernel_Aug,0.002420194,Spergularia,,,,,
BB_Bernel_Aug,1.573126165,Spiraea,,,,,
BB_Bernel_Aug,0.220237663,Taraxacum,,,,,
BB_Bernel_Aug,0.002420194,Tarenaya,,,,,
BB_Bernel_Aug,0.002420194,Telanthophora,,,,,
BB_Bernel_Aug,0.002420194,Toxicodendron,,,,,
BB_Bernel_Aug,0.002420194,Trichogonia,,,,,
BB_Bernel_Aug,26.61729471,Trifolium,,,,,
BB_Bernel_Aug,0.002420194,Tripsacum,,,,,
BB_Bernel_Aug,0.002420194,Trymatococcus,,,,,
BB_Bernel_Aug,0.002420194,Urceola,,,,,
BB_Bernel_Aug,0.002420194,Uropappus,,,,,
BB_Bernel_Aug,0.026622135,Urospermum,,,,,
BB_Bernel_Aug,0.004840388,Urtica,,,,,
BB_Bernel_Aug,0.002420194,Vicia,,,,,
BB_Bernel_Aug,0.002420194,Xeroderris,,,,,
BB_Bernel_Aug,5.338948184,Zea,,,,,
BB_Colyer_Aug,0.002872903,Acantholepis,,,,,
BB_Colyer_Aug,0.002872903,Agrimonia,,,,,
BB_Colyer_Aug,0.002872903,Alectra,,,,,
BB_Colyer_Aug,0.002872903,Alternanthera,,,,,
BB_Colyer_Aug,0.002872903,Ammannia,,,,,
BB_Colyer_Aug,0.005745806,Ammoides,,,,,
BB_Colyer_Aug,0.008618708,Amphithalea,,,,,
BB_Colyer_Aug,0.146518042,Amphoricarpos,,,,,
BB_Colyer_Aug,0.011491611,Anaphalis,,,,,
BB_Colyer_Aug,0.008618708,Anemone,,,,,
BB_Colyer_Aug,0.017237417,Arafoe,,,,,
BB_Colyer_Aug,0.3102735,Arctium,,,,,
BB_Colyer_Aug,0.002872903,Baliospermum,,,,,
BB_Colyer_Aug,0.008618708,Betula,,,,,
BB_Colyer_Aug,0.002872903,Brachyglottis,,,,,
BB_Colyer_Aug,0.002872903,Brandisia,,,,,
BB_Colyer_Aug,0.002872903,Brassica,,,,,
BB_Colyer_Aug,0.002872903,Bunium,,,,,
BB_Colyer_Aug,9.22489083,Carduus,,,,,
BB_Colyer_Aug,0.356239945,Carthamus,,,,,
BB_Colyer_Aug,0.002872903,Castelnavia,,,,,
BB_Colyer_Aug,0.002872903,Castilleja,,,,,
BB_Colyer_Aug,0.031601931,Celastrus,,,,,
BB_Colyer_Aug,16.3209607,Centaurea,,,,,
BB_Colyer_Aug,0.028729028,Chamaecrista,,,,,
BB_Colyer_Aug,0.002872903,Chrysophyllum,,,,,
BB_Colyer_Aug,0.005745806,Chuquiraga,,,,,
BB_Colyer_Aug,0.017237417,Cicer,,,,,
BB_Colyer_Aug,0.836014709,Cichorium,,,,,
BB_Colyer_Aug,0.022983222,Cirsium,,,,,
BB_Colyer_Aug,0.005745806,Clematis,,,,,
BB_Colyer_Aug,0.002872903,Colubrina,,,,,
BB_Colyer_Aug,0.002872903,Coronidium,,,,,
BB_Colyer_Aug,0.008618708,Coronilla,,,,,
BB_Colyer_Aug,0.002872903,Cotula,,,,,
BB_Colyer_Aug,0.002872903,Cuminia,,,,,
BB_Colyer_Aug,0.008618708,Cyclamen,,,,,
BB_Colyer_Aug,23.6554815,Daucus,,,,,
BB_Colyer_Aug,0.002872903,Diplostephium,,,,,
BB_Colyer_Aug,0.008618708,Dipsacus,,,,,
BB_Colyer_Aug,0.002872903,Echium,,,,,
BB_Colyer_Aug,0.002872903,Elaeagnus,,,,,
BB_Colyer_Aug,0.005745806,Elephantopus,,,,,
BB_Colyer_Aug,0.002872903,Embelia,,,,,
BB_Colyer_Aug,0.008618708,Erigeron,,,,,
BB_Colyer_Aug,0.002872903,Euphrosyne,,,,,
BB_Colyer_Aug,0.025856125,Eutrochium,,,,,
BB_Colyer_Aug,0.002872903,Fallopia,,,,,
BB_Colyer_Aug,0.017237417,Forsythia,,,,,
BB_Colyer_Aug,0.005745806,Galatella,,,,,
BB_Colyer_Aug,0.821650195,Glycine,,,,,
BB_Colyer_Aug,0.008618708,Goodenia,,,,,
BB_Colyer_Aug,0.005745806,Hedera,,,,,
BB_Colyer_Aug,0.002872903,Howellia,,,,,
BB_Colyer_Aug,0.002872903,Hydrangea,,,,,
BB_Colyer_Aug,0.008618708,Hymenonema,,,,,
BB_Colyer_Aug,0.002872903,Hyoscyamus,,,,,
BB_Colyer_Aug,0.002872903,Inula,,,,,
BB_Colyer_Aug,0.020110319,Jacobaea,,,,,
BB_Colyer_Aug,0.002872903,Kippistia,,,,,
BB_Colyer_Aug,0.025856125,Klasea,,,,,
BB_Colyer_Aug,0.014364514,Koanophyllon,,,,,
BB_Colyer_Aug,0.002872903,Kostermanthus,,,,,
BB_Colyer_Aug,0.002872903,Liriodendron,,,,,
BB_Colyer_Aug,0.05171225,Logfia,,,,,
BB_Colyer_Aug,0.043093542,Lotus,,,,,
BB_Colyer_Aug,0.002872903,Lycoris,,,,,
BB_Colyer_Aug,0.002872903,Lygodesmia,,,,,
BB_Colyer_Aug,0.002872903,Melampodium,,,,,
BB_Colyer_Aug,0.002872903,Metalasia,,,,,
BB_Colyer_Aug,0.008618708,Meum,,,,,
BB_Colyer_Aug,0.002872903,Microseris,,,,,
BB_Colyer_Aug,0.002872903,Morella,,,,,
BB_Colyer_Aug,0.002872903,Myrsine,,,,,
BB_Colyer_Aug,0.017237417,Nepeta,,,,,
BB_Colyer_Aug,0.005745806,Nyssa,,,,,
BB_Colyer_Aug,0.008618708,Olearia,,,,,
BB_Colyer_Aug,0.008618708,Onosma,,,,,
BB_Colyer_Aug,0.002872903,Orlaya,,,,,
BB_Colyer_Aug,0.002872903,Persea,,,,,
BB_Colyer_Aug,0.106297403,Petradoria,,,,,
BB_Colyer_Aug,0.008618708,Phalacroseris,,,,,
BB_Colyer_Aug,0.002872903,Phytolacca,,,,,
BB_Colyer_Aug,0.011491611,Pichia,,,,,
BB_Colyer_Aug,0.002872903,Pimelea,,,,,
BB_Colyer_Aug,35.04654103,Plantago,,,,,
BB_Colyer_Aug,0.031601931,Prenanthella,,,,,
BB_Colyer_Aug,0.017237417,Prenanthes,,,,,
BB_Colyer_Aug,0.040220639,Prunella,,,,,
BB_Colyer_Aug,0.002872903,Prunus,,,,,
BB_Colyer_Aug,0.002872903,Psacalium,,,,,
BB_Colyer_Aug,0.025856125,Pueraria,,,,,
BB_Colyer_Aug,0.043093542,Remya,,,,,
BB_Colyer_Aug,0.565961848,Rhaponticum,,,,,
BB_Colyer_Aug,0.002872903,Robinia,,,,,
BB_Colyer_Aug,0.005745806,Roldana,,,,,
BB_Colyer_Aug,0.008618708,Rosa,,,,,
BB_Colyer_Aug,0.002872903,Rubus,,,,,
BB_Colyer_Aug,3.786485865,Saussurea,,,,,
BB_Colyer_Aug,0.002872903,Saxifraga,,,,,
BB_Colyer_Aug,0.002872903,Scaevola,,,,,
BB_Colyer_Aug,0.002872903,Scirpus,,,,,
BB_Colyer_Aug,0.002872903,Sclerochiton,,,,,
BB_Colyer_Aug,1.674902321,Securigera,,,,,
BB_Colyer_Aug,0.022983222,Senecio,,,,,
BB_Colyer_Aug,0.002872903,Shinnersoseris,,,,,
BB_Colyer_Aug,0.05171225,Solanum,,,,,
BB_Colyer_Aug,0.25856125,Solidago,,,,,
BB_Colyer_Aug,0.005745806,Spergularia,,,,,
BB_Colyer_Aug,0.020110319,Stenotus,,,,,
BB_Colyer_Aug,0.002872903,Stoebe,,,,,
BB_Colyer_Aug,0.005745806,Telanthophora,,,,,
BB_Colyer_Aug,0.014364514,Toxicodendron,,,,,
BB_Colyer_Aug,5.92967134,Trifolium,,,,,
BB_Colyer_Aug,0.002872903,Uraria,,,,,
BB_Colyer_Aug,0.005745806,Urospermum,,,,,
BB_Colyer_Aug,0.002872903,Zea,,,,,
BB_FB_Aug,0.002442778,Abrotanella,,,,,
BB_FB_Aug,0.002442778,Acacia,,,,,
BB_FB_Aug,0.002442778,Acanthocalyx,,,,,
BB_FB_Aug,0.002442778,Achillea,,,,,
BB_FB_Aug,0.004885556,Achimenes,,,,,
BB_FB_Aug,0.002442778,Adenocaulon,,,,,
BB_FB_Aug,0.002442778,Aganope,,,,,
BB_FB_Aug,0.004885556,Agastache,,,,,
BB_FB_Aug,0.014656668,Agoseris,,,,,
BB_FB_Aug,0.002442778,Aizoon,,,,,
BB_FB_Aug,0.002442778,Alangium,,,,,
BB_FB_Aug,0.454356694,Albizia,,,,,
BB_FB_Aug,0.002442778,Alectra,,,,,
BB_FB_Aug,0.026870557,Allium,,,,,
BB_FB_Aug,0.009771112,Alseis,,,,,
BB_FB_Aug,0.01221389,Alternanthera,,,,,
BB_FB_Aug,0.009771112,Ammodaucus,,,,,
BB_FB_Aug,0.024427779,Amphithalea,,,,,
BB_FB_Aug,0.002442778,Amphoricarpos,,,,,
BB_FB_Aug,0.002442778,Anemone,,,,,
BB_FB_Aug,0.002442778,Antirrhinum,,,,,
BB_FB_Aug,0.002442778,Apinagia,,,,,
BB_FB_Aug,0.046412781,Aralia,,,,,
BB_FB_Aug,0.505655031,Arctium,,,,,
BB_FB_Aug,0.002442778,Arctotheca,,,,,
BB_FB_Aug,0.002442778,Aspidocarya,,,,,
BB_FB_Aug,0.007328334,Astragalus,,,,,
BB_FB_Aug,0.007328334,Baliospermum,,,,,
BB_FB_Aug,0.002442778,Betula,,,,,
BB_FB_Aug,0.029313335,Brandisia,,,,,
BB_FB_Aug,0.002442778,Buddleja,,,,,
BB_FB_Aug,0.004885556,Bupleurum,,,,,
BB_FB_Aug,0.002442778,Cardamine,,,,,
BB_FB_Aug,4.550895278,Carduus,,,,,
BB_FB_Aug,0.007328334,Carpanthea,,,,,
BB_FB_Aug,0.002442778,Carpodetus,,,,,
BB_FB_Aug,0.009771112,Castelnavia,,,,,
BB_FB_Aug,0.043970003,Celastrus,,,,,
BB_FB_Aug,0.01221389,Celmisia,,,,,
BB_FB_Aug,0.009771112,Centaurea,,,,,
BB_FB_Aug,0.019542223,Cephalanthus,,,,,
BB_FB_Aug,0.002442778,Chamaecrista,,,,,
BB_FB_Aug,0.002442778,Chionophila,,,,,
BB_FB_Aug,0.002442778,Chlorella,,,,,
BB_FB_Aug,0.002442778,Chrysophyllum,,,,,
BB_FB_Aug,0.019542223,Chuquiraga,,,,,
BB_FB_Aug,0.068397782,Cicer,,,,,
BB_FB_Aug,0.217407236,Cichorium,,,,,
BB_FB_Aug,3.102327967,Cirsium,,,,,
BB_FB_Aug,0.002442778,Clarkia,,,,,
BB_FB_Aug,0.002442778,Cleonia,,,,,
BB_FB_Aug,0.075726116,Clinopodium,,,,,
BB_FB_Aug,0.002442778,Coffea,,,,,
BB_FB_Aug,0.002442778,Cornutia,,,,,
BB_FB_Aug,0.004885556,Coronidium,,,,,
BB_FB_Aug,0.065955004,Coronilla,,,,,
BB_FB_Aug,0.002442778,Cotula,,,,,
BB_FB_Aug,0.004885556,Crepis,,,,,
BB_FB_Aug,0.002442778,Croton,,,,,
BB_FB_Aug,0.002442778,Cyclamen,,,,,
BB_FB_Aug,0.004885556,Cynara,,,,,
BB_FB_Aug,0.009771112,Daucus,,,,,
BB_FB_Aug,0.002442778,Diospyros,,,,,
BB_FB_Aug,0.007328334,Dipsacus,,,,,
BB_FB_Aug,0.014656668,Dubyaea,,,,,
BB_FB_Aug,0.004885556,Echium,,,,,
BB_FB_Aug,0.007328334,Elaeagnus,,,,,
BB_FB_Aug,0.004885556,Euphrosyne,,,,,
BB_FB_Aug,0.004885556,Fatsia,,,,,
BB_FB_Aug,0.002442778,Faucherea,,,,,
BB_FB_Aug,0.002442778,Festuca,,,,,
BB_FB_Aug,0.002442778,Foeniculum,,,,,
BB_FB_Aug,0.009771112,Forsythia,,,,,
BB_FB_Aug,0.002442778,Galatella,,,,,
BB_FB_Aug,0.007328334,Geranium,,,,,
BB_FB_Aug,0.004885556,Geum,,,,,
BB_FB_Aug,0.002442778,Glandularia,,,,,
BB_FB_Aug,0.024427779,Glechon,,,,,
BB_FB_Aug,0.007328334,Gleditsia,,,,,
BB_FB_Aug,0.048855559,Glycine,,,,,
BB_FB_Aug,0.009771112,Goodenia,,,,,
BB_FB_Aug,0.002442778,Harveya,,,,,
BB_FB_Aug,0.009771112,Hedera,,,,,
BB_FB_Aug,0.002442778,Hedyotis,,,,,
BB_FB_Aug,0.002442778,Heracleum,,,,,
BB_FB_Aug,0.002442778,Heterosperma,,,,,
BB_FB_Aug,0.009771112,Hovenia,,,,,
BB_FB_Aug,0.002442778,Hydnophytum,,,,,
BB_FB_Aug,0.002442778,Hydrangea,,,,,
BB_FB_Aug,0.051298336,Hydrocera,,,,,
BB_FB_Aug,0.007328334,Hymenonema,,,,,
BB_FB_Aug,0.031756113,Hyobanche,,,,,
BB_FB_Aug,0.403058358,Hyoscyamus,,,,,
BB_FB_Aug,13.5232186,Hypericum,,,,,
BB_FB_Aug,0.002442778,Hypochaeris,,,,,
BB_FB_Aug,2.379265701,Impatiens,,,,,
BB_FB_Aug,0.002442778,Ischaemum,,,,,
BB_FB_Aug,0.002442778,Isodon,,,,,
BB_FB_Aug,0.009771112,Jacobaea,,,,,
BB_FB_Aug,0.004885556,Jacquemontia,,,,,
BB_FB_Aug,0.002442778,Kippistia,,,,,
BB_FB_Aug,0.007328334,Klasea,,,,,
BB_FB_Aug,1.187190073,Lactuca,,,,,
BB_FB_Aug,0.007328334,Lamium,,,,,
BB_FB_Aug,0.002442778,Lantana,,,,,
BB_FB_Aug,0.002442778,Lathyrus,,,,,
BB_FB_Aug,0.002442778,Leptoderris,,,,,
BB_FB_Aug,0.004885556,Leucogenes,,,,,
BB_FB_Aug,0.004885556,Lobelia,,,,,
BB_FB_Aug,0.002442778,Logfia,,,,,
BB_FB_Aug,0.002442778,Lonicera,,,,,
BB_FB_Aug,0.014656668,Lotus,,,,,
BB_FB_Aug,0.002442778,Lysipomia,,,,,
BB_FB_Aug,0.002442778,Magnoliophyta,,,,,
BB_FB_Aug,0.002442778,Magoniella,,,,,
BB_FB_Aug,0.090382783,Medicago,,,,,
BB_FB_Aug,0.002442778,Melampodium,,,,,
BB_FB_Aug,0.002442778,Melilotus,,,,,
BB_FB_Aug,0.002442778,Meryta,,,,,
BB_FB_Aug,0.002442778,Metalasia,,,,,
BB_FB_Aug,0.002442778,Microseris,,,,,
BB_FB_Aug,0.01221389,Monarda,,,,,
BB_FB_Aug,0.004885556,Myriophyllum,,,,,
BB_FB_Aug,0.029313335,Myrmeconauclea,,,,,
BB_FB_Aug,0.002442778,Nepeta,,,,,
BB_FB_Aug,0.051298336,Nicotiana,,,,,
BB_FB_Aug,0.002442778,Nissolia,,,,,
BB_FB_Aug,0.004885556,Noltea,,,,,
BB_FB_Aug,0.002442778,Noronhia,,,,,
BB_FB_Aug,0.002442778,Omphalogramma,,,,,
BB_FB_Aug,0.004885556,Ononis,,,,,
BB_FB_Aug,0.075726116,Onosma,,,,,
BB_FB_Aug,0.002442778,Orthanthera,,,,,
BB_FB_Aug,0.009771112,Oxalis,,,,,
BB_FB_Aug,0.007328334,Oxytropis,,,,,
BB_FB_Aug,0.002442778,Padbruggea,,,,,
BB_FB_Aug,0.043970003,Pellacalyx,,,,,
BB_FB_Aug,0.004885556,Penstemon,,,,,
BB_FB_Aug,0.002442778,Penthorum,,,,,
BB_FB_Aug,0.002442778,Phalacroseris,,,,,
BB_FB_Aug,0.004885556,Phlox,,,,,
BB_FB_Aug,0.002442778,Physalis,,,,,
BB_FB_Aug,0.009771112,Physaria,,,,,
BB_FB_Aug,0.004885556,Phytolacca,,,,,
BB_FB_Aug,0.002442778,Picris,,,,,
BB_FB_Aug,0.009771112,Pinguicula,,,,,
BB_FB_Aug,0.002442778,Pipturus,,,,,
BB_FB_Aug,0.004885556,Pittosporum,,,,,
BB_FB_Aug,0.002442778,Plagiomnium,,,,,
BB_FB_Aug,20.98590517,Plantago,,,,,
BB_FB_Aug,0.002442778,Poa,,,,,
BB_FB_Aug,0.002442778,Podostemaceae,,,,,
BB_FB_Aug,0.009771112,Polycnemum,,,,,
BB_FB_Aug,0.007328334,Polygala,,,,,
BB_FB_Aug,0.002442778,Polygonum,,,,,
BB_FB_Aug,0.002442778,Polyscias,,,,,
BB_FB_Aug,0.007328334,Potentilla,,,,,
BB_FB_Aug,0.002442778,Prenanthella,,,,,
BB_FB_Aug,0.019542223,Primula,,,,,
BB_FB_Aug,0.007328334,Primulina,,,,,
BB_FB_Aug,0.217407236,Prunella,,,,,
BB_FB_Aug,0.002442778,Prunus,,,,,
BB_FB_Aug,0.004885556,Quercus,,,,,
BB_FB_Aug,0.004885556,Ranunculus,,,,,
BB_FB_Aug,0.029313335,Remya,,,,,
BB_FB_Aug,0.002442778,Rhus,,,,,
BB_FB_Aug,0.007328334,Ribes,,,,,
BB_FB_Aug,0.002442778,Roella,,,,,
BB_FB_Aug,0.021985001,Rosa,,,,,
BB_FB_Aug,0.019542223,Rubus,,,,,
BB_FB_Aug,0.002442778,Sagittaria,,,,,
BB_FB_Aug,0.007328334,Salix,,,,,
BB_FB_Aug,0.063512226,Saussurea,,,,,
BB_FB_Aug,0.009771112,Scaevola,,,,,
BB_FB_Aug,0.002442778,Schizocarpum,,,,,
BB_FB_Aug,12.65358966,Securigera,,,,,
BB_FB_Aug,0.009771112,Sedum,,,,,
BB_FB_Aug,0.007328334,Senecio,,,,,
BB_FB_Aug,0.002442778,Senegalia,,,,,
BB_FB_Aug,10.47218897,Solanum,,,,,
BB_FB_Aug,0.007328334,Solori,,,,,
BB_FB_Aug,0.004885556,Spergularia,,,,,
BB_FB_Aug,0.002442778,Sphaerosacme,,,,,
BB_FB_Aug,0.002442778,Spiraea,,,,,
BB_FB_Aug,0.002442778,Streptocarpus,,,,,
BB_FB_Aug,0.002442778,Tirpitzia,,,,,
BB_FB_Aug,0.007328334,Toxicodendron,,,,,
BB_FB_Aug,0.007328334,Trevesia,,,,,
BB_FB_Aug,0.002442778,Trichogonia,,,,,
BB_FB_Aug,27.56430613,Trifolium,,,,,
BB_FB_Aug,0.002442778,Trigonella,,,,,
BB_FB_Aug,0.026870557,Tzeltalia,,,,,
BB_FB_Aug,0.002442778,Urceola,,,,,
BB_FB_Aug,0.009771112,Urospermum,,,,,
BB_FB_Aug,0.004885556,Verbena,,,,,
BB_FB_Aug,0.002442778,Vicia,,,,,
BB_FB_Aug,0.004885556,Xeroderris,,,,,
BB_Hyner_Aug,0.004318722,Acacia,,,,,
BB_Hyner_Aug,0.004318722,Acer,,,,,
BB_Hyner_Aug,0.004318722,Adina,,,,,
BB_Hyner_Aug,0.004318722,Aidia,,,,,
BB_Hyner_Aug,0.004318722,Allium,,,,,
BB_Hyner_Aug,0.02591233,Alternanthera,,,,,
BB_Hyner_Aug,0.05182466,Amorphophallus,,,,,
BB_Hyner_Aug,0.138199093,Amphithalea,,,,,
BB_Hyner_Aug,0.138199093,Antirrhinum,,,,,
BB_Hyner_Aug,0.008637443,Arctium,,,,,
BB_Hyner_Aug,0.004318722,Atraphaxis,,,,,
BB_Hyner_Aug,0.004318722,Berlinia,,,,,
BB_Hyner_Aug,0.004318722,Betula,,,,,
BB_Hyner_Aug,0.004318722,Brachyglottis,,,,,
BB_Hyner_Aug,0.043187217,Brandisia,,,,,
BB_Hyner_Aug,0.095011876,Brassica,,,,,
BB_Hyner_Aug,0.012956165,Calliandra,,,,,
BB_Hyner_Aug,0.004318722,Camellia,,,,,
BB_Hyner_Aug,0.004318722,Capsicum,,,,,
BB_Hyner_Aug,0.012956165,Capuronianthus,,,,,
BB_Hyner_Aug,0.008637443,Carapa,,,,,
BB_Hyner_Aug,0.030231052,Carduus,,,,,
BB_Hyner_Aug,0.004318722,Carthamus,,,,,
BB_Hyner_Aug,0.120924206,Castelnavia,,,,,
BB_Hyner_Aug,0.008637443,Celastrus,,,,,
BB_Hyner_Aug,1.114230188,Centaurea,,,,,
BB_Hyner_Aug,0.004318722,Cinnamomum,,,,,
BB_Hyner_Aug,0.23321097,Cirsium,,,,,
BB_Hyner_Aug,0.021593608,Clinopodium,,,,,
BB_Hyner_Aug,0.004318722,Coccoloba,,,,,
BB_Hyner_Aug,0.017274887,Coincya,,,,,
BB_Hyner_Aug,0.043187217,Colubrina,,,,,
BB_Hyner_Aug,0.276398186,Coronilla,,,,,
BB_Hyner_Aug,0.004318722,Coulteria,,,,,
BB_Hyner_Aug,0.004318722,Crepis,,,,,
BB_Hyner_Aug,0.008637443,Cubanola,,,,,
BB_Hyner_Aug,0.98898726,Cuminia,,,,,
BB_Hyner_Aug,0.004318722,Cuphea,,,,,
BB_Hyner_Aug,0.017274887,Cuscuta,,,,,
BB_Hyner_Aug,0.038868495,Cytisopsis,,,,,
BB_Hyner_Aug,0.151155258,Daucus,,,,,
BB_Hyner_Aug,0.017274887,Dendrotrophe,,,,,
BB_Hyner_Aug,0.012956165,Didymocarpus,,,,,
BB_Hyner_Aug,0.004318722,Digitalis,,,,,
BB_Hyner_Aug,0.004318722,Diplodiscus,,,,,
BB_Hyner_Aug,0.004318722,Dipsacus,,,,,
BB_Hyner_Aug,0.004318722,Dolichlasium,,,,,
BB_Hyner_Aug,0.004318722,Donnellsmithia,,,,,
BB_Hyner_Aug,0.017274887,Dorycnium,,,,,
BB_Hyner_Aug,0.004318722,Draba,,,,,
BB_Hyner_Aug,0.004318722,Duma,,,,,
BB_Hyner_Aug,0.043187217,Echium,,,,,
BB_Hyner_Aug,0.012956165,Elaeagnus,,,,,
BB_Hyner_Aug,0.004318722,Entandrophragma,,,,,
BB_Hyner_Aug,0.004318722,Ephedra,,,,,
BB_Hyner_Aug,0.004318722,Epilobium,,,,,
BB_Hyner_Aug,0.004318722,Eurypetalum,,,,,
BB_Hyner_Aug,0.470740661,Fallopia,,,,,
BB_Hyner_Aug,0.008637443,Fatsia,,,,,
BB_Hyner_Aug,0.012956165,Ficus,,,,,
BB_Hyner_Aug,0.004318722,Forsythia,,,,,
BB_Hyner_Aug,0.008637443,Galium,,,,,
BB_Hyner_Aug,0.004318722,Garnieria,,,,,
BB_Hyner_Aug,0.004318722,Gasteranthus,,,,,
BB_Hyner_Aug,0.004318722,Gaultheria,,,,,
BB_Hyner_Aug,0.004318722,Geissomeria,,,,,
BB_Hyner_Aug,0.012956165,Geranium,,,,,
BB_Hyner_Aug,0.004318722,Gleditsia,,,,,
BB_Hyner_Aug,0.004318722,Grevillea,,,,,
BB_Hyner_Aug,0.008637443,Guaiacum,,,,,
BB_Hyner_Aug,0.004318722,Hessea,,,,,
BB_Hyner_Aug,0.008637443,Hibiscus,,,,,
BB_Hyner_Aug,0.004318722,Hoffmannseggia,,,,,
BB_Hyner_Aug,0.008637443,Horovitzia,,,,,
BB_Hyner_Aug,1.498596415,Hovenia,,,,,
BB_Hyner_Aug,0.008637443,Humbertia,,,,,
BB_Hyner_Aug,0.021593608,Hyobanche,,,,,
BB_Hyner_Aug,0.146836536,Hypericum,,,,,
BB_Hyner_Aug,0.004318722,Ipomoea,,,,,
BB_Hyner_Aug,0.004318722,Iris,,,,,
BB_Hyner_Aug,0.004318722,Isopogon,,,,,
BB_Hyner_Aug,0.004318722,Jacobaea,,,,,
BB_Hyner_Aug,0.008637443,Junellia,,,,,
BB_Hyner_Aug,0.004318722,Kandelia,,,,,
BB_Hyner_Aug,0.017274887,Kingiodendron,,,,,
BB_Hyner_Aug,0.004318722,Klasea,,,,,
BB_Hyner_Aug,0.004318722,Krameria,,,,,
BB_Hyner_Aug,0.012956165,Krigia,,,,,
BB_Hyner_Aug,0.004318722,Lapsana,,,,,
BB_Hyner_Aug,0.004318722,Lasiodiscus,,,,,
BB_Hyner_Aug,0.004318722,Lathraea,,,,,
BB_Hyner_Aug,0.012956165,Lathyrus,,,,,
BB_Hyner_Aug,0.012956165,Leucopogon,,,,,
BB_Hyner_Aug,0.393003671,Linum,,,,,
BB_Hyner_Aug,0.004318722,Lobelia,,,,,
BB_Hyner_Aug,0.004318722,Lonicera,,,,,
BB_Hyner_Aug,0.004318722,Lophogyne,,,,,
BB_Hyner_Aug,20.00431872,Lotus,,,,,
BB_Hyner_Aug,0.004318722,Lycoris,,,,,
BB_Hyner_Aug,0.004318722,Lysipomia,,,,,
BB_Hyner_Aug,0.004318722,Magnoliophyta,,,,,
BB_Hyner_Aug,0.004318722,Maireana,,,,,
BB_Hyner_Aug,0.008637443,Malus,,,,,
BB_Hyner_Aug,0.004318722,Mammea,,,,,
BB_Hyner_Aug,0.004318722,Medicago,,,,,
BB_Hyner_Aug,0.215936083,Melilotus,,,,,
BB_Hyner_Aug,0.017274887,Meryta,,,,,
BB_Hyner_Aug,0.004318722,Microlaena,,,,,
BB_Hyner_Aug,0.008637443,Mostacillastrum,,,,,
BB_Hyner_Aug,0.008637443,Muehlenbeckia,,,,,
BB_Hyner_Aug,0.004318722,Musa,,,,,
BB_Hyner_Aug,0.004318722,Myrmeconauclea,,,,,
BB_Hyner_Aug,0.008637443,Neurada,,,,,
BB_Hyner_Aug,0.008637443,Nicotiana,,,,,
BB_Hyner_Aug,0.008637443,Nitraria,,,,,
BB_Hyner_Aug,0.008637443,Notothlaspi,,,,,
BB_Hyner_Aug,0.008637443,Nymphoides,,,,,
BB_Hyner_Aug,0.004318722,Nyssa,,,,,
BB_Hyner_Aug,0.302310516,Onosma,,,,,
BB_Hyner_Aug,0.008637443,Orobanche,,,,,
BB_Hyner_Aug,3.761606564,Oxalis,,,,,
BB_Hyner_Aug,0.004318722,Paeonia,,,,,
BB_Hyner_Aug,0.017274887,Panicum,,,,,
BB_Hyner_Aug,0.004318722,Paramignya,,,,,
BB_Hyner_Aug,0.004318722,Perideridia,,,,,
BB_Hyner_Aug,0.004318722,Petradoria,,,,,
BB_Hyner_Aug,0.012956165,Physaria,,,,,
BB_Hyner_Aug,0.008637443,Pinguicula,,,,,
BB_Hyner_Aug,0.017274887,Pittosporum,,,,,
BB_Hyner_Aug,0.004318722,Planchonella,,,,,
BB_Hyner_Aug,8.633124595,Plantago,,,,,
BB_Hyner_Aug,0.004318722,Platanus,,,,,
BB_Hyner_Aug,0.004318722,Platycarya,,,,,
BB_Hyner_Aug,0.008637443,Polycnemum,,,,,
BB_Hyner_Aug,0.004318722,Polygonum,,,,,
BB_Hyner_Aug,0.004318722,Pomaria,,,,,
BB_Hyner_Aug,0.004318722,Pouteria,,,,,
BB_Hyner_Aug,0.185705031,Prunella,,,,,
BB_Hyner_Aug,0.004318722,Prunus,,,,,
BB_Hyner_Aug,0.017274887,Psychotria,,,,,
BB_Hyner_Aug,0.012956165,Raphanus,,,,,
BB_Hyner_Aug,0.008637443,Rhaponticum,,,,,
BB_Hyner_Aug,0.004318722,Rhynchocorys,,,,,
BB_Hyner_Aug,0.004318722,Ruellia,,,,,
BB_Hyner_Aug,0.008637443,Salvadora,,,,,
BB_Hyner_Aug,0.116605485,Saussurea,,,,,
BB_Hyner_Aug,0.060462103,Schottarum,,,,,
BB_Hyner_Aug,56.61412222,Securigera,,,,,
BB_Hyner_Aug,0.017274887,Sedum,,,,,
BB_Hyner_Aug,0.008637443,Senecio,,,,,
BB_Hyner_Aug,0.004318722,Senegalia,,,,,
BB_Hyner_Aug,0.090693155,Solanum,,,,,
BB_Hyner_Aug,0.008637443,Sophora,,,,,
BB_Hyner_Aug,1.973655798,Spergularia,,,,,
BB_Hyner_Aug,0.004318722,Stachytarpheta,,,,,
BB_Hyner_Aug,0.004318722,Stackhousia,,,,,
BB_Hyner_Aug,0.004318722,Striga,,,,,
BB_Hyner_Aug,0.004318722,Suregada,,,,,
BB_Hyner_Aug,0.004318722,Symphoricarpos,,,,,
BB_Hyner_Aug,0.004318722,Testulea,,,,,
BB_Hyner_Aug,0.012956165,Teucrium,,,,,
BB_Hyner_Aug,0.012956165,Trichogonia,,,,,
BB_Hyner_Aug,0.15547398,Trifolium,,,,,
BB_Hyner_Aug,0.012956165,Trigonella,,,,,
BB_Hyner_Aug,0.017274887,Tulipa,,,,,
BB_Hyner_Aug,0.004318722,Umbilicus,,,,,
BB_Hyner_Aug,0.004318722,Urceola,,,,,
BB_Hyner_Aug,0.820557115,Vicia,,,,,
BB_Hyner_Aug,0.012956165,Vigna,,,,,
BB_Hyner_Aug,0.008637443,Viola,,,,,
BB_Hyner_Aug,0.004318722,Xeroderris,,,,,
BB_Hyner_Aug,0.004318722,Zaleya,,,,,
BB_RS_Aug,0.006820352,Acanthocalyx,,,,,
BB_RS_Aug,0.006820352,Acleisanthes,,,,,
BB_RS_Aug,0.006820352,Acmispon,,,,,
BB_RS_Aug,0.013640704,Adansonia,,,,,
BB_RS_Aug,0.006820352,Althaea,,,,,
BB_RS_Aug,0.006820352,Ammodaucus,,,,,
BB_RS_Aug,0.006820352,Amphithalea,,,,,
BB_RS_Aug,0.013640704,Anemone,,,,,
BB_RS_Aug,12.67221389,Aralia,,,,,
BB_RS_Aug,0.006820352,Astragalus,,,,,
BB_RS_Aug,0.006820352,Ballota,,,,,
BB_RS_Aug,0.006820352,Bambusa,,,,,
BB_RS_Aug,0.006820352,Betula,,,,,
BB_RS_Aug,0.013640704,Brandisia,,,,,
BB_RS_Aug,0.006820352,Brassica,,,,,
BB_RS_Aug,0.006820352,Burmannia,,,,,
BB_RS_Aug,0.006820352,Calyculogygas,,,,,
BB_RS_Aug,0.245532669,Celastrus,,,,,
BB_RS_Aug,0.006820352,Clematis,,,,,
BB_RS_Aug,0.006820352,Clermontia,,,,,
BB_RS_Aug,0.006820352,Cliffortia,,,,,
BB_RS_Aug,0.013640704,Corchorus,,,,,
BB_RS_Aug,0.006820352,Coronilla,,,,,
BB_RS_Aug,0.006820352,Cuminia,,,,,
BB_RS_Aug,0.006820352,Cuphea,,,,,
BB_RS_Aug,0.006820352,Cytisopsis,,,,,
BB_RS_Aug,0.013640704,Daucus,,,,,
BB_RS_Aug,0.03410176,Dendrotrophe,,,,,
BB_RS_Aug,0.006820352,Denhamia,,,,,
BB_RS_Aug,0.020461056,Diospyros,,,,,
BB_RS_Aug,0.006820352,Dorycnium,,,,,
BB_RS_Aug,0.006820352,Echium,,,,,
BB_RS_Aug,0.03410176,Elaeagnus,,,,,
BB_RS_Aug,0.006820352,Eleutherococcus,,,,,
BB_RS_Aug,0.027281408,Eucrypta,,,,,
BB_RS_Aug,0.006820352,Foeniculum,,,,,
BB_RS_Aug,0.095484927,Galium,,,,,
BB_RS_Aug,0.013640704,Geranium,,,,,
BB_RS_Aug,0.040922112,Gleditsia,,,,,
BB_RS_Aug,0.006820352,Hedera,,,,,
BB_RS_Aug,0.006820352,Hoehnea,,,,,
BB_RS_Aug,0.013640704,Horminum,,,,,
BB_RS_Aug,0.027281408,Hovenia,,,,,
BB_RS_Aug,0.006820352,Hydrangea,,,,,
BB_RS_Aug,0.027281408,Hyobanche,,,,,
BB_RS_Aug,0.013640704,Ipomoea,,,,,
BB_RS_Aug,0.006820352,Jatropha,,,,,
BB_RS_Aug,0.006820352,Junellia,,,,,
BB_RS_Aug,0.013640704,Lemuropisum,,,,,
BB_RS_Aug,0.020461056,Liriodendron,,,,,
BB_RS_Aug,0.006820352,Lobelia,,,,,
BB_RS_Aug,0.006820352,Lonicera,,,,,
BB_RS_Aug,7.099986359,Lotus,,,,,
BB_RS_Aug,0.006820352,Magnolia,,,,,
BB_RS_Aug,0.006820352,Magnoliophyta,,,,,
BB_RS_Aug,0.006820352,Maireana,,,,,
BB_RS_Aug,0.006820352,Medicago,,,,,
BB_RS_Aug,0.020461056,Meryta,,,,,
BB_RS_Aug,0.006820352,Microseris,,,,,
BB_RS_Aug,0.006820352,Monsonia,,,,,
BB_RS_Aug,0.013640704,Myrmeconauclea,,,,,
BB_RS_Aug,0.047742464,Nicotiana,,,,,
BB_RS_Aug,0.006820352,Nyssa,,,,,
BB_RS_Aug,0.020461056,Oxytropis,,,,,
BB_RS_Aug,0.006820352,Papaver,,,,,
BB_RS_Aug,0.006820352,Paradrymonia,,,,,
BB_RS_Aug,59.03014596,Plantago,,,,,
BB_RS_Aug,0.020461056,Polycnemum,,,,,
BB_RS_Aug,0.006820352,Potentilla,,,,,
BB_RS_Aug,4.269540308,Prunella,,,,,
BB_RS_Aug,0.013640704,Prunus,,,,,
BB_RS_Aug,0.006820352,Psylliostachys,,,,,
BB_RS_Aug,0.075023871,Quercus,,,,,
BB_RS_Aug,0.006820352,Ranunculus,,,,,
BB_RS_Aug,0.047742464,Rosa,,,,,
BB_RS_Aug,0.115945983,Rubus,,,,,
BB_RS_Aug,0.03410176,Salix,,,,,
BB_RS_Aug,0.020461056,Securigera,,,,,
BB_RS_Aug,0.013640704,Senna,,,,,
BB_RS_Aug,0.006820352,Sesbania,,,,,
BB_RS_Aug,0.013640704,Silphium,,,,,
BB_RS_Aug,0.006820352,Sinapis,,,,,
BB_RS_Aug,0.102305279,Solanum,,,,,
BB_RS_Aug,0.013640704,Spergularia,,,,,
BB_RS_Aug,0.006820352,Spiraea,,,,,
BB_RS_Aug,0.006820352,Tetraberlinia,,,,,
BB_RS_Aug,0.006820352,Thismia,,,,,
BB_RS_Aug,0.006820352,Toxicodendron,,,,,
BB_RS_Aug,0.047742464,Trevesia,,,,,
BB_RS_Aug,15.25712727,Trifolium,,,,,
BB_RS_Aug,0.013640704,Tzeltalia,,,,,
BB_Scotia_Aug,0.002018123,Acacia,,,,,
BB_Scotia_Aug,0.002018123,Acaena,,,,,
BB_Scotia_Aug,0.002018123,Acanthocalyx,,,,,
BB_Scotia_Aug,0.004036245,Achillea,,,,,
BB_Scotia_Aug,0.004036245,Adina,,,,,
BB_Scotia_Aug,0.002018123,Aglaia,,,,,
BB_Scotia_Aug,0.014126859,Agoseris,,,,,
BB_Scotia_Aug,0.002018123,Allophylus,,,,,
BB_Scotia_Aug,0.010090614,Alternanthera,,,,,
BB_Scotia_Aug,0.004036245,Ambrosia,,,,,
BB_Scotia_Aug,0.002018123,Ammannia,,,,,
BB_Scotia_Aug,0.002018123,Ammodaucus,,,,,
BB_Scotia_Aug,0.002018123,Amorphophallus,,,,,
BB_Scotia_Aug,0.016144982,Amphithalea,,,,,
BB_Scotia_Aug,0.06659805,Amphoricarpos,,,,,
BB_Scotia_Aug,0.006054368,Anemone,,,,,
BB_Scotia_Aug,0.004036245,Anthyllis,,,,,
BB_Scotia_Aug,0.002018123,Antirrhinum,,,,,
BB_Scotia_Aug,0.002018123,Antopetitia,,,,,
BB_Scotia_Aug,0.002018123,Aphanocalyx,,,,,
BB_Scotia_Aug,18.49205869,Aralia,,,,,
BB_Scotia_Aug,0.004036245,Archibaccharis,,,,,
BB_Scotia_Aug,0.165486065,Arctium,,,,,
BB_Scotia_Aug,0.002018123,Aristotelia,,,,,
BB_Scotia_Aug,0.002018123,Atriplex,,,,,
BB_Scotia_Aug,0.002018123,Bakoa,,,,,
BB_Scotia_Aug,0.002018123,Brachyglottis,,,,,
BB_Scotia_Aug,0.026235596,Brandisia,,,,,
BB_Scotia_Aug,0.002018123,Brunfelsia,,,,,
BB_Scotia_Aug,0.002018123,Bupleurum,,,,,
BB_Scotia_Aug,0.006054368,Calliandra,,,,,
BB_Scotia_Aug,0.002018123,Capsicum,,,,,
BB_Scotia_Aug,0.014126859,Carduus,,,,,
BB_Scotia_Aug,0.197776029,Carthamus,,,,,
BB_Scotia_Aug,0.038344332,Celastrus,,,,,
BB_Scotia_Aug,0.004036245,Celmisia,,,,,
BB_Scotia_Aug,11.99572158,Centaurea,,,,,
BB_Scotia_Aug,0.002018123,Cephalanthus,,,,,
BB_Scotia_Aug,22.21347702,Chamaecrista,,,,,
BB_Scotia_Aug,0.006054368,Chelidonium,,,,,
BB_Scotia_Aug,0.002018123,Chuquiraga,,,,,
BB_Scotia_Aug,1.346087869,Cirsium,,,,,
BB_Scotia_Aug,0.002018123,Citharexylum,,,,,
BB_Scotia_Aug,0.211902888,Clematis,,,,,
BB_Scotia_Aug,0.016144982,Clinopodium,,,,,
BB_Scotia_Aug,0.012108736,Colubrina,,,,,
BB_Scotia_Aug,0.002018123,Coptis,,,,,
BB_Scotia_Aug,0.12512361,Coronilla,,,,,
BB_Scotia_Aug,0.004036245,Craterocapsa,,,,,
BB_Scotia_Aug,0.012108736,Cuminia,,,,,
BB_Scotia_Aug,0.10292426,Cunila,,,,,
BB_Scotia_Aug,0.002018123,Cussonia,,,,,
BB_Scotia_Aug,0.002018123,Cyanthillium,,,,,
BB_Scotia_Aug,0.008072491,Cyclamen,,,,,
BB_Scotia_Aug,0.008072491,Cytisopsis,,,,,
BB_Scotia_Aug,0.006054368,Daucus,,,,,
BB_Scotia_Aug,0.008072491,Dendrotrophe,,,,,
BB_Scotia_Aug,0.006054368,Dorycnium,,,,,
BB_Scotia_Aug,0.004036245,Draba,,,,,
BB_Scotia_Aug,0.004036245,Echium,,,,,
BB_Scotia_Aug,0.012108736,Elaeagnus,,,,,
BB_Scotia_Aug,0.020181227,Eleutherococcus,,,,,
BB_Scotia_Aug,0.002018123,Engelhardia,,,,,
BB_Scotia_Aug,0.002018123,Erechtites,,,,,
BB_Scotia_Aug,0.002018123,Erythroseris,,,,,
BB_Scotia_Aug,0.004036245,Eupatorium,,,,,
BB_Scotia_Aug,0.002018123,Euphrasia,,,,,
BB_Scotia_Aug,0.004036245,Euphrosyne,,,,,
BB_Scotia_Aug,0.002018123,Fallopia,,,,,
BB_Scotia_Aug,0.012108736,Forsythia,,,,,
BB_Scotia_Aug,0.002018123,Galatella,,,,,
BB_Scotia_Aug,3.860668806,Glechon,,,,,
BB_Scotia_Aug,0.014126859,Glycine,,,,,
BB_Scotia_Aug,0.008072491,Goodenia,,,,,
BB_Scotia_Aug,0.002018123,Gymnocladus,,,,,
BB_Scotia_Aug,0.002018123,Haloragis,,,,,
BB_Scotia_Aug,0.026235596,Hedera,,,,,
BB_Scotia_Aug,0.002018123,Helianthus,,,,,
BB_Scotia_Aug,0.002018123,Hesperis,,,,,
BB_Scotia_Aug,0.002018123,Hoehnea,,,,,
BB_Scotia_Aug,0.010090614,Hovenia,,,,,
BB_Scotia_Aug,0.02219935,Howellia,,,,,
BB_Scotia_Aug,0.004036245,Hydrangea,,,,,
BB_Scotia_Aug,0.014126859,Hyobanche,,,,,
BB_Scotia_Aug,0.002018123,Hyptis,,,,,
BB_Scotia_Aug,0.002018123,Indigofera,,,,,
BB_Scotia_Aug,0.004036245,Ipomoea,,,,,
BB_Scotia_Aug,0.002018123,Iris,,,,,
BB_Scotia_Aug,0.002018123,Isodon,,,,,
BB_Scotia_Aug,0.016144982,Jacobaea,,,,,
BB_Scotia_Aug,0.002018123,Jasione,,,,,
BB_Scotia_Aug,0.002018123,Jatropha,,,,,
BB_Scotia_Aug,0.004036245,Kalopanax,,,,,
BB_Scotia_Aug,0.002018123,Kippistia,,,,,
BB_Scotia_Aug,0.016144982,Klasea,,,,,
BB_Scotia_Aug,0.002018123,Kleinia,,,,,
BB_Scotia_Aug,0.002018123,Kostermanthus,,,,,
BB_Scotia_Aug,0.002018123,Leptinella,,,,,
BB_Scotia_Aug,0.004036245,Leucanthemum,,,,,
BB_Scotia_Aug,3.630602813,Lotus,,,,,
BB_Scotia_Aug,0.002018123,Lysipomia,,,,,
BB_Scotia_Aug,0.004036245,Maackia,,,,,
BB_Scotia_Aug,0.004036245,Macropanax,,,,,
BB_Scotia_Aug,0.004036245,Maireana,,,,,
BB_Scotia_Aug,0.002018123,Matudaea,,,,,
BB_Scotia_Aug,0.002018123,Maytenus,,,,,
BB_Scotia_Aug,0.002018123,Mazus,,,,,
BB_Scotia_Aug,0.002018123,Melampodium,,,,,
BB_Scotia_Aug,0.010090614,Mentha,,,,,
BB_Scotia_Aug,0.02219935,Meryta,,,,,
BB_Scotia_Aug,0.008072491,Minthostachys,,,,,
BB_Scotia_Aug,1.04538758,Monarda,,,,,
BB_Scotia_Aug,0.002018123,Muehlenbeckia,,,,,
BB_Scotia_Aug,0.002018123,Myriophyllum,,,,,
BB_Scotia_Aug,0.016144982,Myrmeconauclea,,,,,
BB_Scotia_Aug,0.002018123,Myrospermum,,,,,
BB_Scotia_Aug,0.004036245,Myrsine,,,,,
BB_Scotia_Aug,0.042380578,Nepeta,,,,,
BB_Scotia_Aug,0.084761155,Nicotiana,,,,,
BB_Scotia_Aug,0.004036245,Nyssa,,,,,
BB_Scotia_Aug,0.002018123,Olearia,,,,,
BB_Scotia_Aug,0.092833646,Onosma,,,,,
BB_Scotia_Aug,0.002018123,Origanum,,,,,
BB_Scotia_Aug,0.002018123,Osmoxylon,,,,,
BB_Scotia_Aug,0.002018123,Oxalis,,,,,
BB_Scotia_Aug,0.002018123,Panax,,,,,
BB_Scotia_Aug,0.014126859,Papaver,,,,,
BB_Scotia_Aug,0.591309963,Petradoria,,,,,
BB_Scotia_Aug,0.002018123,Physalis,,,,,
BB_Scotia_Aug,0.002018123,Physaria,,,,,
BB_Scotia_Aug,0.004036245,Piofontia,,,,,
BB_Scotia_Aug,0.002018123,Pipturus,,,,,
BB_Scotia_Aug,0.004036245,Pittosporum,,,,,
BB_Scotia_Aug,0.002018123,Planchonella,,,,,
BB_Scotia_Aug,12.19955198,Plantago,,,,,
BB_Scotia_Aug,0.002018123,Pleuricospora,,,,,
BB_Scotia_Aug,0.014126859,Polycnemum,,,,,
BB_Scotia_Aug,0.145304837,Polyscias,,,,,
BB_Scotia_Aug,0.018163105,Pomaria,,,,,
BB_Scotia_Aug,0.002018123,Primula,,,,,
BB_Scotia_Aug,0.010090614,Prunus,,,,,
BB_Scotia_Aug,0.006054368,Psychotria,,,,,
BB_Scotia_Aug,0.002018123,Quercus,,,,,
BB_Scotia_Aug,0.002018123,Raukaua,,,,,
BB_Scotia_Aug,0.02219935,Remya,,,,,
BB_Scotia_Aug,0.27244657,Rhaponticum,,,,,
BB_Scotia_Aug,0.006054368,Rhododon,,,,,
BB_Scotia_Aug,0.004036245,Rhynchocorys,,,,,
BB_Scotia_Aug,0.004036245,Rosa,,,,,
BB_Scotia_Aug,0.008072491,Rubus,,,,,
BB_Scotia_Aug,0.002018123,Samolus,,,,,
BB_Scotia_Aug,1.505519566,Saussurea,,,,,
BB_Scotia_Aug,0.006054368,Saxifraga,,,,,
BB_Scotia_Aug,0.012108736,Scaevola,,,,,
BB_Scotia_Aug,0.004036245,Schefflera,,,,,
BB_Scotia_Aug,0.006054368,Schlechtendalia,,,,,
BB_Scotia_Aug,0.002018123,Schottarum,,,,,
BB_Scotia_Aug,0.002018123,Scorzonera,,,,,
BB_Scotia_Aug,19.4869932,Securigera,,,,,
BB_Scotia_Aug,0.014126859,Senecio,,,,,
BB_Scotia_Aug,0.010090614,Senegalia,,,,,
BB_Scotia_Aug,0.002018123,Sinocrassula,,,,,
BB_Scotia_Aug,0.14732296,Solanum,,,,,
BB_Scotia_Aug,0.585255595,Solidago,,,,,
BB_Scotia_Aug,0.016144982,Spergularia,,,,,
BB_Scotia_Aug,0.006054368,Spiraea,,,,,
BB_Scotia_Aug,0.002018123,Stenandrium,,,,,
BB_Scotia_Aug,0.337026498,Stenotus,,,,,
BB_Scotia_Aug,0.002018123,Stigmaphyllon,,,,,
BB_Scotia_Aug,0.002018123,Symphoricarpos,,,,,
BB_Scotia_Aug,0.006054368,Telanthophora,,,,,
BB_Scotia_Aug,0.002018123,Thouinia,,,,,
BB_Scotia_Aug,0.06659805,Trevesia,,,,,
BB_Scotia_Aug,0.004036245,Trichogonia,,,,,
BB_Scotia_Aug,0.070634296,Trifolium,,,,,
BB_Scotia_Aug,0.028253718,Tzeltalia,,,,,
BB_Scotia_Aug,0.004036245,Urceola,,,,,
BB_Scotia_Aug,0.004036245,Urophyllum,,,,,
BB_Scotia_Aug,0.002018123,Vernonia,,,,,
BB_Scotia_Aug,0.006054368,Xeroderris,,,,,
BB_Scotia_Aug,0.002018123,Zea,,,,,
HB_Arb_Aug,0.01039447,Acer,,,,,
HB_Arb_Aug,0.015591705,Aesculus,,,,,
HB_Arb_Aug,0.02078894,Albizia,,,,,
HB_Arb_Aug,0.005197235,Allium,,,,,
HB_Arb_Aug,0.015591705,Amphoricarpos,,,,,
HB_Arb_Aug,0.005197235,Aralia,,,,,
HB_Arb_Aug,0.03118341,Arctium,,,,,
HB_Arb_Aug,0.005197235,Baptisia,,,,,
HB_Arb_Aug,0.005197235,Callisia,,,,,
HB_Arb_Aug,0.005197235,Carapa,,,,,
HB_Arb_Aug,27.19713113,Carduus,,,,,
HB_Arb_Aug,0.01039447,Celastrus,,,,,
HB_Arb_Aug,0.005197235,Centaurea,,,,,
HB_Arb_Aug,0.005197235,Ceratonia,,,,,
HB_Arb_Aug,0.01039447,Chloracantha,,,,,
HB_Arb_Aug,0.036380645,Cicer,,,,,
HB_Arb_Aug,0.005197235,Cichorium,,,,,
HB_Arb_Aug,0.270256224,Cirsium,,,,,
HB_Arb_Aug,0.02078894,Clematis,,,,,
HB_Arb_Aug,0.005197235,Clinopodium,,,,,
HB_Arb_Aug,0.005197235,Colubrina,,,,,
HB_Arb_Aug,0.005197235,Convolvulus,,,,,
HB_Arb_Aug,0.005197235,Coreopsis,,,,,
HB_Arb_Aug,0.005197235,Coronilla,,,,,
HB_Arb_Aug,0.01039447,Daucus,,,,,
HB_Arb_Aug,0.005197235,Dieteria,,,,,
HB_Arb_Aug,0.062366821,Digitaria,,,,,
HB_Arb_Aug,0.005197235,Diospyros,,,,,
HB_Arb_Aug,0.343017515,Dipsacus,,,,,
HB_Arb_Aug,0.005197235,Dolichlasium,,,,,
HB_Arb_Aug,0.005197235,Drepanocaryum,,,,,
HB_Arb_Aug,0.005197235,Dupontia,,,,,
HB_Arb_Aug,0.005197235,Elaeagnus,,,,,
HB_Arb_Aug,0.015591705,Erigeron,,,,,
HB_Arb_Aug,0.02078894,Eryngium,,,,,
HB_Arb_Aug,0.01039447,Euphorbia,,,,,
HB_Arb_Aug,0.005197235,Euphrosyne,,,,,
HB_Arb_Aug,0.015591705,Fallopia,,,,,
HB_Arb_Aug,0.005197235,Festuca,,,,,
HB_Arb_Aug,0.005197235,Galium,,,,,
HB_Arb_Aug,0.005197235,Geranium,,,,,
HB_Arb_Aug,0.01039447,Glechon,,,,,
HB_Arb_Aug,0.025986175,Gleditsia,,,,,
HB_Arb_Aug,0.015591705,Helenium,,,,,
HB_Arb_Aug,0.280650694,Hydrangea,,,,,
HB_Arb_Aug,0.041577881,Hyoscyamus,,,,,
HB_Arb_Aug,0.046775116,Jacobaea,,,,,
HB_Arb_Aug,0.072761291,Kalopanax,,,,,
HB_Arb_Aug,0.036380645,Knautia,,,,,
HB_Arb_Aug,0.005197235,Lecocarpus,,,,,
HB_Arb_Aug,0.005197235,Leucanthemum,,,,,
HB_Arb_Aug,0.015591705,Liriodendron,,,,,
HB_Arb_Aug,0.02078894,Lonicera,,,,,
HB_Arb_Aug,0.140325347,Lotus,,,,,
HB_Arb_Aug,0.005197235,Medicago,,,,,
HB_Arb_Aug,0.005197235,Melilotus,,,,,
HB_Arb_Aug,21.74523154,Nepeta,,,,,
HB_Arb_Aug,0.005197235,Onosma,,,,,
HB_Arb_Aug,0.015591705,Oxytropis,,,,,
HB_Arb_Aug,0.072761291,Phytolacca,,,,,
HB_Arb_Aug,0.005197235,Pippenalia,,,,,
HB_Arb_Aug,0.077958526,Plantago,,,,,
HB_Arb_Aug,0.015591705,Poa,,,,,
HB_Arb_Aug,0.005197235,Podostemaceae,,,,,
HB_Arb_Aug,0.01039447,Polygonum,,,,,
HB_Arb_Aug,0.005197235,Prunella,,,,,
HB_Arb_Aug,0.01039447,Prunus,,,,,
HB_Arb_Aug,0.005197235,Psacaliopsis,,,,,
HB_Arb_Aug,0.005197235,Psacalium,,,,,
HB_Arb_Aug,0.005197235,Quercus,,,,,
HB_Arb_Aug,0.005197235,Ratibida,,,,,
HB_Arb_Aug,0.015591705,Remya,,,,,
HB_Arb_Aug,0.005197235,Roldana,,,,,
HB_Arb_Aug,0.02078894,Rosa,,,,,
HB_Arb_Aug,0.005197235,Rubus,,,,,
HB_Arb_Aug,0.02078894,Rudbeckia,,,,,
HB_Arb_Aug,0.02078894,Salix,,,,,
HB_Arb_Aug,0.005197235,Saussurea,,,,,
HB_Arb_Aug,0.077958526,Scabiosa,,,,,
HB_Arb_Aug,0.01039447,Scaevola,,,,,
HB_Arb_Aug,1.070630425,Securigera,,,,,
HB_Arb_Aug,0.005197235,Sesleria,,,,,
HB_Arb_Aug,0.005197235,Silene,,,,,
HB_Arb_Aug,0.363806455,Solanum,,,,,
HB_Arb_Aug,0.005197235,Stoebe,,,,,
HB_Arb_Aug,0.207889403,Styphnolobium,,,,,
HB_Arb_Aug,0.01039447,Toxicodendron,,,,,
HB_Arb_Aug,47.08694974,Trifolium,,,,,
HB_Arb_Aug,0.005197235,Trigonella,,,,,
HB_Arb_Aug,0.01039447,Urtica,,,,,
HB_Arb_Aug,0.015591705,Vatairea,,,,,
HB_Arb_Aug,0.077958526,Verbena,,,,,
HB_Bernel_August,0.003306878,Acacia,,,,,
HB_Bernel_August,0.003306878,Acanthocalyx,,,,,
HB_Bernel_August,0.006613757,Acer,,,,,
HB_Bernel_August,0.013227513,Achillea,,,,,
HB_Bernel_August,0.066137566,Agoseris,,,,,
HB_Bernel_August,0.003306878,Alseis,,,,,
HB_Bernel_August,0.033068783,Ammodaucus,,,,,
HB_Bernel_August,0.003306878,Amphidasya,,,,,
HB_Bernel_August,0.026455026,Amphoricarpos,,,,,
HB_Bernel_August,0.003306878,Anemone,,,,,
HB_Bernel_August,0.003306878,Anthemis,,,,,
HB_Bernel_August,0.003306878,Anthyllis,,,,,
HB_Bernel_August,0.003306878,Arafoe,,,,,
HB_Bernel_August,0.029761905,Aralia,,,,,
HB_Bernel_August,0.042989418,Arctium,,,,,
HB_Bernel_August,0.003306878,Arctotheca,,,,,
HB_Bernel_August,0.003306878,Artemisia,,,,,
HB_Bernel_August,0.003306878,Astragalus,,,,,
HB_Bernel_August,0.003306878,Baliospermum,,,,,
HB_Bernel_August,0.009920635,Brandisia,,,,,
HB_Bernel_August,0.009920635,Carduus,,,,,
HB_Bernel_August,0.152116402,Carthamus,,,,,
HB_Bernel_August,0.003306878,Castelnavia,,,,,
HB_Bernel_August,0.60515873,Celastrus,,,,,
HB_Bernel_August,0.003306878,Celtis,,,,,
HB_Bernel_August,6.554232804,Centaurea,,,,,
HB_Bernel_August,0.122354497,Cicer,,,,,
HB_Bernel_August,0.003306878,Clematis,,,,,
HB_Bernel_August,0.013227513,Clinopodium,,,,,
HB_Bernel_August,0.006613757,Cornus,,,,,
HB_Bernel_August,0.05952381,Cuminia,,,,,
HB_Bernel_August,0.003306878,Cuphea,,,,,
HB_Bernel_August,0.003306878,Cyclamen,,,,,
HB_Bernel_August,0.19510582,Cytisopsis,,,,,
HB_Bernel_August,0.003306878,Daphne,,,,,
HB_Bernel_August,0.112433862,Daucus,,,,,
HB_Bernel_August,0.033068783,Dendrotrophe,,,,,
HB_Bernel_August,0.006613757,Dipsacus,,,,,
HB_Bernel_August,0.026455026,Dorycnium,,,,,
HB_Bernel_August,0.003306878,Draba,,,,,
HB_Bernel_August,0.003306878,Duma,,,,,
HB_Bernel_August,0.062830688,Elaeagnus,,,,,
HB_Bernel_August,0.003306878,Epirixanthes,,,,,
HB_Bernel_August,0.009920635,Erigeron,,,,,
HB_Bernel_August,0.003306878,Euphrosyne,,,,,
HB_Bernel_August,0.003306878,Evolvulus,,,,,
HB_Bernel_August,0.009920635,Fatsia,,,,,
HB_Bernel_August,0.003306878,Ficus,,,,,
HB_Bernel_August,0.003306878,Fleroya,,,,,
HB_Bernel_August,0.003306878,Flueggea,,,,,
HB_Bernel_August,0.003306878,Forsythia,,,,,
HB_Bernel_August,0.003306878,Fourraea,,,,,
HB_Bernel_August,0.006613757,Galium,,,,,
HB_Bernel_August,0.036375661,Geranium,,,,,
HB_Bernel_August,0.003306878,Glandularia,,,,,
HB_Bernel_August,0.023148148,Gleditsia,,,,,
HB_Bernel_August,0.003306878,Glycine,,,,,
HB_Bernel_August,0.029761905,Goodenia,,,,,
HB_Bernel_August,0.003306878,Greuteria,,,,,
HB_Bernel_August,0.003306878,Gypothamnium,,,,,
HB_Bernel_August,0.003306878,Hardwickia,,,,,
HB_Bernel_August,0.003306878,Harveya,,,,,
HB_Bernel_August,0.003306878,Helleborus,,,,,
HB_Bernel_August,0.003306878,Hessea,,,,,
HB_Bernel_August,0.132275132,Hovenia,,,,,
HB_Bernel_August,0.013227513,Hydrangea,,,,,
HB_Bernel_August,0.003306878,Hylotelephium,,,,,
HB_Bernel_August,0.026455026,Hyobanche,,,,,
HB_Bernel_August,0.003306878,Hyoscyamus,,,,,
HB_Bernel_August,0.003306878,Ipomoea,,,,,
HB_Bernel_August,0.132275132,Iris,,,,,
HB_Bernel_August,0.003306878,Ischaemum,,,,,
HB_Bernel_August,0.03968254,Klasea,,,,,
HB_Bernel_August,0.003306878,Lathyrus,,,,,
HB_Bernel_August,0.013227513,Leucanthemum,,,,,
HB_Bernel_August,0.003306878,Liparophyllum,,,,,
HB_Bernel_August,0.003306878,Liriodendron,,,,,
HB_Bernel_August,0.006613757,Lobelia,,,,,
HB_Bernel_August,0.003306878,Lonicera,,,,,
HB_Bernel_August,54.09060847,Lotus,,,,,
HB_Bernel_August,0.006613757,Maireana,,,,,
HB_Bernel_August,0.003306878,Malus,,,,,
HB_Bernel_August,0.009920635,Maytenus,,,,,
HB_Bernel_August,0.003306878,Mazus,,,,,
HB_Bernel_August,0.006613757,Medicago,,,,,
HB_Bernel_August,0.095899471,Meryta,,,,,
HB_Bernel_August,0.003306878,Microlaena,,,,,
HB_Bernel_August,0.003306878,Mostacillastrum,,,,,
HB_Bernel_August,0.009920635,Muehlenbeckia,,,,,
HB_Bernel_August,0.462962963,Musa,,,,,
HB_Bernel_August,0.013227513,Myriophyllum,,,,,
HB_Bernel_August,0.003306878,Myrmeconauclea,,,,,
HB_Bernel_August,0.003306878,Nicotiana,,,,,
HB_Bernel_August,0.013227513,Noltea,,,,,
HB_Bernel_August,0.003306878,Nyssa,,,,,
HB_Bernel_August,0.05952381,Oxalis,,,,,
HB_Bernel_August,0.013227513,Oxytropis,,,,,
HB_Bernel_August,0.003306878,Padbruggea,,,,,
HB_Bernel_August,0.006613757,Pedicularis,,,,,
HB_Bernel_August,0.003306878,Phytolacca,,,,,
HB_Bernel_August,0.079365079,Plantago,,,,,
HB_Bernel_August,0.006613757,Podostemaceae,,,,,
HB_Bernel_August,0.016534392,Polygala,,,,,
HB_Bernel_August,0.003306878,Pomaria,,,,,
HB_Bernel_August,0.003306878,Populus,,,,,
HB_Bernel_August,0.006613757,Potentilla,,,,,
HB_Bernel_August,0.003306878,Primulina,,,,,
HB_Bernel_August,0.003306878,Prunella,,,,,
HB_Bernel_August,0.052910053,Prunus,,,,,
HB_Bernel_August,0.003306878,Quercus,,,,,
HB_Bernel_August,0.013227513,Remya,,,,,
HB_Bernel_August,0.052910053,Rhaponticum,,,,,
HB_Bernel_August,0.003306878,Rhynchocorys,,,,,
HB_Bernel_August,0.003306878,Robinia,,,,,
HB_Bernel_August,0.033068783,Rosa,,,,,
HB_Bernel_August,0.079365079,Rubus,,,,,
HB_Bernel_August,0.003306878,Rumex,,,,,
HB_Bernel_August,0.013227513,Salix,,,,,
HB_Bernel_August,0.003306878,Salvia,,,,,
HB_Bernel_August,0.006613757,Sambucus,,,,,
HB_Bernel_August,0.396825397,Saussurea,,,,,
HB_Bernel_August,0.003306878,Schottarum,,,,,
HB_Bernel_August,0.003306878,Securigera,,,,,
HB_Bernel_August,0.003306878,Sedum,,,,,
HB_Bernel_August,0.009920635,Senecio,,,,,
HB_Bernel_August,0.023148148,Senegalia,,,,,
HB_Bernel_August,0.003306878,Sidalcea,,,,,
HB_Bernel_August,0.033068783,Solanum,,,,,
HB_Bernel_August,0.095899471,Spergularia,,,,,
HB_Bernel_August,0.052910053,Spiraea,,,,,
HB_Bernel_August,0.003306878,Spondias,,,,,
HB_Bernel_August,0.003306878,Stylidium,,,,,
HB_Bernel_August,0.003306878,Styphnolobium,,,,,
HB_Bernel_August,0.006613757,Taraxacum,,,,,
HB_Bernel_August,0.003306878,Teucrium,,,,,
HB_Bernel_August,0.003306878,Toxicodendron,,,,,
HB_Bernel_August,35.31415344,Trifolium,,,,,
HB_Bernel_August,0.003306878,Trigonella,,,,,
HB_Bernel_August,0.003306878,Urtica,,,,,
HB_Bernel_August,0.003306878,Vicia,,,,,
HB_Bernel_August,0.006613757,Zea,,,,,
HB_Colyer_Aug,0.010687567,Aglaia,,,,,
HB_Colyer_Aug,0.001781261,Aidia,,,,,
HB_Colyer_Aug,0.007125045,Ammodaucus,,,,,
HB_Colyer_Aug,0.06234414,Amphoricarpos,,,,,
HB_Colyer_Aug,0.003562522,Anemone,,,,,
HB_Colyer_Aug,0.001781261,Anthyllis,,,,,
HB_Colyer_Aug,0.149625935,Arctium,,,,,
HB_Colyer_Aug,0.001781261,Astragalus,,,,,
HB_Colyer_Aug,0.001781261,Badiera,,,,,
HB_Colyer_Aug,0.001781261,Baliospermum,,,,,
HB_Colyer_Aug,0.001781261,Betula,,,,,
HB_Colyer_Aug,0.003562522,Brandisia,,,,,
HB_Colyer_Aug,0.001781261,Bursera,,,,,
HB_Colyer_Aug,0.001781261,Caamembeca,,,,,
HB_Colyer_Aug,0.669754186,Carduus,,,,,
HB_Colyer_Aug,0.001781261,Carpanthea,,,,,
HB_Colyer_Aug,0.229782686,Carthamus,,,,,
HB_Colyer_Aug,0.003562522,Castanea,,,,,
HB_Colyer_Aug,0.007125045,Castelnavia,,,,,
HB_Colyer_Aug,0.044531528,Celastrus,,,,,
HB_Colyer_Aug,9.9679373,Centaurea,,,,,
HB_Colyer_Aug,0.008906306,Chamaecrista,,,,,
HB_Colyer_Aug,0.003562522,Chelidonium,,,,,
HB_Colyer_Aug,0.030281439,Cicer,,,,,
HB_Colyer_Aug,0.003562522,Cirsium,,,,,
HB_Colyer_Aug,0.001781261,Citrus,,,,,
HB_Colyer_Aug,0.014250089,Clematis,,,,,
HB_Colyer_Aug,0.001781261,Cliffortia,,,,,
HB_Colyer_Aug,0.001781261,Coronilla,,,,,
HB_Colyer_Aug,0.001781261,Cubanola,,,,,
HB_Colyer_Aug,0.11043819,Cuminia,,,,,
HB_Colyer_Aug,0.003562522,Cuphea,,,,,
HB_Colyer_Aug,0.001781261,Cuscuta,,,,,
HB_Colyer_Aug,0.065906662,Cytisopsis,,,,,
HB_Colyer_Aug,0.001781261,Danais,,,,,
HB_Colyer_Aug,0.012468828,Daucus,,,,,
HB_Colyer_Aug,0.012468828,Dendrotrophe,,,,,
HB_Colyer_Aug,0.001781261,Digitalis,,,,,
HB_Colyer_Aug,0.005343783,Dorycnium,,,,,
HB_Colyer_Aug,0.010687567,Elaeagnus,,,,,
HB_Colyer_Aug,0.001781261,Entandrophragma,,,,,
HB_Colyer_Aug,0.001781261,Erigeron,,,,,
HB_Colyer_Aug,0.001781261,Erysimum,,,,,
HB_Colyer_Aug,0.001781261,Eupatorium,,,,,
HB_Colyer_Aug,0.001781261,Euphrosyne,,,,,
HB_Colyer_Aug,0.012468828,Fallopia,,,,,
HB_Colyer_Aug,0.001781261,Ficus,,,,,
HB_Colyer_Aug,0.014250089,Forsythia,,,,,
HB_Colyer_Aug,0.001781261,Galactia,,,,,
HB_Colyer_Aug,0.001781261,Galatella,,,,,
HB_Colyer_Aug,0.001781261,Gastrolobium,,,,,
HB_Colyer_Aug,0.012468828,Geranium,,,,,
HB_Colyer_Aug,0.001781261,Globularia,,,,,
HB_Colyer_Aug,0.001781261,Glycine,,,,,
HB_Colyer_Aug,0.003562522,Goodenia,,,,,
HB_Colyer_Aug,0.001781261,Gypothamnium,,,,,
HB_Colyer_Aug,0.001781261,Haloragis,,,,,
HB_Colyer_Aug,0.001781261,Hesperis,,,,,
HB_Colyer_Aug,0.158532241,Hovenia,,,,,
HB_Colyer_Aug,0.001781261,Hyobanche,,,,,
HB_Colyer_Aug,0.001781261,Impatiens,,,,,
HB_Colyer_Aug,0.001781261,Ipomoea,,,,,
HB_Colyer_Aug,0.003562522,Ischaemum,,,,,
HB_Colyer_Aug,0.008906306,Jacobaea,,,,,
HB_Colyer_Aug,0.001781261,Junellia,,,,,
HB_Colyer_Aug,0.003562522,Kingiodendron,,,,,
HB_Colyer_Aug,0.012468828,Klasea,,,,,
HB_Colyer_Aug,0.001781261,Koanophyllon,,,,,
HB_Colyer_Aug,0.003562522,Krameria,,,,,
HB_Colyer_Aug,0.001781261,Lactuca,,,,,
HB_Colyer_Aug,0.001781261,Leucopogon,,,,,
HB_Colyer_Aug,0.007125045,Lonicera,,,,,
HB_Colyer_Aug,44.44780905,Lotus,,,,,
HB_Colyer_Aug,0.001781261,Maireana,,,,,
HB_Colyer_Aug,0.001781261,Melilotus,,,,,
HB_Colyer_Aug,0.023156395,Meryta,,,,,
HB_Colyer_Aug,0.003562522,Myriophyllum,,,,,
HB_Colyer_Aug,0.003562522,Nepeta,,,,,
HB_Colyer_Aug,0.001781261,Neurada,,,,,
HB_Colyer_Aug,0.003562522,Nicotiana,,,,,
HB_Colyer_Aug,0.001781261,Noltea,,,,,
HB_Colyer_Aug,0.001781261,Notothlaspi,,,,,
HB_Colyer_Aug,0.001781261,Nymphoides,,,,,
HB_Colyer_Aug,0.001781261,Olearia,,,,,
HB_Colyer_Aug,0.003562522,Oxalis,,,,,
HB_Colyer_Aug,0.005343783,Oxytropis,,,,,
HB_Colyer_Aug,0.001781261,Palicourea,,,,,
HB_Colyer_Aug,0.057000356,Petradoria,,,,,
HB_Colyer_Aug,0.001781261,Pimelea,,,,,
HB_Colyer_Aug,0.001781261,Pinguicula,,,,,
HB_Colyer_Aug,0.001781261,Piptospatha,,,,,
HB_Colyer_Aug,13.26861418,Plantago,,,,,
HB_Colyer_Aug,0.001781261,Podostemaceae,,,,,
HB_Colyer_Aug,0.003562522,Polygala,,,,,
HB_Colyer_Aug,0.001781261,Pomaria,,,,,
HB_Colyer_Aug,0.001781261,Potentilla,,,,,
HB_Colyer_Aug,0.001781261,Primula,,,,,
HB_Colyer_Aug,0.012468828,Prunus,,,,,
HB_Colyer_Aug,0.001781261,Quercus,,,,,
HB_Colyer_Aug,0.001781261,Raphanus,,,,,
HB_Colyer_Aug,0.019593872,Remya,,,,,
HB_Colyer_Aug,0.272532953,Rhaponticum,,,,,
HB_Colyer_Aug,0.001781261,Rhynchocorys,,,,,
HB_Colyer_Aug,0.001781261,Richterago,,,,,
HB_Colyer_Aug,0.014250089,Rosa,,,,,
HB_Colyer_Aug,0.014250089,Rubus,,,,,
HB_Colyer_Aug,0.001781261,Rytigynia,,,,,
HB_Colyer_Aug,0.001781261,Salix,,,,,
HB_Colyer_Aug,0.001781261,Salvia,,,,,
HB_Colyer_Aug,0.003562522,Sambucus,,,,,
HB_Colyer_Aug,2.135732098,Saussurea,,,,,
HB_Colyer_Aug,0.001781261,Scaevola,,,,,
HB_Colyer_Aug,0.005343783,Schottarum,,,,,
HB_Colyer_Aug,0.017812611,Securigera,,,,,
HB_Colyer_Aug,0.007125045,Senecio,,,,,
HB_Colyer_Aug,0.003562522,Senegalia,,,,,
HB_Colyer_Aug,0.005343783,Setaria,,,,,
HB_Colyer_Aug,0.001781261,Silybum,,,,,
HB_Colyer_Aug,0.055219095,Solanum,,,,,
HB_Colyer_Aug,0.201282508,Solidago,,,,,
HB_Colyer_Aug,0.165657285,Spergularia,,,,,
HB_Colyer_Aug,0.005343783,Stenotus,,,,,
HB_Colyer_Aug,0.001781261,Toxicodendron,,,,,
HB_Colyer_Aug,27.42785892,Trifolium,,,,,
HB_Colyer_Aug,0.017812611,Urtica,,,,,
HB_Colyer_Aug,0.001781261,Villarsia,,,,,
HB_Colyer_Aug,0.001781261,Zea,,,,,
HB_FB_Aug,0.043323802,Acanthocalyx,,,,,
HB_FB_Aug,0.002888253,Achillea,,,,,
HB_FB_Aug,0.002888253,Aganope,,,,,
HB_FB_Aug,0.00866476,Agoseris,,,,,
HB_FB_Aug,0.00866476,Agrimonia,,,,,
HB_FB_Aug,0.002888253,Allium,,,,,
HB_FB_Aug,0.002888253,Alnus,,,,,
HB_FB_Aug,0.034659042,Alseis,,,,,
HB_FB_Aug,0.023106028,Ambrosia,,,,,
HB_FB_Aug,0.060653323,Ammodaucus,,,,,
HB_FB_Aug,0.528550386,Anemone,,,,,
HB_FB_Aug,0.27438408,Aralia,,,,,
HB_FB_Aug,0.002888253,Astilbe,,,,,
HB_FB_Aug,0.002888253,Astragalus,,,,,
HB_FB_Aug,0.011553014,Ateleia,,,,,
HB_FB_Aug,0.002888253,Baliospermum,,,,,
HB_FB_Aug,0.002888253,Berzelia,,,,,
HB_FB_Aug,0.005776507,Betula,,,,,
HB_FB_Aug,0.005776507,Brandisia,,,,,
HB_FB_Aug,0.002888253,Brassaiopsis,,,,,
HB_FB_Aug,0.005776507,Brassica,,,,,
HB_FB_Aug,0.005776507,Brunia,,,,,
HB_FB_Aug,0.005776507,Burmannia,,,,,
HB_FB_Aug,0.002888253,Bursera,,,,,
HB_FB_Aug,0.002888253,Calystegia,,,,,
HB_FB_Aug,0.002888253,Camellia,,,,,
HB_FB_Aug,0.002888253,Camptosema,,,,,
HB_FB_Aug,0.002888253,Canthium,,,,,
HB_FB_Aug,0.002888253,Capuronianthus,,,,,
HB_FB_Aug,0.040435549,Carduus,,,,,
HB_FB_Aug,0.00866476,Castanea,,,,,
HB_FB_Aug,0.051988563,Castelnavia,,,,,
HB_FB_Aug,0.002888253,Cedrela,,,,,
HB_FB_Aug,0.268607573,Celastrus,,,,,
HB_FB_Aug,0.020217774,Celtis,,,,,
HB_FB_Aug,0.014441267,Centaurea,,,,,
HB_FB_Aug,0.002888253,Cestrum,,,,,
HB_FB_Aug,0.00866476,Chelidonium,,,,,
HB_FB_Aug,0.005776507,Chenopodium,,,,,
HB_FB_Aug,0.005776507,Chloracantha,,,,,
HB_FB_Aug,0.002888253,Chlorella,,,,,
HB_FB_Aug,0.005776507,Chrysopogon,,,,,
HB_FB_Aug,0.002888253,Chuquiraga,,,,,
HB_FB_Aug,0.196401236,Cicer,,,,,
HB_FB_Aug,0.011553014,Cichorium,,,,,
HB_FB_Aug,0.040435549,Cirsium,,,,,
HB_FB_Aug,0.002888253,Clematis,,,,,
HB_FB_Aug,1.155301389,Clinopodium,,,,,
HB_FB_Aug,0.002888253,Conradina,,,,,
HB_FB_Aug,0.002888253,Crataegus,,,,,
HB_FB_Aug,0.736504636,Cunila,,,,,
HB_FB_Aug,0.034659042,Cuscuta,,,,,
HB_FB_Aug,0.002888253,Cyathostegia,,,,,
HB_FB_Aug,0.014441267,Daucus,,,,,
HB_FB_Aug,0.06642983,Dauphinea,,,,,
HB_FB_Aug,0.002888253,Delphinium,,,,,
HB_FB_Aug,0.002888253,Dendrotrophe,,,,,
HB_FB_Aug,0.011553014,Dolichlasium,,,,,
HB_FB_Aug,0.00866476,Echinacea,,,,,
HB_FB_Aug,0.083759351,Elaeagnus,,,,,
HB_FB_Aug,0.002888253,Erysimum,,,,,
HB_FB_Aug,0.005776507,Eupatorium,,,,,
HB_FB_Aug,0.005776507,Euphrosyne,,,,,
HB_FB_Aug,0.023106028,Fallopia,,,,,
HB_FB_Aug,0.002888253,Festuca,,,,,
HB_FB_Aug,0.005776507,Ficus,,,,,
HB_FB_Aug,0.002888253,Forestiera,,,,,
HB_FB_Aug,0.002888253,Galium,,,,,
HB_FB_Aug,0.002888253,Glechoma,,,,,
HB_FB_Aug,0.069318083,Glechon,,,,,
HB_FB_Aug,0.057765069,Gleditsia,,,,,
HB_FB_Aug,0.005776507,Glycine,,,,,
HB_FB_Aug,0.002888253,Hedera,,,,,
HB_FB_Aug,0.161742194,Hydrangea,,,,,
HB_FB_Aug,0.020217774,Hylotelephium,,,,,
HB_FB_Aug,0.011553014,Hyobanche,,,,,
HB_FB_Aug,0.023106028,Hyoscyamus,,,,,
HB_FB_Aug,0.00866476,Hypericum,,,,,
HB_FB_Aug,0.138636167,Hyptis,,,,,
HB_FB_Aug,0.002888253,Impatiens,,,,,
HB_FB_Aug,0.002888253,Ipomoea,,,,,
HB_FB_Aug,0.002888253,Iris,,,,,
HB_FB_Aug,0.037547295,Ischaemum,,,,,
HB_FB_Aug,0.011553014,Juglans,,,,,
HB_FB_Aug,0.025994281,Kalopanax,,,,,
HB_FB_Aug,0.002888253,Leptoderris,,,,,
HB_FB_Aug,0.00866476,Leucanthemum,,,,,
HB_FB_Aug,0.00866476,Liriodendron,,,,,
HB_FB_Aug,0.002888253,Lobelia,,,,,
HB_FB_Aug,0.031770788,Lotus,,,,,
HB_FB_Aug,0.002888253,Lycium,,,,,
HB_FB_Aug,0.002888253,Lysipomia,,,,,
HB_FB_Aug,0.00866476,Marianthus,,,,,
HB_FB_Aug,0.011553014,Maytenus,,,,,
HB_FB_Aug,0.002888253,Melilotus,,,,,
HB_FB_Aug,0.002888253,Melissa,,,,,
HB_FB_Aug,14.03402363,Mentha,,,,,
HB_FB_Aug,10.84828005,Minthostachys,,,,,
HB_FB_Aug,0.00866476,Mollugo,,,,,
HB_FB_Aug,0.002888253,Mouriri,,,,,
HB_FB_Aug,0.011553014,Myrmeconauclea,,,,,
HB_FB_Aug,0.025994281,Neillia,,,,,
HB_FB_Aug,0.150189181,Nepeta,,,,,
HB_FB_Aug,0.014441267,Nicotiana,,,,,
HB_FB_Aug,0.005776507,Nyssa,,,,,
HB_FB_Aug,0.028882535,Oxalis,,,,,
HB_FB_Aug,0.014441267,Oxytropis,,,,,
HB_FB_Aug,0.002888253,Papaver,,,,,
HB_FB_Aug,0.005776507,Penthorum,,,,,
HB_FB_Aug,0.002888253,Petradoria,,,,,
HB_FB_Aug,0.002888253,Phyllanthus,,,,,
HB_FB_Aug,0.005776507,Physalis,,,,,
HB_FB_Aug,0.017329521,Phytolacca,,,,,
HB_FB_Aug,0.002888253,Plagiomnium,,,,,
HB_FB_Aug,0.057765069,Plantago,,,,,
HB_FB_Aug,0.014441267,Platanus,,,,,
HB_FB_Aug,0.017329521,Podostemaceae,,,,,
HB_FB_Aug,0.002888253,Poecilanthe,,,,,
HB_FB_Aug,0.005776507,Polygala,,,,,
HB_FB_Aug,0.002888253,Prenanthella,,,,,
HB_FB_Aug,0.002888253,Primulina,,,,,
HB_FB_Aug,0.049100309,Prunella,,,,,
HB_FB_Aug,0.077982844,Prunus,,,,,
HB_FB_Aug,0.005776507,Pygeum,,,,,
HB_FB_Aug,0.020217774,Quercus,,,,,
HB_FB_Aug,0.020217774,Ranunculus,,,,,
HB_FB_Aug,0.002888253,Raphanus,,,,,
HB_FB_Aug,5.658088554,Rhododon,,,,,
HB_FB_Aug,0.002888253,Rhodosciadium,,,,,
HB_FB_Aug,0.014441267,Rosa,,,,,
HB_FB_Aug,0.109753632,Rubus,,,,,
HB_FB_Aug,0.00866476,Salix,,,,,
HB_FB_Aug,0.002888253,Saussurea,,,,,
HB_FB_Aug,0.002888253,Scabiosa,,,,,
HB_FB_Aug,0.101088872,Securigera,,,,,
HB_FB_Aug,0.002888253,Semaphyllanthe,,,,,
HB_FB_Aug,0.00866476,Senegalia,,,,,
HB_FB_Aug,0.005776507,Setaria,,,,,
HB_FB_Aug,0.002888253,Sinapis,,,,,
HB_FB_Aug,0.655633538,Solanum,,,,,
HB_FB_Aug,0.002888253,Solidago,,,,,
HB_FB_Aug,0.014441267,Solori,,,,,
HB_FB_Aug,0.00866476,Stachys,,,,,
HB_FB_Aug,0.002888253,Taraxacum,,,,,
HB_FB_Aug,0.002888253,Teucrium,,,,,
HB_FB_Aug,0.002888253,Toxicodendron,,,,,
HB_FB_Aug,0.002888253,Trevesia,,,,,
HB_FB_Aug,63.14588568,Trifolium,,,,,
HB_FB_Aug,0.002888253,Trigonella,,,,,
HB_FB_Aug,0.002888253,Tzeltalia,,,,,
HB_FB_Aug,0.037547295,Valeriana,,,,,
HB_FB_Aug,0.002888253,Viburnum,,,,,
HB_FB_Aug,0.118418392,Zea,,,,,
HB_Hyner_Aug,0.002578915,Abdra,,,,,
HB_Hyner_Aug,0.00515783,Acacia,,,,,
HB_Hyner_Aug,0.002578915,Ageratina,,,,,
HB_Hyner_Aug,0.092840933,Aglaia,,,,,
HB_Hyner_Aug,0.002578915,Alyssum,,,,,
HB_Hyner_Aug,0.002578915,Ammosperma,,,,,
HB_Hyner_Aug,0.012894574,Amphoricarpos,,,,,
HB_Hyner_Aug,0.002578915,Anchonium,,,,,
HB_Hyner_Aug,0.002578915,Anelsonia,,,,,
HB_Hyner_Aug,0.002578915,Arabis,,,,,
HB_Hyner_Aug,0.002578915,Arafoe,,,,,
HB_Hyner_Aug,2.872911079,Arctium,,,,,
HB_Hyner_Aug,0.007736744,Arctotheca,,,,,
HB_Hyner_Aug,0.00515783,Baliospermum,,,,,
HB_Hyner_Aug,0.002578915,Baptisia,,,,,
HB_Hyner_Aug,0.002578915,Berteroa,,,,,
HB_Hyner_Aug,0.00515783,Betula,,,,,
HB_Hyner_Aug,76.8826078,Brassica,,,,,
HB_Hyner_Aug,0.00515783,Buddleja,,,,,
HB_Hyner_Aug,0.007736744,Bunias,,,,,
HB_Hyner_Aug,0.06447287,Bursera,,,,,
HB_Hyner_Aug,0.002578915,Calyculogygas,,,,,
HB_Hyner_Aug,0.00515783,Campsis,,,,,
HB_Hyner_Aug,0.036104807,Camptotheca,,,,,
HB_Hyner_Aug,0.002578915,Carallia,,,,,
HB_Hyner_Aug,0.002578915,Cardamine,,,,,
HB_Hyner_Aug,0.06447287,Carduus,,,,,
HB_Hyner_Aug,0.002578915,Carthamus,,,,,
HB_Hyner_Aug,0.002578915,Castanea,,,,,
HB_Hyner_Aug,0.015473489,Caulanthus,,,,,
HB_Hyner_Aug,0.12378791,Celastrus,,,,,
HB_Hyner_Aug,0.108314421,Centaurea,,,,,
HB_Hyner_Aug,0.018052404,Cichorium,,,,,
HB_Hyner_Aug,0.007736744,Cirsium,,,,,
HB_Hyner_Aug,0.079946359,Clematis,,,,,
HB_Hyner_Aug,0.002578915,Cleome,,,,,
HB_Hyner_Aug,0.010315659,Clinopodium,,,,,
HB_Hyner_Aug,14.42129152,Coincya,,,,,
HB_Hyner_Aug,0.002578915,Cordylocarpus,,,,,
HB_Hyner_Aug,0.002578915,Cornus,,,,,
HB_Hyner_Aug,0.00515783,Crambe,,,,,
HB_Hyner_Aug,0.00515783,Cusickiella,,,,,
HB_Hyner_Aug,0.002578915,Cyclamen,,,,,
HB_Hyner_Aug,0.002578915,Cyclea,,,,,
HB_Hyner_Aug,0.00515783,Cyphocardamum,,,,,
HB_Hyner_Aug,0.010315659,Daucus,,,,,
HB_Hyner_Aug,0.002578915,Dichasianthus,,,,,
HB_Hyner_Aug,0.002578915,Dioscorea,,,,,
HB_Hyner_Aug,0.002578915,Diospyros,,,,,
HB_Hyner_Aug,0.033525892,Diplotaxis,,,,,
HB_Hyner_Aug,0.002578915,Dipoma,,,,,
HB_Hyner_Aug,0.002578915,Dorstenia,,,,,
HB_Hyner_Aug,0.00515783,Draba,,,,,
HB_Hyner_Aug,0.002578915,Eigia,,,,,
HB_Hyner_Aug,0.030946978,Elaeagnus,,,,,
HB_Hyner_Aug,0.002578915,Epirixanthes,,,,,
HB_Hyner_Aug,0.002578915,Eremophyton,,,,,
HB_Hyner_Aug,0.00515783,Erigeron,,,,,
HB_Hyner_Aug,0.180524035,Eruca,,,,,
HB_Hyner_Aug,0.002578915,Erucastrum,,,,,
HB_Hyner_Aug,0.37136373,Erysimum,,,,,
HB_Hyner_Aug,0.00515783,Euthamia,,,,,
HB_Hyner_Aug,0.007736744,Eutrema,,,,,
HB_Hyner_Aug,0.012894574,Fallopia,,,,,
HB_Hyner_Aug,0.00515783,Fatsia,,,,,
HB_Hyner_Aug,0.002578915,Forsythia,,,,,
HB_Hyner_Aug,0.268207138,Fortuynia,,,,,
HB_Hyner_Aug,0.755622034,Fourraea,,,,,
HB_Hyner_Aug,0.002578915,Gagea,,,,,
HB_Hyner_Aug,0.002578915,Gaylussacia,,,,,
HB_Hyner_Aug,0.00515783,Geranium,,,,,
HB_Hyner_Aug,0.002578915,Glandularia,,,,,
HB_Hyner_Aug,0.010315659,Gleditsia,,,,,
HB_Hyner_Aug,0.002578915,Goodia,,,,,
HB_Hyner_Aug,0.002578915,Guiraoa,,,,,
HB_Hyner_Aug,0.041262637,Halimolobos,,,,,
HB_Hyner_Aug,0.002578915,Hedera,,,,,
HB_Hyner_Aug,0.002578915,Heliotropium,,,,,
HB_Hyner_Aug,0.002578915,Hemilophia,,,,,
HB_Hyner_Aug,0.00515783,Hibiscus,,,,,
HB_Hyner_Aug,0.00515783,Hullsia,,,,,
HB_Hyner_Aug,0.002578915,Hydrangea,,,,,
HB_Hyner_Aug,0.002578915,Hypericum,,,,,
HB_Hyner_Aug,0.002578915,Impatiens,,,,,
HB_Hyner_Aug,0.002578915,Ipomoea,,,,,
HB_Hyner_Aug,0.002578915,Irania,,,,,
HB_Hyner_Aug,0.002578915,Lavatera,,,,,
HB_Hyner_Aug,0.010315659,Lepidium,,,,,
HB_Hyner_Aug,0.002578915,Ligustrum,,,,,
HB_Hyner_Aug,0.185681865,Linaria,,,,,
HB_Hyner_Aug,0.007736744,Lonicera,,,,,
HB_Hyner_Aug,0.002578915,Magnistipula,,,,,
HB_Hyner_Aug,0.575097999,Magnoliophyta,,,,,
HB_Hyner_Aug,0.002578915,Melilotus,,,,,
HB_Hyner_Aug,1.408087477,Mostacillastrum,,,,,
HB_Hyner_Aug,0.041262637,Nasturtiopsis,,,,,
HB_Hyner_Aug,0.002578915,Nasturtium,,,,,
HB_Hyner_Aug,0.002578915,Odontarrhena,,,,,
HB_Hyner_Aug,0.002578915,Onosma,,,,,
HB_Hyner_Aug,0.002578915,Orobanche,,,,,
HB_Hyner_Aug,0.002578915,Orychophragmus,,,,,
HB_Hyner_Aug,0.018052404,Pachycladon,,,,,
HB_Hyner_Aug,0.00515783,Panicum,,,,,
HB_Hyner_Aug,0.023210233,Pimelea,,,,,
HB_Hyner_Aug,0.00515783,Piper,,,,,
HB_Hyner_Aug,0.002578915,Pittosporum,,,,,
HB_Hyner_Aug,0.018052404,Plantago,,,,,
HB_Hyner_Aug,0.002578915,Prenanthes,,,,,
HB_Hyner_Aug,0.002578915,Primula,,,,,
HB_Hyner_Aug,0.002578915,Primulina,,,,,
HB_Hyner_Aug,0.00515783,Protium,,,,,
HB_Hyner_Aug,0.023210233,Prunus,,,,,
HB_Hyner_Aug,0.002578915,Quercus,,,,,
HB_Hyner_Aug,0.090262018,Raphanus,,,,,
HB_Hyner_Aug,0.002578915,Remya,,,,,
HB_Hyner_Aug,0.00515783,Rhammatophyllum,,,,,
HB_Hyner_Aug,0.002578915,Rosa,,,,,
HB_Hyner_Aug,0.028368063,Rubus,,,,,
HB_Hyner_Aug,0.012894574,Rudbeckia,,,,,
HB_Hyner_Aug,0.131524654,Ruellia,,,,,
HB_Hyner_Aug,0.002578915,Salix,,,,,
HB_Hyner_Aug,0.002578915,Salvia,,,,,
HB_Hyner_Aug,0.025789148,Saussurea,,,,,
HB_Hyner_Aug,0.010315659,Scaevola,,,,,
HB_Hyner_Aug,0.002578915,Scoliaxon,,,,,
HB_Hyner_Aug,0.072209614,Securigera,,,,,
HB_Hyner_Aug,0.002578915,Sedum,,,,,
HB_Hyner_Aug,0.00515783,Senegalia,,,,,
HB_Hyner_Aug,0.002578915,Seseli,,,,,
HB_Hyner_Aug,0.015473489,Sibara,,,,,
HB_Hyner_Aug,0.095419847,Sibaropsis,,,,,
HB_Hyner_Aug,0.007736744,Sinalliaria,,,,,
HB_Hyner_Aug,0.105735506,Sinapis,,,,,
HB_Hyner_Aug,0.002578915,Sisymbrium,,,,,
HB_Hyner_Aug,0.002578915,Sobolewskia,,,,,
HB_Hyner_Aug,0.018052404,Solanum,,,,,
HB_Hyner_Aug,0.002578915,Solms-laubachia,,,,,
HB_Hyner_Aug,0.108314421,Spergularia,,,,,
HB_Hyner_Aug,0.010315659,Streptanthus,,,,,
HB_Hyner_Aug,0.046420466,Succowia,,,,,
HB_Hyner_Aug,0.002578915,Teucrium,,,,,
HB_Hyner_Aug,0.00515783,Thysanocarpus,,,,,
HB_Hyner_Aug,0.028368063,Trifolium,,,,,
HB_Hyner_Aug,0.002578915,Utricularia,,,,,
HB_Hyner_Aug,0.002578915,Vella,,,,,
HB_Hyner_Aug,0.00515783,Vicia,,,,,
HB_Hyner_Aug,0.010315659,Viola,,,,,
HB_Hyner_Aug,0.015473489,Warea,,,,,
HB_Hyner_Aug,0.012894574,Zahora,,,,,
HB_RS_Aug,0.00264124,Acacia,,,,,
HB_RS_Aug,0.00264124,Acanthocalyx,,,,,
HB_RS_Aug,0.00264124,Acer,,,,,
HB_RS_Aug,0.039618605,Alseis,,,,,
HB_RS_Aug,0.00264124,Ambrosia,,,,,
HB_RS_Aug,0.076595969,Ammodaucus,,,,,
HB_RS_Aug,0.010564961,Anemone,,,,,
HB_RS_Aug,0.372414886,Aralia,,,,,
HB_RS_Aug,0.00264124,Astragalus,,,,,
HB_RS_Aug,0.00264124,Bambusa,,,,,
HB_RS_Aug,0.010564961,Brandisia,,,,,
HB_RS_Aug,0.031694884,Brassica,,,,,
HB_RS_Aug,0.00264124,Burmannia,,,,,
HB_RS_Aug,0.00264124,Bursera,,,,,
HB_RS_Aug,0.005282481,Carduus,,,,,
HB_RS_Aug,0.005282481,Castanea,,,,,
HB_RS_Aug,0.013206202,Castelnavia,,,,,
HB_RS_Aug,0.227146668,Celastrus,,,,,
HB_RS_Aug,0.00264124,Chamaecrista,,,,,
HB_RS_Aug,0.00264124,Chlorella,,,,,
HB_RS_Aug,0.176963102,Cicer,,,,,
HB_RS_Aug,0.00264124,Cichorium,,,,,
HB_RS_Aug,0.005282481,Cirsium,,,,,
HB_RS_Aug,0.00264124,Cliffortia,,,,,
HB_RS_Aug,0.047542326,Coincya,,,,,
HB_RS_Aug,0.00264124,Coluria,,,,,
HB_RS_Aug,0.00264124,Crataegus,,,,,
HB_RS_Aug,0.013206202,Cucurbita,,,,,
HB_RS_Aug,0.007923721,Daucus,,,,,
HB_RS_Aug,0.00264124,Diospyros,,,,,
HB_RS_Aug,0.00264124,Discolobium,,,,,
HB_RS_Aug,0.005282481,Dolichlasium,,,,,
HB_RS_Aug,0.044901086,Elaeagnus,,,,,
HB_RS_Aug,0.005282481,Eleutherococcus,,,,,
HB_RS_Aug,0.00264124,Fagopyrum,,,,,
HB_RS_Aug,0.018488682,Galium,,,,,
HB_RS_Aug,0.00264124,Geranium,,,,,
HB_RS_Aug,0.005282481,Gleditsia,,,,,
HB_RS_Aug,0.007923721,Heliopsis,,,,,
HB_RS_Aug,0.00264124,Helleborus,,,,,
HB_RS_Aug,0.00264124,Hydrangea,,,,,
HB_RS_Aug,0.007923721,Hyobanche,,,,,
HB_RS_Aug,0.00264124,Hypericum,,,,,
HB_RS_Aug,0.007923721,Ipomoea,,,,,
HB_RS_Aug,0.013206202,Ischaemum,,,,,
HB_RS_Aug,0.00264124,Lonicera,,,,,
HB_RS_Aug,0.066031008,Lotus,,,,,
HB_RS_Aug,0.005282481,Maytenus,,,,,
HB_RS_Aug,0.005282481,Medicago,,,,,
HB_RS_Aug,0.00264124,Melilotus,,,,,
HB_RS_Aug,0.005282481,Mostacillastrum,,,,,
HB_RS_Aug,0.010564961,Nicotiana,,,,,
HB_RS_Aug,0.00264124,Oenothera,,,,,
HB_RS_Aug,0.007923721,Oreophyton,,,,,
HB_RS_Aug,0.010564961,Oxytropis,,,,,
HB_RS_Aug,0.00264124,Philenoptera,,,,,
HB_RS_Aug,0.007923721,Phytolacca,,,,,
HB_RS_Aug,43.66762632,Plantago,,,,,
HB_RS_Aug,0.00264124,Poa,,,,,
HB_RS_Aug,0.005282481,Podostemaceae,,,,,
HB_RS_Aug,0.007923721,Polygala,,,,,
HB_RS_Aug,0.00264124,Polygonum,,,,,
HB_RS_Aug,0.00264124,Potamogeton,,,,,
HB_RS_Aug,0.005282481,Potentilla,,,,,
HB_RS_Aug,0.00264124,Primulina,,,,,
HB_RS_Aug,0.005282481,Prunella,,,,,
HB_RS_Aug,0.042259845,Prunus,,,,,
HB_RS_Aug,0.00264124,Quercus,,,,,
HB_RS_Aug,0.010564961,Rosa,,,,,
HB_RS_Aug,0.068672248,Rubus,,,,,
HB_RS_Aug,0.007923721,Sambucus,,,,,
HB_RS_Aug,0.00264124,Scaevola,,,,,
HB_RS_Aug,0.021129923,Schizocarpum,,,,,
HB_RS_Aug,0.013206202,Securigera,,,,,
HB_RS_Aug,0.00264124,Semaphyllanthe,,,,,
HB_RS_Aug,0.015847442,Senegalia,,,,,
HB_RS_Aug,0.00264124,Sinalliaria,,,,,
HB_RS_Aug,0.018488682,Solanum,,,,,
HB_RS_Aug,0.023771163,Solori,,,,,
HB_RS_Aug,0.00264124,Spergularia,,,,,
HB_RS_Aug,0.00264124,Spiraea,,,,,
HB_RS_Aug,0.00264124,Stachys,,,,,
HB_RS_Aug,0.00264124,Styphnolobium,,,,,
HB_RS_Aug,0.00264124,Tetraberlinia,,,,,
HB_RS_Aug,0.00264124,Toxicodendron,,,,,
HB_RS_Aug,54.68159848,Trifolium,,,,,
HB_RS_Aug,0.00264124,Trigonella,,,,,
HB_RS_Aug,0.021129923,Zea,,,,,
HB_Scotia_Aug,0.001797236,Acaena,,,,,
HB_Scotia_Aug,0.003594472,Acer,,,,,
HB_Scotia_Aug,0.003594472,Agoseris,,,,,
HB_Scotia_Aug,0.003594472,Aidia,,,,,
HB_Scotia_Aug,0.001797236,Allium,,,,,
HB_Scotia_Aug,0.001797236,Alloplectus,,,,,
HB_Scotia_Aug,0.001797236,Alnus,,,,,
HB_Scotia_Aug,0.003594472,Anemone,,,,,
HB_Scotia_Aug,0.026958538,Anthyllis,,,,,
HB_Scotia_Aug,0.001797236,Arafoe,,,,,
HB_Scotia_Aug,0.079078377,Aralia,,,,,
HB_Scotia_Aug,0.003594472,Arctium,,,,,
HB_Scotia_Aug,0.005391708,Atriplex,,,,,
HB_Scotia_Aug,0.003594472,Badiera,,,,,
HB_Scotia_Aug,0.001797236,Berzelia,,,,,
HB_Scotia_Aug,0.001797236,Beslerieae,,,,,
HB_Scotia_Aug,0.003594472,Betula,,,,,
HB_Scotia_Aug,0.001797236,Bigelowia,,,,,
HB_Scotia_Aug,0.001797236,Brandisia,,,,,
HB_Scotia_Aug,0.007188943,Brassica,,,,,
HB_Scotia_Aug,0.001797236,Bupleurum,,,,,
HB_Scotia_Aug,0.001797236,Camissonia,,,,,
HB_Scotia_Aug,0.001797236,Canthium,,,,,
HB_Scotia_Aug,0.005391708,Capsicum,,,,,
HB_Scotia_Aug,0.007188943,Capuronianthus,,,,,
HB_Scotia_Aug,0.001797236,Caragana,,,,,
HB_Scotia_Aug,0.003594472,Carapa,,,,,
HB_Scotia_Aug,0.016175123,Carduus,,,,,
HB_Scotia_Aug,0.003594472,Carthamus,,,,,
HB_Scotia_Aug,0.079078377,Celastrus,,,,,
HB_Scotia_Aug,0.22106001,Centaurea,,,,,
HB_Scotia_Aug,0.003594472,Chelidonium,,,,,
HB_Scotia_Aug,0.001797236,Chlorella,,,,,
HB_Scotia_Aug,0.005391708,Citrus,,,,,
HB_Scotia_Aug,0.003594472,Clarkia,,,,,
HB_Scotia_Aug,0.041336425,Clematis,,,,,
HB_Scotia_Aug,0.001797236,Clinopodium,,,,,
HB_Scotia_Aug,0.003594472,Coincya,,,,,
HB_Scotia_Aug,0.001797236,Cordia,,,,,
HB_Scotia_Aug,0.003594472,Coronilla,,,,,
HB_Scotia_Aug,0.001797236,Couepia,,,,,
HB_Scotia_Aug,0.001797236,Crataegus,,,,,
HB_Scotia_Aug,0.001797236,Cremosperma,,,,,
HB_Scotia_Aug,0.007188943,Crowea,,,,,
HB_Scotia_Aug,0.003594472,Cubanola,,,,,
HB_Scotia_Aug,0.620046369,Cuminia,,,,,
HB_Scotia_Aug,0.008986179,Cuphea,,,,,
HB_Scotia_Aug,0.010783415,Cuscuta,,,,,
HB_Scotia_Aug,0.292949444,Cytisopsis,,,,,
HB_Scotia_Aug,0.001797236,Daucus,,,,,
HB_Scotia_Aug,0.041336425,Dendrotrophe,,,,,
HB_Scotia_Aug,0.030553009,Desmodium,,,,,
HB_Scotia_Aug,0.005391708,Digitalis,,,,,
HB_Scotia_Aug,0.007188943,Diospyros,,,,,
HB_Scotia_Aug,0.003594472,Dorstenia,,,,,
HB_Scotia_Aug,0.050322604,Dorycnium,,,,,
HB_Scotia_Aug,0.003594472,Draba,,,,,
HB_Scotia_Aug,0.005391708,Elaeagnus,,,,,
HB_Scotia_Aug,0.003594472,Eleocharis,,,,,
HB_Scotia_Aug,0.003594472,Entandrophragma,,,,,
HB_Scotia_Aug,0.005391708,Ephedra,,,,,
HB_Scotia_Aug,0.003594472,Erechtites,,,,,
HB_Scotia_Aug,0.007188943,Erigeron,,,,,
HB_Scotia_Aug,0.001797236,Eriobotrya,,,,,
HB_Scotia_Aug,0.001797236,Eschweilera,,,,,
HB_Scotia_Aug,0.003594472,Euphrosyne,,,,,
HB_Scotia_Aug,0.001797236,Eutrochium,,,,,
HB_Scotia_Aug,0.001797236,Fagus,,,,,
HB_Scotia_Aug,0.001797236,Fallopia,,,,,
HB_Scotia_Aug,0.008986179,Ficus,,,,,
HB_Scotia_Aug,0.001797236,Galactia,,,,,
HB_Scotia_Aug,0.001797236,Gasteranthus,,,,,
HB_Scotia_Aug,0.02156683,Geranium,,,,,
HB_Scotia_Aug,0.001797236,Glandularia,,,,,
HB_Scotia_Aug,0.030553009,Gleditsia,,,,,
HB_Scotia_Aug,0.001797236,Globularia,,,,,
HB_Scotia_Aug,0.001797236,Goodenia,,,,,
HB_Scotia_Aug,0.001797236,Greenovia,,,,,
HB_Scotia_Aug,0.003594472,Grevillea,,,,,
HB_Scotia_Aug,0.001797236,Guaiacum,,,,,
HB_Scotia_Aug,0.001797236,Harveya,,,,,
HB_Scotia_Aug,0.001797236,Hesperis,,,,,
HB_Scotia_Aug,0.005391708,Hoffmannseggia,,,,,
HB_Scotia_Aug,0.920184756,Hovenia,,,,,
HB_Scotia_Aug,0.001797236,Hylotelephium,,,,,
HB_Scotia_Aug,0.007188943,Hyobanche,,,,,
HB_Scotia_Aug,0.001797236,Hypericum,,,,,
HB_Scotia_Aug,0.001797236,Ipomoea,,,,,
HB_Scotia_Aug,0.008986179,Isopogon,,,,,
HB_Scotia_Aug,0.014377887,Junellia,,,,,
HB_Scotia_Aug,0.007188943,Kingiodendron,,,,,
HB_Scotia_Aug,0.001797236,Klasea,,,,,
HB_Scotia_Aug,0.016175123,Krameria,,,,,
HB_Scotia_Aug,0.001797236,Lagenophora,,,,,
HB_Scotia_Aug,0.02156683,Lespedeza,,,,,
HB_Scotia_Aug,0.001797236,Leucadendron,,,,,
HB_Scotia_Aug,0.005391708,Leucanthemum,,,,,
HB_Scotia_Aug,0.001797236,Linum,,,,,
HB_Scotia_Aug,0.014377887,Liriodendron,,,,,
HB_Scotia_Aug,0.005391708,Lonicera,,,,,
HB_Scotia_Aug,95.74594274,Lotus,,,,,
HB_Scotia_Aug,0.003594472,Macgregoria,,,,,
HB_Scotia_Aug,0.001797236,Magnolia,,,,,
HB_Scotia_Aug,0.005391708,Maireana,,,,,
HB_Scotia_Aug,0.001797236,Mammea,,,,,
HB_Scotia_Aug,0.003594472,Maytenus,,,,,
HB_Scotia_Aug,0.003594472,Mentha,,,,,
HB_Scotia_Aug,0.100645208,Meryta,,,,,
HB_Scotia_Aug,0.010783415,Muehlenbeckia,,,,,
HB_Scotia_Aug,0.007188943,Myrmeconauclea,,,,,
HB_Scotia_Aug,0.001797236,Neurada,,,,,
HB_Scotia_Aug,0.003594472,Nicotiana,,,,,
HB_Scotia_Aug,0.003594472,Nitraria,,,,,
HB_Scotia_Aug,0.007188943,Notothlaspi,,,,,
HB_Scotia_Aug,0.001797236,Nymphoides,,,,,
HB_Scotia_Aug,0.003594472,Nyssa,,,,,
HB_Scotia_Aug,0.001797236,Ochroma,,,,,
HB_Scotia_Aug,0.003594472,Orobanche,,,,,
HB_Scotia_Aug,0.001797236,Padbruggea,,,,,
HB_Scotia_Aug,0.001797236,Panax,,,,,
HB_Scotia_Aug,0.001797236,Paramignya,,,,,
HB_Scotia_Aug,0.001797236,Perideridia,,,,,
HB_Scotia_Aug,0.001797236,Petradoria,,,,,
HB_Scotia_Aug,0.001797236,Phelipanche,,,,,
HB_Scotia_Aug,0.003594472,Piper,,,,,
HB_Scotia_Aug,0.001797236,Pittosporum,,,,,
HB_Scotia_Aug,0.098847972,Plantago,,,,,
HB_Scotia_Aug,0.001797236,Platycodon,,,,,
HB_Scotia_Aug,0.001797236,Polylepis,,,,,
HB_Scotia_Aug,0.008986179,Potentilla,,,,,
HB_Scotia_Aug,0.001797236,Primulina,,,,,
HB_Scotia_Aug,0.001797236,Protium,,,,,
HB_Scotia_Aug,0.010783415,Prunus,,,,,
HB_Scotia_Aug,0.007188943,Raphanus,,,,,
HB_Scotia_Aug,0.001797236,Rhaponticum,,,,,
HB_Scotia_Aug,0.001797236,Rhus,,,,,
HB_Scotia_Aug,0.007188943,Rhynchocorys,,,,,
HB_Scotia_Aug,0.001797236,Ribes,,,,,
HB_Scotia_Aug,0.016175123,Rosa,,,,,
HB_Scotia_Aug,0.032350245,Rubus,,,,,
HB_Scotia_Aug,0.012580651,Salix,,,,,
HB_Scotia_Aug,0.001797236,Salvadora,,,,,
HB_Scotia_Aug,0.001797236,Sanicula,,,,,
HB_Scotia_Aug,0.012580651,Saussurea,,,,,
HB_Scotia_Aug,0.001797236,Schismatoglottis,,,,,
HB_Scotia_Aug,0.030553009,Schottarum,,,,,
HB_Scotia_Aug,0.079078377,Securigera,,,,,
HB_Scotia_Aug,0.001797236,Sedum,,,,,
HB_Scotia_Aug,0.001797236,Selinum,,,,,
HB_Scotia_Aug,0.008986179,Senegalia,,,,,
HB_Scotia_Aug,0.005391708,Sideroxylon,,,,,
HB_Scotia_Aug,0.017972359,Solanum,,,,,
HB_Scotia_Aug,0.812350605,Spergularia,,,,,
HB_Scotia_Aug,0.003594472,Spondias,,,,,
HB_Scotia_Aug,0.001797236,Stockwellia,,,,,
HB_Scotia_Aug,0.001797236,Teucrium,,,,,
HB_Scotia_Aug,0.001797236,Thesium,,,,,
HB_Scotia_Aug,0.001797236,Tiquilia,,,,,
HB_Scotia_Aug,0.003594472,Tovomitopsis,,,,,
HB_Scotia_Aug,0.008986179,Toxicodendron,,,,,
HB_Scotia_Aug,0.026958538,Trifolium,,,,,
HB_Scotia_Aug,0.001797236,Triosteum,,,,,
HB_Scotia_Aug,0.003594472,Triphysaria,,,,,
HB_Scotia_Aug,0.001797236,Tulipa,,,,,
HB_Scotia_Aug,0.001797236,Turnera,,,,,
HB_Scotia_Aug,0.005391708,Umbilicus,,,,,
HB_Scotia_Aug,0.001797236,Valeriana,,,,,
BB_Arb_July,0.00276238,Acaena,,,,,
BB_Arb_July,0.001841587,Acanthocalyx,,,,,
BB_Arb_July,0.003683173,Acer,,,,,
BB_Arb_July,0.000920793,Achimenes,,,,,
BB_Arb_July,0.004603967,Actaea,,,,,
BB_Arb_July,0.149168524,Adina,,,,,
BB_Arb_July,0.00552476,Aesculus,,,,,
BB_Arb_July,0.001841587,Agastache,,,,,
BB_Arb_July,0.00552476,Aizoon,,,,,
BB_Arb_July,0.00276238,Alangium,,,,,
BB_Arb_July,0.00552476,Albizia,,,,,
BB_Arb_July,0.000920793,Alectra,,,,,
BB_Arb_July,0.00276238,Allophylus,,,,,
BB_Arb_July,0.010128727,Alternanthera,,,,,
BB_Arb_July,0.000920793,Amorphophallus,,,,,
BB_Arb_July,0.000920793,Amphidasya,,,,,
BB_Arb_July,0.119703136,Amphithalea,,,,,
BB_Arb_July,0.000920793,Androsace,,,,,
BB_Arb_July,13.58262279,Anemone,,,,,
BB_Arb_July,0.000920793,Anisochilus,,,,,
BB_Arb_July,0.000920793,Anisopappus,,,,,
BB_Arb_July,0.000920793,Anisophyllea,,,,,
BB_Arb_July,0.009207934,Antirrhinum,,,,,
BB_Arb_July,0.00276238,Antopetitia,,,,,
BB_Arb_July,0.000920793,Aphananthe,,,,,
BB_Arb_July,0.000920793,Aphanopetalum,,,,,
BB_Arb_July,0.000920793,Arabis,,,,,
BB_Arb_July,0.001841587,Aristotelia,,,,,
BB_Arb_July,0.000920793,Arquita,,,,,
BB_Arb_July,16.31737905,Astilbe,,,,,
BB_Arb_July,0.000920793,Ateleia,,,,,
BB_Arb_July,0.000920793,Atraphaxis,,,,,
BB_Arb_July,0.000920793,Austrocallerya,,,,,
BB_Arb_July,0.011970314,Baliospermum,,,,,
BB_Arb_July,0.000920793,Banisteriopsis,,,,,
BB_Arb_July,0.004603967,Baptisia,,,,,
BB_Arb_July,0.000920793,Begonia,,,,,
BB_Arb_July,0.000920793,Belemia,,,,,
BB_Arb_July,0.000920793,Betula,,,,,
BB_Arb_July,0.000920793,Bidens,,,,,
BB_Arb_July,0.036831734,Blephilia,,,,,
BB_Arb_July,0.00276238,Bossiaea,,,,,
BB_Arb_July,0.043277288,Brandisia,,,,,
BB_Arb_July,0.000920793,Brassaiopsis,,,,,
BB_Arb_July,0.000920793,Brassica,,,,,
BB_Arb_July,0.000920793,Buddleja,,,,,
BB_Arb_July,0.001841587,Bupleurum,,,,,
BB_Arb_July,0.000920793,Burmannia,,,,,
BB_Arb_July,0.000920793,Bursera,,,,,
BB_Arb_July,0.000920793,Calandrinia,,,,,
BB_Arb_July,0.000920793,Calibrachoa,,,,,
BB_Arb_July,0.012891107,Calliandra,,,,,
BB_Arb_July,0.953941916,Callisia,,,,,
BB_Arb_July,0.004603967,Campanula,,,,,
BB_Arb_July,0.12614869,Carduus,,,,,
BB_Arb_July,0.000920793,Carpenteria,,,,,
BB_Arb_July,0.049722841,Castanea,,,,,
BB_Arb_July,0.000920793,Castanospermum,,,,,
BB_Arb_July,0.003683173,Castelnavia,,,,,
BB_Arb_July,0.000920793,Castilleja,,,,,
BB_Arb_July,0.000920793,Caulophyllum,,,,,
BB_Arb_July,0.000920793,Cedrela,,,,,
BB_Arb_July,0.000920793,Celastrus,,,,,
BB_Arb_July,0.009207934,Celmisia,,,,,
BB_Arb_July,0.039594114,Centaurea,,,,,
BB_Arb_July,0.180475498,Cephalanthus,,,,,
BB_Arb_July,0.003683173,Chenopodium,,,,,
BB_Arb_July,0.003683173,Christisonia,,,,,
BB_Arb_July,0.000920793,Chromolucuma,,,,,
BB_Arb_July,0.000920793,Chrysophyllum,,,,,
BB_Arb_July,0.00276238,Chuquiraga,,,,,
BB_Arb_July,0.000920793,Cichorium,,,,,
BB_Arb_July,0.000920793,Cinchonopsis,,,,,
BB_Arb_July,0.000920793,Cinnamomum,,,,,
BB_Arb_July,4.561610283,Cirsium,,,,,
BB_Arb_July,0.00276238,Cladrastis,,,,,
BB_Arb_July,0.001841587,Clarkia,,,,,
BB_Arb_July,0.001841587,Clematis,,,,,
BB_Arb_July,0.007366347,Cliffortia,,,,,
BB_Arb_July,0.004603967,Clinopodium,,,,,
BB_Arb_July,0.000920793,Clusia,,,,,
BB_Arb_July,0.000920793,Coffea,,,,,
BB_Arb_July,0.000920793,Colombobalanus,,,,,
BB_Arb_July,0.029465387,Colubrina,,,,,
BB_Arb_July,0.010128727,Combretum,,,,,
BB_Arb_July,0.015653487,Commelina,,,,,
BB_Arb_July,0.001841587,Conium,,,,,
BB_Arb_July,0.00276238,Convolvulus,,,,,
BB_Arb_July,0.000920793,Corchorus,,,,,
BB_Arb_July,0.00552476,Cornus,,,,,
BB_Arb_July,0.14824773,Coronilla,,,,,
BB_Arb_July,0.000920793,Cotyledon,,,,,
BB_Arb_July,0.000920793,Craibiodendron,,,,,
BB_Arb_July,0.000920793,Crataegus,,,,,
BB_Arb_July,0.000920793,Crenea,,,,,
BB_Arb_July,0.001841587,Crotalaria,,,,,
BB_Arb_July,0.071821882,Croton,,,,,
BB_Arb_July,0.001841587,Cryptandra,,,,,
BB_Arb_July,0.065376328,Cunila,,,,,
BB_Arb_July,0.000920793,Cuphea,,,,,
BB_Arb_July,0.000920793,Cyclamen,,,,,
BB_Arb_July,0.000920793,Cynara,,,,,
BB_Arb_July,0.007366347,Cynoglossum,,,,,
BB_Arb_July,0.001841587,Cyrilla,,,,,
BB_Arb_July,0.000920793,Daucus,,,,,
BB_Arb_July,0.000920793,Deinbollia,,,,,
BB_Arb_July,0.009207934,Diervilla,,,,,
BB_Arb_July,0.000920793,Diospyros,,,,,
BB_Arb_July,0.000920793,Dorstenia,,,,,
BB_Arb_July,0.000920793,Dracocephalum,,,,,
BB_Arb_July,0.029465387,Drymocallis,,,,,
BB_Arb_July,0.003683173,Duabanga,,,,,
BB_Arb_July,0.000920793,Echinocodon,,,,,
BB_Arb_July,0.00552476,Echium,,,,,
BB_Arb_July,0.000920793,Ekimia,,,,,
BB_Arb_July,0.000920793,Elattostachys,,,,,
BB_Arb_July,0.000920793,Elephantopus,,,,,
BB_Arb_July,0.000920793,Elliottia,,,,,
BB_Arb_July,0.000920793,Epigaea,,,,,
BB_Arb_July,0.000920793,Erycina,,,,,
BB_Arb_July,0.072742675,Eryngium,,,,,
BB_Arb_July,0.000920793,Eucrypta,,,,,
BB_Arb_July,0.01657428,Fatsia,,,,,
BB_Arb_July,0.000920793,Fedia,,,,,
BB_Arb_July,0.000920793,Fendlera,,,,,
BB_Arb_July,0.000920793,Ficus,,,,,
BB_Arb_July,0.003683173,Forsythia,,,,,
BB_Arb_July,0.000920793,Fouquieria,,,,,
BB_Arb_July,0.000920793,Fragaria,,,,,
BB_Arb_July,0.000920793,Galatella,,,,,
BB_Arb_July,0.000920793,Galium,,,,,
BB_Arb_July,0.072742675,Gastrocotyle,,,,,
BB_Arb_July,0.000920793,Gentiana,,,,,
BB_Arb_July,0.000920793,Geum,,,,,
BB_Arb_July,0.0138119,Gibasis,,,,,
BB_Arb_July,0.001841587,Girardinia,,,,,
BB_Arb_July,0.273475627,Glechon,,,,,
BB_Arb_July,0.015653487,Goodenia,,,,,
BB_Arb_July,0.000920793,Gymnocladus,,,,,
BB_Arb_July,0.000920793,Haloragis,,,,,
BB_Arb_July,0.01657428,Harveya,,,,,
BB_Arb_July,0.001841587,Hedera,,,,,
BB_Arb_July,0.004603967,Heliotropium,,,,,
BB_Arb_July,0.00552476,Helleborus,,,,,
BB_Arb_July,0.000920793,Hemiptelea,,,,,
BB_Arb_July,0.000920793,Heracleum,,,,,
BB_Arb_July,0.003683173,Hibiscus,,,,,
BB_Arb_July,0.001841587,Hieronyma,,,,,
BB_Arb_July,0.001841587,Hoffmannseggia,,,,,
BB_Arb_July,0.01657428,Hovenia,,,,,
BB_Arb_July,0.001841587,Howellia,,,,,
BB_Arb_July,0.020257454,Huarpea,,,,,
BB_Arb_July,0.000920793,Hubertia,,,,,
BB_Arb_July,0.000920793,Humbertia,,,,,
BB_Arb_July,0.000920793,Humulus,,,,,
BB_Arb_July,25.92033296,Hydrangea,,,,,
BB_Arb_July,0.034990148,Hyobanche,,,,,
BB_Arb_July,0.068138708,Hyoscyamus,,,,,
BB_Arb_July,0.017495074,Hypericum,,,,,
BB_Arb_July,0.000920793,Hypocalyptus,,,,,
BB_Arb_July,0.001841587,Hyptis,,,,,
BB_Arb_July,0.000920793,Indigofera,,,,,
BB_Arb_July,0.001841587,Ipomoea,,,,,
BB_Arb_July,0.000920793,Isodon,,,,,
BB_Arb_July,0.000920793,Isotropis,,,,,
BB_Arb_July,0.015653487,Ixiolaena,,,,,
BB_Arb_July,0.006445553,Jacobaea,,,,,
BB_Arb_July,0.00276238,Jacquemontia,,,,,
BB_Arb_July,0.000920793,Kalmia,,,,,
BB_Arb_July,0.000920793,Kingiodendron,,,,,
BB_Arb_July,0.000920793,Koehneria,,,,,
BB_Arb_July,0.00828714,Koelreuteria,,,,,
BB_Arb_July,0.000920793,Koenigia,,,,,
BB_Arb_July,0.000920793,Krameria,,,,,
BB_Arb_July,0.704406917,Lamium,,,,,
BB_Arb_July,0.000920793,Lantana,,,,,
BB_Arb_July,0.000920793,Lasiodiscus,,,,,
BB_Arb_July,0.001841587,Levisticum,,,,,
BB_Arb_July,0.000920793,Ligularia,,,,,
BB_Arb_July,0.00276238,Linanthus,,,,,
BB_Arb_July,0.000920793,Linaria,,,,,
BB_Arb_July,0.000920793,Liparophyllum,,,,,
BB_Arb_July,0.000920793,Lomanthus,,,,,
BB_Arb_July,0.00552476,Lonicera,,,,,
BB_Arb_July,0.064455535,Lotus,,,,,
BB_Arb_July,0.000920793,Lycoris,,,,,
BB_Arb_July,0.00552476,Lysipomia,,,,,
BB_Arb_July,0.001841587,Macleaya,,,,,
BB_Arb_July,0.004603967,Magnolia,,,,,
BB_Arb_July,0.004603967,Magoniella,,,,,
BB_Arb_July,0.001841587,Mallotus,,,,,
BB_Arb_July,0.000920793,Mammea,,,,,
BB_Arb_July,0.000920793,Mentha,,,,,
BB_Arb_July,0.00276238,Monarda,,,,,
BB_Arb_July,0.022099041,Monotropa,,,,,
BB_Arb_July,0.000920793,Muelleranthus,,,,,
BB_Arb_July,0.026703007,Myriophyllum,,,,,
BB_Arb_July,0.028544594,Myrmeconauclea,,,,,
BB_Arb_July,0.001841587,Nama,,,,,
BB_Arb_July,0.000920793,Narcissus,,,,,
BB_Arb_July,0.000920793,Nauclea,,,,,
BB_Arb_July,0.001841587,Nepenthes,,,,,
BB_Arb_July,0.007366347,Nepeta,,,,,
BB_Arb_July,0.000920793,Nerine,,,,,
BB_Arb_July,0.00552476,Nesiota,,,,,
BB_Arb_July,0.029465387,Nicotiana,,,,,
BB_Arb_July,0.001841587,Noltea,,,,,
BB_Arb_July,0.109574409,Onosma,,,,,
BB_Arb_July,0.023019834,Origanum,,,,,
BB_Arb_July,0.000920793,Oxalis,,,,,
BB_Arb_July,0.12614869,Oxyphyllum,,,,,
BB_Arb_July,0.006445553,Panax,,,,,
BB_Arb_July,0.00276238,Papaver,,,,,
BB_Arb_July,0.00276238,Parthenium,,,,,
BB_Arb_July,0.000920793,Paullinia,,,,,
BB_Arb_July,0.004603967,Pedicularis,,,,,
BB_Arb_July,0.001841587,Pelargonium,,,,,
BB_Arb_July,0.000920793,Peltogyne,,,,,
BB_Arb_July,0.000920793,Philodendron,,,,,
BB_Arb_July,0.000920793,Phleum,,,,,
BB_Arb_July,0.004603967,Phylica,,,,,
BB_Arb_July,0.001841587,Physalis,,,,,
BB_Arb_July,0.01657428,Physaria,,,,,
BB_Arb_July,0.000920793,Phytolacca,,,,,
BB_Arb_July,0.006445553,Pieris,,,,,
BB_Arb_July,0.006445553,Pilea,,,,,
BB_Arb_July,0.000920793,Pimelea,,,,,
BB_Arb_July,0.000920793,Pippenalia,,,,,
BB_Arb_July,0.004603967,Pipturus,,,,,
BB_Arb_July,0.001841587,Pittosporum,,,,,
BB_Arb_July,0.000920793,Plagiobothrys,,,,,
BB_Arb_July,1.925378906,Plantago,,,,,
BB_Arb_July,0.000920793,Pluchea,,,,,
BB_Arb_July,0.000920793,Poliothyrsis,,,,,
BB_Arb_July,0.038673321,Polycnemum,,,,,
BB_Arb_July,0.000920793,Polygala,,,,,
BB_Arb_July,0.001841587,Polygonum,,,,,
BB_Arb_July,0.000920793,Polylepis,,,,,
BB_Arb_July,0.007366347,Pomaria,,,,,
BB_Arb_July,0.007366347,Potentilla,,,,,
BB_Arb_July,0.000920793,Pouteria,,,,,
BB_Arb_July,0.000920793,Pseudobombax,,,,,
BB_Arb_July,0.000920793,Psorothamnus,,,,,
BB_Arb_July,0.004603967,Psychotria,,,,,
BB_Arb_July,0.004603967,Psylliostachys,,,,,
BB_Arb_July,0.00552476,Pycnanthemum,,,,,
BB_Arb_July,0.000920793,Pygeum,,,,,
BB_Arb_July,0.050643635,Quercus,,,,,
BB_Arb_July,0.017495074,Remya,,,,,
BB_Arb_July,0.000920793,Rhagadiolus,,,,,
BB_Arb_July,0.000920793,Rhaponticum,,,,,
BB_Arb_July,0.000920793,Rhododendron,,,,,
BB_Arb_July,0.001841587,Rhynchocorys,,,,,
BB_Arb_July,0.009207934,Ribes,,,,,
BB_Arb_July,0.001841587,Roldana,,,,,
BB_Arb_July,3.245796578,Rosa,,,,,
BB_Arb_July,0.015653487,Rubus,,,,,
BB_Arb_July,0.003683173,Salsola,,,,,
BB_Arb_July,0.01657428,Salvia,,,,,
BB_Arb_July,0.058009981,Sambucus,,,,,
BB_Arb_July,0.000920793,Sanguisorba,,,,,
BB_Arb_July,0.01104952,Sanicula,,,,,
BB_Arb_July,0.000920793,Santalum,,,,,
BB_Arb_July,0.000920793,Saururus,,,,,
BB_Arb_July,0.031306974,Saussurea,,,,,
BB_Arb_July,0.706248504,Scaevola,,,,,
BB_Arb_July,0.000920793,Schefflera,,,,,
BB_Arb_July,0.000920793,Schistocarpaea,,,,,
BB_Arb_July,0.000920793,Scorpiurus,,,,,
BB_Arb_July,26.87243329,Securigera,,,,,
BB_Arb_July,0.00552476,Senecio,,,,,
BB_Arb_July,0.029465387,Senegalia,,,,,
BB_Arb_July,0.00276238,Sesbania,,,,,
BB_Arb_July,0.000920793,Sidalcea,,,,,
BB_Arb_July,0.001841587,Silphium,,,,,
BB_Arb_July,0.001841587,Sinocrassula,,,,,
BB_Arb_July,1.708071675,Solanum,,,,,
BB_Arb_July,0.00552476,Spergularia,,,,,
BB_Arb_July,0.012891107,Spiraea,,,,,
BB_Arb_July,0.001841587,Stachys,,,,,
BB_Arb_July,0.000920793,Stereospermum,,,,,
BB_Arb_July,0.000920793,Styphelia,,,,,
BB_Arb_July,0.00276238,Swartzia,,,,,
BB_Arb_July,0.00276238,Synedrella,,,,,
BB_Arb_July,0.000920793,Teucrium,,,,,
BB_Arb_July,0.000920793,Theodorovia,,,,,
BB_Arb_July,0.001841587,Thouinia,,,,,
BB_Arb_July,0.315832121,Tiarella,,,,,
BB_Arb_July,0.010128727,Tilia,,,,,
BB_Arb_July,0.000920793,Tinospora,,,,,
BB_Arb_July,0.000920793,Tiquilia,,,,,
BB_Arb_July,0.000920793,Toechima,,,,,
BB_Arb_July,0.001841587,Trevesia,,,,,
BB_Arb_July,0.001841587,Trichocephalus,,,,,
BB_Arb_July,0.004603967,Trichogonia,,,,,
BB_Arb_July,0.122465516,Trifolium,,,,,
BB_Arb_July,0.000920793,Trigonella,,,,,
BB_Arb_July,0.000920793,Trompettia,,,,,
BB_Arb_July,0.000920793,Tropaeolum,,,,,
BB_Arb_July,0.006445553,Tzeltalia,,,,,
BB_Arb_July,0.00276238,Uncaria,,,,,
BB_Arb_July,0.001841587,Urceola,,,,,
BB_Arb_July,0.000920793,Urophyllum,,,,,
BB_Arb_July,0.000920793,Vernicia,,,,,
BB_Arb_July,0.003683173,Weigela,,,,,
BB_Arb_July,0.000920793,Wikstroemia,,,,,
BB_Arb_July,0.003683173,Xeroderris,,,,,
BB_Arb_July,0.000920793,Zenobia,,,,,
BB_Bernel_July,0.001768409,Acanthocalyx,,,,,
BB_Bernel_July,0.005305227,Acer,,,,,
BB_Bernel_July,0.003536818,Acmispon,,,,,
BB_Bernel_July,0.001768409,Adonis,,,,,
BB_Bernel_July,0.001768409,Aganope,,,,,
BB_Bernel_July,0.001768409,Aizoon,,,,,
BB_Bernel_July,0.003536818,Alnus,,,,,
BB_Bernel_July,0.109641367,Alseis,,,,,
BB_Bernel_July,0.008842046,Amelanchier,,,,,
BB_Bernel_July,0.541133197,Ammodaucus,,,,,
BB_Bernel_July,0.003536818,Antopetitia,,,,,
BB_Bernel_July,0.001768409,Astragalus,,,,,
BB_Bernel_July,0.003536818,Baliospermum,,,,,
BB_Bernel_July,0.001768409,Ballota,,,,,
BB_Bernel_July,0.001768409,Bambusa,,,,,
BB_Bernel_July,0.051283865,Betula,,,,,
BB_Bernel_July,0.001768409,Boldia,,,,,
BB_Bernel_July,0.045978638,Brandisia,,,,,
BB_Bernel_July,0.005305227,Brassica,,,,,
BB_Bernel_July,0.010610455,Bupleurum,,,,,
BB_Bernel_July,0.007073637,Camellia,,,,,
BB_Bernel_July,0.001768409,Camptosema,,,,,
BB_Bernel_July,0.001768409,Caragana,,,,,
BB_Bernel_July,0.005305227,Carmichaelia,,,,,
BB_Bernel_July,0.019452501,Carpinus,,,,,
BB_Bernel_July,0.007073637,Castanea,,,,,
BB_Bernel_July,0.005305227,Castelnavia,,,,,
BB_Bernel_July,0.18391455,Celastrus,,,,,
BB_Bernel_July,0.001768409,Cephalanthus,,,,,
BB_Bernel_July,0.007073637,Cerastium,,,,,
BB_Bernel_July,0.001768409,Chapmannia,,,,,
BB_Bernel_July,0.001768409,Chelidonium,,,,,
BB_Bernel_July,0.001768409,Chlorella,,,,,
BB_Bernel_July,1.600410271,Cicer,,,,,
BB_Bernel_July,0.001768409,Cinnamomum,,,,,
BB_Bernel_July,0.001768409,Cladrastis,,,,,
BB_Bernel_July,0.003536818,Clematis,,,,,
BB_Bernel_July,0.001768409,Clusia,,,,,
BB_Bernel_July,0.001768409,Colombobalanus,,,,,
BB_Bernel_July,0.003536818,Cornus,,,,,
BB_Bernel_July,0.003536818,Corylus,,,,,
BB_Bernel_July,0.001768409,Couepia,,,,,
BB_Bernel_July,0.001768409,Crataegus,,,,,
BB_Bernel_July,0.001768409,Cremosperma,,,,,
BB_Bernel_July,0.001768409,Cubanola,,,,,
BB_Bernel_July,0.001768409,Cyrtandra,,,,,
BB_Bernel_July,0.028294546,Dactylis,,,,,
BB_Bernel_July,0.003536818,Delphinium,,,,,
BB_Bernel_July,0.001768409,Dendrotrophe,,,,,
BB_Bernel_July,0.001768409,Digitalis,,,,,
BB_Bernel_July,0.003536818,Diospyros,,,,,
BB_Bernel_July,0.003536818,Dipsacus,,,,,
BB_Bernel_July,0.001768409,Discolobium,,,,,
BB_Bernel_July,0.001768409,Dorstenia,,,,,
BB_Bernel_July,0.001768409,Draba,,,,,
BB_Bernel_July,0.058357502,Elaeagnus,,,,,
BB_Bernel_July,0.001768409,Eleocharis,,,,,
BB_Bernel_July,0.001768409,Ephedra,,,,,
BB_Bernel_July,0.001768409,Erigeron,,,,,
BB_Bernel_July,0.001768409,Euphrosyne,,,,,
BB_Bernel_July,0.044210228,Festuca,,,,,
BB_Bernel_July,0.003536818,Ficus,,,,,
BB_Bernel_July,0.001768409,Gaylussacia,,,,,
BB_Bernel_July,0.014147273,Geranium,,,,,
BB_Bernel_July,0.008842046,Gleditsia,,,,,
BB_Bernel_July,0.012378864,Greuteria,,,,,
BB_Bernel_July,0.001768409,Harmsiodoxa,,,,,
BB_Bernel_July,0.007073637,Harveya,,,,,
BB_Bernel_July,0.022989319,Helleborus,,,,,
BB_Bernel_July,0.001768409,Hoffmannseggia,,,,,
BB_Bernel_July,0.005305227,Holcus,,,,,
BB_Bernel_July,0.001768409,Hydrangea,,,,,
BB_Bernel_July,0.030062955,Hydrophyllum,,,,,
BB_Bernel_July,0.047747047,Hyobanche,,,,,
BB_Bernel_July,0.001768409,Hyoscyamus,,,,,
BB_Bernel_July,0.001768409,Indigofera,,,,,
BB_Bernel_July,0.003536818,Ipomoea,,,,,
BB_Bernel_July,0.001768409,Iris,,,,,
BB_Bernel_July,0.022989319,Kalmia,,,,,
BB_Bernel_July,0.008842046,Krameria,,,,,
BB_Bernel_July,0.001768409,Lamium,,,,,
BB_Bernel_July,0.017684091,Lathyrus,,,,,
BB_Bernel_July,0.003536818,Lens,,,,,
BB_Bernel_July,0.003536818,Leptoderris,,,,,
BB_Bernel_July,0.024757728,Liriodendron,,,,,
BB_Bernel_July,0.001768409,Lomatium,,,,,
BB_Bernel_July,0.008842046,Lonicera,,,,,
BB_Bernel_July,0.003536818,Lophozonia,,,,,
BB_Bernel_July,0.030062955,Lotus,,,,,
BB_Bernel_July,0.001768409,Lyonia,,,,,
BB_Bernel_July,0.007073637,Magnolia,,,,,
BB_Bernel_July,0.001768409,Maianthemum,,,,,
BB_Bernel_July,0.001768409,Malacomeles,,,,,
BB_Bernel_July,0.001768409,Malus,,,,,
BB_Bernel_July,0.001768409,Mammea,,,,,
BB_Bernel_July,0.001768409,Maytenus,,,,,
BB_Bernel_July,0.007073637,Medicago,,,,,
BB_Bernel_July,0.001768409,Megalachne,,,,,
BB_Bernel_July,0.001768409,Muehlenbeckia,,,,,
BB_Bernel_July,0.001768409,Mulguraea,,,,,
BB_Bernel_July,0.028294546,Myrmeconauclea,,,,,
BB_Bernel_July,0.008842046,Nyssa,,,,,
BB_Bernel_July,0.017684091,Ononis,,,,,
BB_Bernel_July,0.001768409,Ostericum,,,,,
BB_Bernel_July,0.010610455,Ostrya,,,,,
BB_Bernel_July,0.003536818,Oxytropis,,,,,
BB_Bernel_July,0.001768409,Padbruggea,,,,,
BB_Bernel_July,0.003536818,Paederia,,,,,
BB_Bernel_July,0.005305227,Parochetus,,,,,
BB_Bernel_July,0.001768409,Philadelphus,,,,,
BB_Bernel_July,0.001768409,Phlomis,,,,,
BB_Bernel_July,0.001768409,Phormium,,,,,
BB_Bernel_July,0.001768409,Phytolacca,,,,,
BB_Bernel_July,0.010610455,Pilosella,,,,,
BB_Bernel_July,0.001768409,Pimelea,,,,,
BB_Bernel_July,0.007073637,Pinus,,,,,
BB_Bernel_July,0.001768409,Pittosporum,,,,,
BB_Bernel_July,0.019452501,Plantago,,,,,
BB_Bernel_July,0.120251821,Poa,,,,,
BB_Bernel_July,0.157388413,Polygala,,,,,
BB_Bernel_July,0.001768409,Pomaria,,,,,
BB_Bernel_July,0.007073637,Potentilla,,,,,
BB_Bernel_July,0.001768409,Poupartia,,,,,
BB_Bernel_July,0.019452501,Primulina,,,,,
BB_Bernel_July,0.001768409,Prunella,,,,,
BB_Bernel_July,0.044210228,Prunus,,,,,
BB_Bernel_July,0.007073637,Quercus,,,,,
BB_Bernel_July,0.001768409,Raphiocarpus,,,,,
BB_Bernel_July,0.001768409,Rhododendron,,,,,
BB_Bernel_July,0.001768409,Rhoiptelea,,,,,
BB_Bernel_July,0.012378864,Rhus,,,,,
BB_Bernel_July,0.001768409,Ribes,,,,,
BB_Bernel_July,0.007073637,Robinia,,,,,
BB_Bernel_July,0.056589092,Rosa,,,,,
BB_Bernel_July,0.122020231,Rubus,,,,,
BB_Bernel_July,0.022989319,Rumex,,,,,
BB_Bernel_July,0.019452501,Salix,,,,,
BB_Bernel_July,0.001768409,Sanicula,,,,,
BB_Bernel_July,0.003536818,Santalum,,,,,
BB_Bernel_July,0.001768409,Scaevola,,,,,
BB_Bernel_July,0.037136592,Securigera,,,,,
BB_Bernel_July,0.007073637,Semaphyllanthe,,,,,
BB_Bernel_July,0.049515456,Senegalia,,,,,
BB_Bernel_July,0.001768409,Sinocrassula,,,,,
BB_Bernel_July,0.010610455,Solanum,,,,,
BB_Bernel_July,0.106104548,Solori,,,,,
BB_Bernel_July,0.007073637,Spiraea,,,,,
BB_Bernel_July,0.001768409,Stachys,,,,,
BB_Bernel_July,0.003536818,Sulla,,,,,
BB_Bernel_July,0.001768409,Sutherlandia,,,,,
BB_Bernel_July,0.001768409,Taraxacum,,,,,
BB_Bernel_July,0.001768409,Tetraberlinia,,,,,
BB_Bernel_July,0.001768409,Tilia,,,,,
BB_Bernel_July,0.001768409,Tirpitzia,,,,,
BB_Bernel_July,0.001768409,Torminalis,,,,,
BB_Bernel_July,0.001768409,Tournefortia,,,,,
BB_Bernel_July,95.79472307,Trifolium,,,,,
BB_Bernel_July,0.015915682,Trigonella,,,,,
BB_Bernel_July,0.001768409,Ungeria,,,,,
BB_Bernel_July,0.001768409,Vepris,,,,,
BB_Bernel_July,0.005305227,Veronica,,,,,
BB_Bernel_July,0.015915682,Viburnum,,,,,
BB_Bernel_July,0.015915682,Vicia,,,,,
BB_Bernel_July,0.003536818,Vitis,,,,,
BB_Colyer_July,0.002264031,Acantholepis,,,,,
BB_Colyer_July,0.002264031,Achimenes,,,,,
BB_Colyer_July,0.002264031,Acmispon,,,,,
BB_Colyer_July,0.002264031,Agalinis,,,,,
BB_Colyer_July,0.004528063,Aglaia,,,,,
BB_Colyer_July,0.002264031,Aidia,,,,,
BB_Colyer_July,0.002264031,Ainsliaea,,,,,
BB_Colyer_July,0.004528063,Alectra,,,,,
BB_Colyer_July,0.002264031,Allophylus,,,,,
BB_Colyer_July,0.015848219,Alternanthera,,,,,
BB_Colyer_July,0.002264031,Althaea,,,,,
BB_Colyer_July,0.002264031,Ammannia,,,,,
BB_Colyer_July,0.006792094,Ammodaucus,,,,,
BB_Colyer_July,0.002264031,Amorphophallus,,,,,
BB_Colyer_July,0.251307478,Amphithalea,,,,,
BB_Colyer_July,0.074713034,Amphoricarpos,,,,,
BB_Colyer_July,0.002264031,Anemone,,,,,
BB_Colyer_July,0.002264031,Anthyllis,,,,,
BB_Colyer_July,0.002264031,Antiphytum,,,,,
BB_Colyer_July,0.058864815,Antirrhinum,,,,,
BB_Colyer_July,0.002264031,Antopetitia,,,,,
BB_Colyer_July,0.002264031,Aralia,,,,,
BB_Colyer_July,0.002264031,Archibaccharis,,,,,
BB_Colyer_July,0.185650569,Arctium,,,,,
BB_Colyer_July,0.002264031,Arctotheca,,,,,
BB_Colyer_July,0.004528063,Astragalus,,,,,
BB_Colyer_July,0.004528063,Atriplex,,,,,
BB_Colyer_July,0.011320157,Baliospermum,,,,,
BB_Colyer_July,0.002264031,Banisteriopsis,,,,,
BB_Colyer_July,0.002264031,Begonia,,,,,
BB_Colyer_July,0.049808689,Brandisia,,,,,
BB_Colyer_July,0.002264031,Brassica,,,,,
BB_Colyer_July,0.002264031,Bupleurum,,,,,
BB_Colyer_July,0.002264031,Bursera,,,,,
BB_Colyer_July,0.018112251,Calliandra,,,,,
BB_Colyer_July,0.002264031,Caragana,,,,,
BB_Colyer_July,6.09250832,Carduus,,,,,
BB_Colyer_July,0.002264031,Carpanthea,,,,,
BB_Colyer_July,0.199234757,Carthamus,,,,,
BB_Colyer_July,0.002264031,Castanea,,,,,
BB_Colyer_July,0.022640313,Castelnavia,,,,,
BB_Colyer_July,0.06792094,Celastrus,,,,,
BB_Colyer_July,0.002264031,Cenostigma,,,,,
BB_Colyer_July,17.92433607,Centaurea,,,,,
BB_Colyer_July,0.002264031,Cephalanthus,,,,,
BB_Colyer_July,0.002264031,Chamaecrista,,,,,
BB_Colyer_July,0.004528063,Chenopodium,,,,,
BB_Colyer_July,0.002264031,Chuquiraga,,,,,
BB_Colyer_July,0.040752564,Cicer,,,,,
BB_Colyer_July,0.024904345,Cirsium,,,,,
BB_Colyer_July,0.002264031,Clarkia,,,,,
BB_Colyer_July,0.009056125,Cleome,,,,,
BB_Colyer_July,0.027168376,Colubrina,,,,,
BB_Colyer_July,0.009056125,Combretum,,,,,
BB_Colyer_July,0.228667165,Coronilla,,,,,
BB_Colyer_July,0.002264031,Cryptandra,,,,,
BB_Colyer_July,0.002264031,Cuscuta,,,,,
BB_Colyer_July,0.002264031,Cyclamen,,,,,
BB_Colyer_July,0.002264031,Cypripedium,,,,,
BB_Colyer_July,0.002264031,Dasymaschalon,,,,,
BB_Colyer_July,0.004528063,Diospyros,,,,,
BB_Colyer_July,0.058864815,Disterigma,,,,,
BB_Colyer_July,0.002264031,Dolomiaea,,,,,
BB_Colyer_July,0.013584188,Echium,,,,,
BB_Colyer_July,0.013584188,Elaeagnus,,,,,
BB_Colyer_July,0.002264031,Erythroxylum,,,,,
BB_Colyer_July,0.015848219,Fatsia,,,,,
BB_Colyer_July,0.009056125,Forsythia,,,,,
BB_Colyer_July,0.004528063,Galatella,,,,,
BB_Colyer_July,0.002264031,Galium,,,,,
BB_Colyer_July,0.871652064,Gaultheria,,,,,
BB_Colyer_July,0.03396047,Gaylussacia,,,,,
BB_Colyer_July,0.004528063,Geranium,,,,,
BB_Colyer_July,0.006792094,Gleditsia,,,,,
BB_Colyer_July,0.002264031,Gontscharovia,,,,,
BB_Colyer_July,0.049808689,Goodenia,,,,,
BB_Colyer_July,0.002264031,Grevillea,,,,,
BB_Colyer_July,0.002264031,Gypothamnium,,,,,
BB_Colyer_July,0.004528063,Haloragis,,,,,
BB_Colyer_July,0.006792094,Hoffmannseggia,,,,,
BB_Colyer_July,0.065656909,Hovenia,,,,,
BB_Colyer_July,0.002264031,Hullsia,,,,,
BB_Colyer_July,0.063392877,Hyobanche,,,,,
BB_Colyer_July,0.004528063,Hyoscyamus,,,,,
BB_Colyer_July,0.009056125,Hypericum,,,,,
BB_Colyer_July,0.002264031,Jacksonia,,,,,
BB_Colyer_July,0.022640313,Jacobaea,,,,,
BB_Colyer_July,0.006792094,Jacquemontia,,,,,
BB_Colyer_July,0.002264031,Jatropha,,,,,
BB_Colyer_July,0.076977065,Klasea,,,,,
BB_Colyer_July,0.002264031,Leptoderris,,,,,
BB_Colyer_July,0.002264031,Liatris,,,,,
BB_Colyer_July,0.002264031,Linanthus,,,,,
BB_Colyer_July,0.043016595,Lonicera,,,,,
BB_Colyer_July,0.092825285,Lotus,,,,,
BB_Colyer_July,0.013584188,Lysipomia,,,,,
BB_Colyer_July,0.002264031,Magnolia,,,,,
BB_Colyer_July,0.002264031,Mantisalca,,,,,
BB_Colyer_July,0.002264031,Maytenus,,,,,
BB_Colyer_July,0.002264031,Mentha,,,,,
BB_Colyer_July,0.002264031,Meryta,,,,,
BB_Colyer_July,0.002264031,Monopteryx,,,,,
BB_Colyer_July,0.031696439,Myriophyllum,,,,,
BB_Colyer_July,0.022640313,Myrmeconauclea,,,,,
BB_Colyer_July,0.002264031,Nama,,,,,
BB_Colyer_July,0.070184971,Nepeta,,,,,
BB_Colyer_July,0.004528063,Nicotiana,,,,,
BB_Colyer_July,0.002264031,Nierembergia,,,,,
BB_Colyer_July,0.013584188,Noltea,,,,,
BB_Colyer_July,0.002264031,Olearia,,,,,
BB_Colyer_July,0.158482193,Onosma,,,,,
BB_Colyer_July,0.004528063,Oxytropis,,,,,
BB_Colyer_July,0.002264031,Paullinia,,,,,
BB_Colyer_July,0.009056125,Pedicularis,,,,,
BB_Colyer_July,0.002264031,Peplidium,,,,,
BB_Colyer_July,0.002264031,Phalaris,,,,,
BB_Colyer_July,0.002264031,Phonus,,,,,
BB_Colyer_July,0.009056125,Physalis,,,,,
BB_Colyer_July,0.018112251,Physaria,,,,,
BB_Colyer_July,0.002264031,Phytolacca,,,,,
BB_Colyer_July,0.006792094,Pieris,,,,,
BB_Colyer_July,0.006792094,Pipturus,,,,,
BB_Colyer_July,0.002264031,Pittosporum,,,,,
BB_Colyer_July,11.59410446,Plantago,,,,,
BB_Colyer_July,0.002264031,Platylobium,,,,,
BB_Colyer_July,0.002264031,Polemonium,,,,,
BB_Colyer_July,0.065656909,Polycnemum,,,,,
BB_Colyer_July,0.009056125,Pomaria,,,,,
BB_Colyer_July,0.002264031,Primula,,,,,
BB_Colyer_July,0.532047364,Prunella,,,,,
BB_Colyer_July,0.022640313,Prunus,,,,,
BB_Colyer_July,0.015848219,Psychotria,,,,,
BB_Colyer_July,0.006792094,Psylliostachys,,,,,
BB_Colyer_July,0.065656909,Remya,,,,,
BB_Colyer_July,0.312436324,Rhaponticum,,,,,
BB_Colyer_July,0.020376282,Rhododendron,,,,,
BB_Colyer_July,0.006792094,Rhynchocorys,,,,,
BB_Colyer_July,0.009056125,Ribes,,,,,
BB_Colyer_July,0.013584188,Rosa,,,,,
BB_Colyer_July,0.020376282,Rubus,,,,,
BB_Colyer_July,0.006792094,Salix,,,,,
BB_Colyer_July,0.004528063,Salsola,,,,,
BB_Colyer_July,0.210554914,Sambucus,,,,,
BB_Colyer_July,0.002264031,Sanicula,,,,,
BB_Colyer_July,2.137245579,Saussurea,,,,,
BB_Colyer_July,0.009056125,Saxifraga,,,,,
BB_Colyer_July,0.002264031,Scaevola,,,,,
BB_Colyer_July,0.004528063,Schistocarpaea,,,,,
BB_Colyer_July,0.002264031,Scorzonera,,,,,
BB_Colyer_July,50.90221649,Securigera,,,,,
BB_Colyer_July,0.002264031,Sedum,,,,,
BB_Colyer_July,0.022640313,Senecio,,,,,
BB_Colyer_July,0.020376282,Senegalia,,,,,
BB_Colyer_July,0.002264031,Silybum,,,,,
BB_Colyer_July,0.002264031,Sinosenecio,,,,,
BB_Colyer_July,0.212818945,Solanum,,,,,
BB_Colyer_July,0.020376282,Spergularia,,,,,
BB_Colyer_July,0.002264031,Spiraea,,,,,
BB_Colyer_July,0.002264031,Stackhousia,,,,,
BB_Colyer_July,0.002264031,Stoebe,,,,,
BB_Colyer_July,0.002264031,Tara,,,,,
BB_Colyer_July,0.004528063,Tarenaya,,,,,
BB_Colyer_July,0.002264031,Tepuia,,,,,
BB_Colyer_July,0.002264031,Thouinia,,,,,
BB_Colyer_July,0.002264031,Tilia,,,,,
BB_Colyer_July,0.002264031,Toxicodendron,,,,,
BB_Colyer_July,0.002264031,Trianthema,,,,,
BB_Colyer_July,0.004528063,Trichogonia,,,,,
BB_Colyer_July,6.357399986,Trifolium,,,,,
BB_Colyer_July,0.002264031,Urceola,,,,,
BB_Colyer_July,0.002264031,Urophyllum,,,,,
BB_Colyer_July,0.002264031,Veronica,,,,,
BB_Colyer_July,0.004528063,Xeroderris,,,,,
BB_Colyer_July,0.002264031,Zoegea,,,,,
BB_FB_July,0.001075512,Abutilon,,,,,
BB_FB_July,0.005377558,Acanthocalyx,,,,,
BB_FB_July,0.004302047,Acer,,,,,
BB_FB_July,0.001075512,Achillea,,,,,
BB_FB_July,0.001075512,Achimenes,,,,,
BB_FB_July,0.001075512,Acrosynanthus,,,,,
BB_FB_July,0.003226535,Actaea,,,,,
BB_FB_July,0.001075512,Aglaia,,,,,
BB_FB_July,0.002151023,Agonandra,,,,,
BB_FB_July,0.001075512,Aidia,,,,,
BB_FB_July,0.001075512,Ailanthus,,,,,
BB_FB_July,0.001075512,Aizoanthemum,,,,,
BB_FB_July,0.005377558,Allophylus,,,,,
BB_FB_July,0.003226535,Alnus,,,,,
BB_FB_July,0.001075512,Alseis,,,,,
BB_FB_July,0.004302047,Alternanthera,,,,,
BB_FB_July,0.00645307,Althaea,,,,,
BB_FB_July,0.003226535,Amicia,,,,,
BB_FB_July,0.009679605,Ammodaucus,,,,,
BB_FB_July,0.004302047,Amorphophallus,,,,,
BB_FB_July,0.16025124,Amphithalea,,,,,
BB_FB_July,0.001075512,Amphoricarpos,,,,,
BB_FB_July,0.001075512,Anagallis,,,,,
BB_FB_July,0.003226535,Anemone,,,,,
BB_FB_July,0.009679605,Antirrhinum,,,,,
BB_FB_July,0.001075512,Antopetitia,,,,,
BB_FB_July,0.001075512,Aphanamixis,,,,,
BB_FB_July,0.015057163,Aralia,,,,,
BB_FB_July,0.001075512,Astronium,,,,,
BB_FB_July,0.004302047,Ateleia,,,,,
BB_FB_July,0.001075512,Aucuba,,,,,
BB_FB_July,0.001075512,Baliospermum,,,,,
BB_FB_July,0.001075512,Bellonia,,,,,
BB_FB_July,0.001075512,Bertiera,,,,,
BB_FB_July,0.003226535,Betula,,,,,
BB_FB_July,0.001075512,Bossiaea,,,,,
BB_FB_July,0.083889911,Brandisia,,,,,
BB_FB_July,0.002151023,Brassaiopsis,,,,,
BB_FB_July,0.004302047,Bupleurum,,,,,
BB_FB_July,0.001075512,Burretiodendron,,,,,
BB_FB_July,0.02581228,Bursera,,,,,
BB_FB_July,0.003226535,Caldcluvia,,,,,
BB_FB_July,0.016132675,Calliandra,,,,,
BB_FB_July,0.022585745,Callirhoe,,,,,
BB_FB_July,0.001075512,Callisia,,,,,
BB_FB_July,0.050549049,Calyculogygas,,,,,
BB_FB_July,0.002151023,Canarium,,,,,
BB_FB_July,0.001075512,Capuronianthus,,,,,
BB_FB_July,0.001075512,Carapa,,,,,
BB_FB_July,0.002151023,Cardionema,,,,,
BB_FB_July,0.175308403,Carduus,,,,,
BB_FB_July,0.001075512,Carya,,,,,
BB_FB_July,4.817216791,Castanea,,,,,
BB_FB_July,0.005377558,Castanopsis,,,,,
BB_FB_July,0.002151023,Castelnavia,,,,,
BB_FB_July,0.001075512,Casuarina,,,,,
BB_FB_July,0.001075512,Catesbaea,,,,,
BB_FB_July,0.094645027,Cedrela,,,,,
BB_FB_July,0.001075512,Ceiba,,,,,
BB_FB_July,0.00645307,Celtis,,,,,
BB_FB_July,0.001075512,Cephalanthus,,,,,
BB_FB_July,0.002151023,Chamaecrista,,,,,
BB_FB_July,0.001075512,Cheiranthera,,,,,
BB_FB_July,0.001075512,Chelidonium,,,,,
BB_FB_July,0.001075512,Chelonopsis,,,,,
BB_FB_July,0.001075512,Chenolea,,,,,
BB_FB_July,0.002151023,Chenopodium,,,,,
BB_FB_July,0.001075512,Chiranthodendron,,,,,
BB_FB_July,0.001075512,Chlorogalum,,,,,
BB_FB_July,0.093569516,Chrysolepis,,,,,
BB_FB_July,0.005377558,Chukrasia,,,,,
BB_FB_July,0.04517149,Chuquiraga,,,,,
BB_FB_July,0.017208187,Cicer,,,,,
BB_FB_July,0.00645307,Cirsium,,,,,
BB_FB_July,0.001075512,Clarkia,,,,,
BB_FB_July,0.001075512,Clematis,,,,,
BB_FB_July,0.001075512,Cleonia,,,,,
BB_FB_July,0.001075512,Cliffortia,,,,,
BB_FB_July,0.002151023,Clinopodium,,,,,
BB_FB_July,0.001075512,Clusia,,,,,
BB_FB_July,0.007528582,Coffea,,,,,
BB_FB_July,0.204347218,Colombobalanus,,,,,
BB_FB_July,0.015057163,Colubrina,,,,,
BB_FB_July,0.00645307,Combretocarpus,,,,,
BB_FB_July,0.005377558,Combretum,,,,,
BB_FB_July,0.001075512,Commiphora,,,,,
BB_FB_July,0.004302047,Corchoropsis,,,,,
BB_FB_July,0.001075512,Corchorus,,,,,
BB_FB_July,0.001075512,Cornus,,,,,
BB_FB_July,0.135514471,Coronilla,,,,,
BB_FB_July,0.027963304,Corylus,,,,,
BB_FB_July,0.001075512,Cotinus,,,,,
BB_FB_July,0.011830628,Cremosperma,,,,,
BB_FB_July,0.001075512,Crenea,,,,,
BB_FB_July,0.001075512,Croton,,,,,
BB_FB_July,0.002151023,Cryptandra,,,,,
BB_FB_July,0.003226535,Cubanola,,,,,
BB_FB_July,0.001075512,Cuphea,,,,,
BB_FB_July,0.001075512,Cuttsia,,,,,
BB_FB_July,0.002151023,Cymopterus,,,,,
BB_FB_July,0.001075512,Cynoglossum,,,,,
BB_FB_July,0.001075512,Dactylaena,,,,,
BB_FB_July,0.001075512,Dauphinea,,,,,
BB_FB_July,0.00645307,Deinbollia,,,,,
BB_FB_July,0.001075512,Delarbrea,,,,,
BB_FB_July,0.007528582,Denisophytum,,,,,
BB_FB_July,0.002151023,Deprea,,,,,
BB_FB_July,0.001075512,Digitaria,,,,,
BB_FB_July,0.001075512,Dipsacus,,,,,
BB_FB_July,0.005377558,Dombeya,,,,,
BB_FB_July,0.004302047,Dorstenia,,,,,
BB_FB_July,0.039793932,Durio,,,,,
BB_FB_July,0.001075512,Dysoxylum,,,,,
BB_FB_July,0.003226535,Echium,,,,,
BB_FB_July,0.001075512,Eleocharis,,,,,
BB_FB_July,0.001075512,Eleutherococcus,,,,,
BB_FB_July,0.001075512,Endospermum,,,,,
BB_FB_July,0.003226535,Eremophila,,,,,
BB_FB_July,0.002151023,Erigeron,,,,,
BB_FB_July,0.001075512,Eriogonum,,,,,
BB_FB_July,0.001075512,Erythrostemon,,,,,
BB_FB_July,0.002151023,Erythroxylum,,,,,
BB_FB_July,0.031189839,Eucrypta,,,,,
BB_FB_July,0.004302047,Euphorbia,,,,,
BB_FB_July,0.031189839,Euphronia,,,,,
BB_FB_July,0.002151023,Excentrodendron,,,,,
BB_FB_July,0.003226535,Fatsia,,,,,
BB_FB_July,0.002151023,Festuca,,,,,
BB_FB_July,0.001075512,Ficus,,,,,
BB_FB_July,0.001075512,Gastrolobium,,,,,
BB_FB_July,0.001075512,Gentiana,,,,,
BB_FB_July,0.001075512,Giliastrum,,,,,
BB_FB_July,0.001075512,Gironniera,,,,,
BB_FB_July,0.001075512,Gontscharovia,,,,,
BB_FB_July,0.002151023,Goodenia,,,,,
BB_FB_July,0.062379677,Gossypium,,,,,
BB_FB_July,0.001075512,Greuteria,,,,,
BB_FB_July,0.001075512,Grevillea,,,,,
BB_FB_July,0.001075512,Grewia,,,,,
BB_FB_July,0.002151023,Gypothamnium,,,,,
BB_FB_July,0.002151023,Haloragis,,,,,
BB_FB_July,0.002151023,Handroanthus,,,,,
BB_FB_July,0.030114327,Hedera,,,,,
BB_FB_July,0.001075512,Heliotropium,,,,,
BB_FB_July,0.001075512,Helleborus,,,,,
BB_FB_July,0.001075512,Heracleum,,,,,
BB_FB_July,0.100022586,Hieronyma,,,,,
BB_FB_July,0.001075512,Hirtella,,,,,
BB_FB_July,0.001075512,Hoffmannseggia,,,,,
BB_FB_July,0.023661257,Hosta,,,,,
BB_FB_July,0.008604093,Hovenia,,,,,
BB_FB_July,0.002151023,Howellia,,,,,
BB_FB_July,0.001075512,Huarpea,,,,,
BB_FB_July,0.001075512,Hydrangea,,,,,
BB_FB_July,0.046247002,Hyobanche,,,,,
BB_FB_July,1.85633315,Hyoscyamus,,,,,
BB_FB_July,0.009679605,Hypericum,,,,,
BB_FB_July,0.001075512,Hypocalyptus,,,,,
BB_FB_July,0.001075512,Impatiens,,,,,
BB_FB_July,0.001075512,Indigofera,,,,,
BB_FB_July,0.001075512,Ipomoea,,,,,
BB_FB_July,0.002151023,Isodon,,,,,
BB_FB_July,0.003226535,Jacaratia,,,,,
BB_FB_July,0.00645307,Jacobaea,,,,,
BB_FB_July,0.001075512,Jasione,,,,,
BB_FB_July,0.001075512,Juglans,,,,,
BB_FB_July,0.001075512,Kalmia,,,,,
BB_FB_July,0.001075512,Klasea,,,,,
BB_FB_July,0.00645307,Koehneria,,,,,
BB_FB_July,0.065606212,Koelreuteria,,,,,
BB_FB_July,0.001075512,Koenigia,,,,,
BB_FB_July,0.001075512,Kokia,,,,,
BB_FB_July,0.004302047,Krameria,,,,,
BB_FB_July,0.001075512,Lagerstroemia,,,,,
BB_FB_July,0.001075512,Lamanonia,,,,,
BB_FB_July,0.001075512,Lasiodiscus,,,,,
BB_FB_July,0.001075512,Leonurus,,,,,
BB_FB_July,0.001075512,Lepechinia,,,,,
BB_FB_July,0.001075512,Lespedeza,,,,,
BB_FB_July,0.001075512,Ligusticum,,,,,
BB_FB_July,0.001075512,Lilium,,,,,
BB_FB_July,0.001075512,Liparophyllum,,,,,
BB_FB_July,0.008604093,Lithocarpus,,,,,
BB_FB_July,0.001075512,Lobelia,,,,,
BB_FB_July,0.003226535,Lonicera,,,,,
BB_FB_July,0.001075512,Lophozonia,,,,,
BB_FB_July,0.001075512,Loropetalum,,,,,
BB_FB_July,0.054851095,Lotus,,,,,
BB_FB_July,0.001075512,Lycium,,,,,
BB_FB_July,0.001075512,Lycoris,,,,,
BB_FB_July,0.003226535,Lysipomia,,,,,
BB_FB_July,0.001075512,Maackia,,,,,
BB_FB_July,0.001075512,Macrozamia,,,,,
BB_FB_July,0.001075512,Malva,,,,,
BB_FB_July,0.002151023,Mammea,,,,,
BB_FB_July,0.001075512,Marcetella,,,,,
BB_FB_July,0.001075512,Mazaea,,,,,
BB_FB_July,0.162402263,Medicago,,,,,
BB_FB_July,0.001075512,Merrilliopanax,,,,,
BB_FB_July,0.001075512,Molinaea,,,,,
BB_FB_July,0.001075512,Monarda,,,,,
BB_FB_July,0.001075512,Mosla,,,,,
BB_FB_July,0.001075512,Muehlenbeckia,,,,,
BB_FB_July,0.001075512,Mulguraea,,,,,
BB_FB_July,0.001075512,Mussaenda,,,,,
BB_FB_July,0.001075512,Mussaendopsis,,,,,
BB_FB_July,0.002151023,Myriophyllum,,,,,
BB_FB_July,0.023661257,Myrmeconauclea,,,,,
BB_FB_July,0.001075512,Myrospermum,,,,,
BB_FB_July,0.002151023,Narcissus,,,,,
BB_FB_July,0.001075512,Nauclea,,,,,
BB_FB_July,0.001075512,Nematanthus,,,,,
BB_FB_July,0.001075512,Nephelium,,,,,
BB_FB_July,0.001075512,Nerisyrenia,,,,,
BB_FB_July,0.25059422,Nicotiana,,,,,
BB_FB_July,0.001075512,Nolina,,,,,
BB_FB_July,0.011830628,Noltea,,,,,
BB_FB_July,0.001075512,Ononis,,,,,
BB_FB_July,0.084965422,Onosma,,,,,
BB_FB_July,0.001075512,Opocunonia,,,,,
BB_FB_July,0.001075512,Oreobliton,,,,,
BB_FB_July,0.001075512,Orobanche,,,,,
BB_FB_July,0.001075512,Orostachys,,,,,
BB_FB_July,0.002151023,Osmoxylon,,,,,
BB_FB_July,0.005377558,Oxalis,,,,,
BB_FB_July,0.01290614,Oxyphyllum,,,,,
BB_FB_July,0.001075512,Oxytropis,,,,,
BB_FB_July,0.001075512,Panax,,,,,
BB_FB_July,0.00645307,Papaver,,,,,
BB_FB_July,0.001075512,Parthenium,,,,,
BB_FB_July,0.001075512,Pedersenia,,,,,
BB_FB_July,0.001075512,Pedicularis,,,,,
BB_FB_July,0.001075512,Peltodon,,,,,
BB_FB_July,0.001075512,Pennantia,,,,,
BB_FB_July,0.001075512,Peperomia,,,,,
BB_FB_July,0.001075512,Petunia,,,,,
BB_FB_July,0.001075512,Philenoptera,,,,,
BB_FB_July,0.003226535,Phleum,,,,,
BB_FB_July,0.001075512,Phlomoides,,,,,
BB_FB_July,0.001075512,Phormium,,,,,
BB_FB_July,0.003226535,Phylica,,,,,
BB_FB_July,0.001075512,Phyllanthus,,,,,
BB_FB_July,0.021510233,Physaria,,,,,
BB_FB_July,0.001075512,Piper,,,,,
BB_FB_July,0.002151023,Pistacia,,,,,
BB_FB_July,0.004302047,Pittosporum,,,,,
BB_FB_July,0.001075512,Planchonella,,,,,
BB_FB_July,0.382882156,Plantago,,,,,
BB_FB_July,0.001075512,Plazia,,,,,
BB_FB_July,0.001075512,Pleurophora,,,,,
BB_FB_July,0.003226535,Poa,,,,,
BB_FB_July,0.073134794,Polycnemum,,,,,
BB_FB_July,0.007528582,Polygala,,,,,
BB_FB_July,0.007528582,Polygonatum,,,,,
BB_FB_July,0.001075512,Polygonum,,,,,
BB_FB_July,0.004302047,Polylepis,,,,,
BB_FB_July,0.003226535,Polyscias,,,,,
BB_FB_July,0.009679605,Pomaria,,,,,
BB_FB_July,0.001075512,Posoqueria,,,,,
BB_FB_July,0.002151023,Pouteria,,,,,
BB_FB_July,0.001075512,Primulina,,,,,
BB_FB_July,0.003226535,Protium,,,,,
BB_FB_July,0.002151023,Prunella,,,,,
BB_FB_July,0.003226535,Prunus,,,,,
BB_FB_July,0.001075512,Psorospermum,,,,,
BB_FB_July,0.003226535,Psychotria,,,,,
BB_FB_July,0.004302047,Psylliostachys,,,,,
BB_FB_July,0.001075512,Pterospermum,,,,,
BB_FB_July,12.39419654,Quercus,,,,,
BB_FB_July,0.001075512,Ramorinoa,,,,,
BB_FB_July,0.002151023,Ranunculus,,,,,
BB_FB_July,0.065606212,Reevesia,,,,,
BB_FB_July,0.001075512,Remya,,,,,
BB_FB_July,0.005377558,Rhoiptelea,,,,,
BB_FB_July,0.005377558,Rhus,,,,,
BB_FB_July,0.001075512,Rhynchocorys,,,,,
BB_FB_July,0.002151023,Ribes,,,,,
BB_FB_July,0.001075512,Rosa,,,,,
BB_FB_July,0.001075512,Rubus,,,,,
BB_FB_July,0.004302047,Rumex,,,,,
BB_FB_July,0.001075512,Salix,,,,,
BB_FB_July,0.004302047,Salsola,,,,,
BB_FB_July,0.002151023,Sambucus,,,,,
BB_FB_July,0.001075512,Saponaria,,,,,
BB_FB_July,0.001075512,Saussurea,,,,,
BB_FB_July,0.003226535,Saxifraga,,,,,
BB_FB_July,0.001075512,Scabiosa,,,,,
BB_FB_July,0.022585745,Scaevola,,,,,
BB_FB_July,0.002151023,Schinopsis,,,,,
BB_FB_July,0.001075512,Schmardaea,,,,,
BB_FB_July,27.30724142,Securigera,,,,,
BB_FB_July,0.001075512,Sedum,,,,,
BB_FB_July,0.024736769,Senegalia,,,,,
BB_FB_July,0.001075512,Sesbania,,,,,
BB_FB_July,0.049473537,Sidalcea,,,,,
BB_FB_July,0.001075512,Silene,,,,,
BB_FB_July,0.001075512,Sinocrassula,,,,,
BB_FB_July,0.003226535,Skimmia,,,,,
BB_FB_July,0.011830628,Sloanea,,,,,
BB_FB_July,37.24281827,Solanum,,,,,
BB_FB_July,0.002151023,Spergularia,,,,,
BB_FB_July,0.001075512,Sphaerosacme,,,,,
BB_FB_July,0.021510233,Spiraea,,,,,
BB_FB_July,0.054851095,Stachys,,,,,
BB_FB_July,0.001075512,Stenandrium,,,,,
BB_FB_July,0.001075512,Streptocarpus,,,,,
BB_FB_July,0.016132675,Stylisma,,,,,
BB_FB_July,0.001075512,Suaeda,,,,,
BB_FB_July,0.001075512,Swartzia,,,,,
BB_FB_July,0.001075512,Symphoricarpos,,,,,
BB_FB_July,0.003226535,Tara,,,,,
BB_FB_July,0.001075512,Thalictrum,,,,,
BB_FB_July,0.001075512,Thouinia,,,,,
BB_FB_July,10.84438422,Tilia,,,,,
BB_FB_July,0.001075512,Torminalis,,,,,
BB_FB_July,0.001075512,Tragia,,,,,
BB_FB_July,0.003226535,Trevesia,,,,,
BB_FB_July,0.001075512,Tribulopis,,,,,
BB_FB_July,0.002151023,Trichogonia,,,,,
BB_FB_July,1.887522989,Trifolium,,,,,
BB_FB_July,0.001075512,Trigonella,,,,,
BB_FB_July,0.001075512,Triosteum,,,,,
BB_FB_July,0.001075512,Triumfetta,,,,,
BB_FB_July,0.001075512,Trompettia,,,,,
BB_FB_July,0.001075512,Trymatococcus,,,,,
BB_FB_July,0.088191957,Tzeltalia,,,,,
BB_FB_July,0.001075512,Urceola,,,,,
BB_FB_July,0.001075512,Uribea,,,,,
BB_FB_July,0.002151023,Viburnum,,,,,
BB_FB_July,0.001075512,Wigandia,,,,,
BB_FB_July,0.001075512,Ziziphora,,,,,
BB_Hyner_July,0.002627361,Acacia,,,,,
BB_Hyner_July,0.005254723,Acaena,,,,,
BB_Hyner_July,0.002627361,Acer,,,,,
BB_Hyner_July,0.007882084,Acmispon,,,,,
BB_Hyner_July,0.002627361,Agalinis,,,,,
BB_Hyner_July,0.010509445,Agastache,,,,,
BB_Hyner_July,0.002627361,Aichryson,,,,,
BB_Hyner_July,0.005254723,Aidia,,,,,
BB_Hyner_July,0.002627361,Aizoon,,,,,
BB_Hyner_July,0.002627361,Allium,,,,,
BB_Hyner_July,0.013136807,Alternanthera,,,,,
BB_Hyner_July,0.05780195,Ammodaucus,,,,,
BB_Hyner_July,0.010509445,Amorphophallus,,,,,
BB_Hyner_July,0.212816269,Amphithalea,,,,,
BB_Hyner_July,0.002627361,Andersonglossum,,,,,
BB_Hyner_July,0.002627361,Anthoxanthum,,,,,
BB_Hyner_July,0.002627361,Anthyllis,,,,,
BB_Hyner_July,0.133995428,Antirrhinum,,,,,
BB_Hyner_July,0.002627361,Antopetitia,,,,,
BB_Hyner_July,0.002627361,Asplenium,,,,,
BB_Hyner_July,0.013136807,Astilbe,,,,,
BB_Hyner_July,0.002627361,Astragalus,,,,,
BB_Hyner_July,0.002627361,Atraphaxis,,,,,
BB_Hyner_July,0.002627361,Atriplex,,,,,
BB_Hyner_July,0.002627361,Azara,,,,,
BB_Hyner_July,0.002627361,Baliospermum,,,,,
BB_Hyner_July,0.002627361,Begonia,,,,,
BB_Hyner_July,0.05780195,Brandisia,,,,,
BB_Hyner_July,0.021018891,Brassica,,,,,
BB_Hyner_July,0.005254723,Bupleurum,,,,,
BB_Hyner_July,0.013136807,Bursera,,,,,
BB_Hyner_July,0.013136807,Calliandra,,,,,
BB_Hyner_July,0.007882084,Callirhoe,,,,,
BB_Hyner_July,0.010509445,Calyculogygas,,,,,
BB_Hyner_July,0.002627361,Capsicum,,,,,
BB_Hyner_July,0.028900975,Carduus,,,,,
BB_Hyner_July,0.044665143,Castelnavia,,,,,
BB_Hyner_July,0.002627361,Catalpa,,,,,
BB_Hyner_July,0.149759596,Celastrus,,,,,
BB_Hyner_July,0.015764168,Celmisia,,,,,
BB_Hyner_July,0.010509445,Celtis,,,,,
BB_Hyner_July,0.002627361,Centaurea,,,,,
BB_Hyner_July,0.002627361,Chamaecrista,,,,,
BB_Hyner_July,0.010509445,Cheilotheca,,,,,
BB_Hyner_July,0.302146554,Cicer,,,,,
BB_Hyner_July,5.935209269,Cirsium,,,,,
BB_Hyner_July,0.002627361,Clarkia,,,,,
BB_Hyner_July,0.002627361,Cleome,,,,,
BB_Hyner_July,0.002627361,Clinopodium,,,,,
BB_Hyner_July,0.002627361,Clusia,,,,,
BB_Hyner_July,0.010509445,Coincya,,,,,
BB_Hyner_July,0.021018891,Colubrina,,,,,
BB_Hyner_July,0.010509445,Combretum,,,,,
BB_Hyner_July,0.239089882,Coronilla,,,,,
BB_Hyner_July,0.007882084,Couepia,,,,,
BB_Hyner_July,0.005254723,Cryptandra,,,,,
BB_Hyner_July,0.068311395,Cuminia,,,,,
BB_Hyner_July,0.002627361,Cuscuta,,,,,
BB_Hyner_July,0.010509445,Cytisopsis,,,,,
BB_Hyner_July,0.005254723,Dendrotrophe,,,,,
BB_Hyner_July,0.002627361,Dichelostemma,,,,,
BB_Hyner_July,0.002627361,Dicranostigma,,,,,
BB_Hyner_July,0.002627361,Digitalis,,,,,
BB_Hyner_July,0.002627361,Dimocarpus,,,,,
BB_Hyner_July,0.002627361,Dischidia,,,,,
BB_Hyner_July,0.002627361,Dorstenia,,,,,
BB_Hyner_July,0.007882084,Dorycnium,,,,,
BB_Hyner_July,0.005254723,Durio,,,,,
BB_Hyner_July,0.002627361,Dyschoriste,,,,,
BB_Hyner_July,0.031528336,Echium,,,,,
BB_Hyner_July,0.055174588,Elaeagnus,,,,,
BB_Hyner_July,0.002627361,Elattostachys,,,,,
BB_Hyner_July,0.002627361,Erysimum,,,,,
BB_Hyner_July,0.013136807,Euphronia,,,,,
BB_Hyner_July,0.002627361,Euphrosyne,,,,,
BB_Hyner_July,0.002627361,Fagus,,,,,
BB_Hyner_July,0.002627361,Fatsia,,,,,
BB_Hyner_July,0.002627361,Flueggea,,,,,
BB_Hyner_July,0.002627361,Galium,,,,,
BB_Hyner_July,0.002627361,Gazania,,,,,
BB_Hyner_July,0.010509445,Geranium,,,,,
BB_Hyner_July,0.015764168,Gleditsia,,,,,
BB_Hyner_July,0.007882084,Goodenia,,,,,
BB_Hyner_July,0.010509445,Gossypium,,,,,
BB_Hyner_July,0.002627361,Gunniopsis,,,,,
BB_Hyner_July,0.005254723,Harveya,,,,,
BB_Hyner_July,0.002627361,Hedera,,,,,
BB_Hyner_July,0.013136807,Hedysarum,,,,,
BB_Hyner_July,0.002627361,Heliotropium,,,,,
BB_Hyner_July,0.002627361,Hesperis,,,,,
BB_Hyner_July,0.002627361,Horovitzia,,,,,
BB_Hyner_July,0.244344605,Hovenia,,,,,
BB_Hyner_July,0.007882084,Hydrangea,,,,,
BB_Hyner_July,0.002627361,Hylomecon,,,,,
BB_Hyner_July,0.028900975,Hyobanche,,,,,
BB_Hyner_July,0.002627361,Hyoscyamus,,,,,
BB_Hyner_July,0.191797378,Hypericum,,,,,
BB_Hyner_July,0.007882084,Indigofera,,,,,
BB_Hyner_July,0.002627361,Ipomoea,,,,,
BB_Hyner_July,0.007882084,Jacobaea,,,,,
BB_Hyner_July,0.002627361,Jatropha,,,,,
BB_Hyner_July,0.002627361,Kingiodendron,,,,,
BB_Hyner_July,0.005254723,Krameria,,,,,
BB_Hyner_July,9.190509971,Lathyrus,,,,,
BB_Hyner_July,0.191797378,Lens,,,,,
BB_Hyner_July,0.002627361,Linanthus,,,,,
BB_Hyner_July,0.002627361,Liparophyllum,,,,,
BB_Hyner_July,0.007882084,Liriodendron,,,,,
BB_Hyner_July,0.002627361,Lobelia,,,,,
BB_Hyner_July,0.002627361,Lonchocarpus,,,,,
BB_Hyner_July,0.010509445,Lonicera,,,,,
BB_Hyner_July,8.415438375,Lotus,,,,,
BB_Hyner_July,0.002627361,Magnolia,,,,,
BB_Hyner_July,0.002627361,Magoniella,,,,,
BB_Hyner_July,0.002627361,Maireana,,,,,
BB_Hyner_July,0.007882084,Malva,,,,,
BB_Hyner_July,0.007882084,Mammea,,,,,
BB_Hyner_July,0.007882084,Maytenus,,,,,
BB_Hyner_July,0.131368067,Medicago,,,,,
BB_Hyner_July,0.002627361,Melilotus,,,,,
BB_Hyner_July,0.015764168,Meryta,,,,,
BB_Hyner_July,0.002627361,Microseris,,,,,
BB_Hyner_July,0.005254723,Monotropa,,,,,
BB_Hyner_July,0.002627361,Mostacillastrum,,,,,
BB_Hyner_July,0.010509445,Myriophyllum,,,,,
BB_Hyner_July,0.036783059,Myrmeconauclea,,,,,
BB_Hyner_July,0.002627361,Nauclea,,,,,
BB_Hyner_July,0.002627361,Nepenthes,,,,,
BB_Hyner_July,0.002627361,Neurada,,,,,
BB_Hyner_July,0.005254723,Nicotiana,,,,,
BB_Hyner_July,0.005254723,Nitraria,,,,,
BB_Hyner_July,0.005254723,Noltea,,,,,
BB_Hyner_July,0.002627361,Oemleria,,,,,
BB_Hyner_July,0.084075563,Onosma,,,,,
BB_Hyner_July,0.170778487,Oxalis,,,,,
BB_Hyner_July,0.007882084,Papaver,,,,,
BB_Hyner_July,0.002627361,Peltaea,,,,,
BB_Hyner_July,0.310028638,Phleum,,,,,
BB_Hyner_July,0.028900975,Physaria,,,,,
BB_Hyner_July,0.002627361,Pinguicula,,,,,
BB_Hyner_July,0.002627361,Pipturus,,,,,
BB_Hyner_July,0.034155697,Pisum,,,,,
BB_Hyner_July,0.005254723,Planchonella,,,,,
BB_Hyner_July,0.007882084,Plantago,,,,,
BB_Hyner_July,0.002627361,Pluchea,,,,,
BB_Hyner_July,0.07882084,Polycnemum,,,,,
BB_Hyner_July,0.013136807,Polygala,,,,,
BB_Hyner_July,0.002627361,Polyscias,,,,,
BB_Hyner_July,0.005254723,Pomaria,,,,,
BB_Hyner_July,0.005254723,Potentilla,,,,,
BB_Hyner_July,0.007882084,Primulina,,,,,
BB_Hyner_July,0.002627361,Prunella,,,,,
BB_Hyner_July,0.026273613,Prunus,,,,,
BB_Hyner_July,0.018391529,Psychotria,,,,,
BB_Hyner_July,0.010509445,Psylliostachys,,,,,
BB_Hyner_July,0.002627361,Pterospermum,,,,,
BB_Hyner_July,0.023646252,Quercus,,,,,
BB_Hyner_July,0.005254723,Reevesia,,,,,
BB_Hyner_July,0.007882084,Remya,,,,,
BB_Hyner_July,0.002627361,Ribes,,,,,
BB_Hyner_July,0.007882084,Roldana,,,,,
BB_Hyner_July,0.010509445,Rosa,,,,,
BB_Hyner_July,0.063056672,Rubus,,,,,
BB_Hyner_July,0.010509445,Salix,,,,,
BB_Hyner_July,0.002627361,Salsola,,,,,
BB_Hyner_July,0.015764168,Saussurea,,,,,
BB_Hyner_July,0.002627361,Saxifraga,,,,,
BB_Hyner_July,0.005254723,Schottarum,,,,,
BB_Hyner_July,45.8474554,Securigera,,,,,
BB_Hyner_July,0.002627361,Sedum,,,,,
BB_Hyner_July,0.005254723,Senecio,,,,,
BB_Hyner_July,0.026273613,Senegalia,,,,,
BB_Hyner_July,0.002627361,Sesbania,,,,,
BB_Hyner_July,0.018391529,Sidalcea,,,,,
BB_Hyner_July,0.007882084,Sloanea,,,,,
BB_Hyner_July,0.160269042,Solanum,,,,,
BB_Hyner_July,0.139250151,Spergularia,,,,,
BB_Hyner_July,0.002627361,Sphaerocoma,,,,,
BB_Hyner_July,0.007882084,Stylisma,,,,,
BB_Hyner_July,0.002627361,Stylosanthes,,,,,
BB_Hyner_July,0.002627361,Tara,,,,,
BB_Hyner_July,5.706628833,Tilia,,,,,
BB_Hyner_July,0.007882084,Trichogonia,,,,,
BB_Hyner_July,0.60692047,Trifolium,,,,,
BB_Hyner_July,0.007882084,Trigonella,,,,,
BB_Hyner_July,0.002627361,Valeriana,,,,,
BB_Hyner_July,0.002627361,Viburnum,,,,,
BB_Hyner_July,20.05990384,Vicia,,,,,
BB_Hyner_July,0.002627361,Worsleya,,,,,
BB_Hyner_July,0.013136807,Xeroderris,,,,,
BB_Hyner_July,0.002627361,Zostera,,,,,
BB_RR1_July,0.028316007,Acaena,,,,,
BB_RR1_July,0.004045144,Acer,,,,,
BB_RR1_July,0.022248291,Achimenes,,,,,
BB_RR1_July,0.002022572,Aeginetia,,,,,
BB_RR1_July,0.014158003,Agalinis,,,,,
BB_RR1_July,0.004045144,Agrostis,,,,,
BB_RR1_July,0.002022572,Aidia,,,,,
BB_RR1_July,0.004045144,Alectra,,,,,
BB_RR1_July,0.006067716,Allophylus,,,,,
BB_RR1_July,0.044496582,Alternanthera,,,,,
BB_RR1_July,0.002022572,Ambrosia,,,,,
BB_RR1_July,0.002022572,Ammodaucus,,,,,
BB_RR1_July,0.01011286,Amorphophallus,,,,,
BB_RR1_July,0.002022572,Amphicarpaea,,,,,
BB_RR1_July,0.246753772,Amphithalea,,,,,
BB_RR1_July,0.002022572,Andersonglossum,,,,,
BB_RR1_July,0.004045144,Anemone,,,,,
BB_RR1_July,0.002022572,Anthyllis,,,,,
BB_RR1_July,0.004045144,Antiphytum,,,,,
BB_RR1_July,0.006067716,Antirrhinum,,,,,
BB_RR1_July,0.008090288,Antopetitia,,,,,
BB_RR1_July,0.002022572,Apios,,,,,
BB_RR1_July,0.002022572,Arctium,,,,,
BB_RR1_July,0.002022572,Arenaria,,,,,
BB_RR1_July,0.004045144,Aristotelia,,,,,
BB_RR1_July,0.002022572,Aruncus,,,,,
BB_RR1_July,0.002022572,Astragalus,,,,,
BB_RR1_July,0.004045144,Aureolaria,,,,,
BB_RR1_July,0.002022572,Azara,,,,,
BB_RR1_July,0.002022572,Baliospermum,,,,,
BB_RR1_July,0.012135431,Baptisia,,,,,
BB_RR1_July,0.182031471,Brandisia,,,,,
BB_RR1_July,0.002022572,Brunnera,,,,,
BB_RR1_July,0.002022572,Bursera,,,,,
BB_RR1_July,0.018203147,Calliandra,,,,,
BB_RR1_July,0.002022572,Calophyllum,,,,,
BB_RR1_July,0.002022572,Calyculogygas,,,,,
BB_RR1_July,0.002022572,Camptosema,,,,,
BB_RR1_July,0.014158003,Carduus,,,,,
BB_RR1_July,0.002022572,Caroxylon,,,,,
BB_RR1_July,0.002022572,Castanea,,,,,
BB_RR1_July,0.006067716,Castelnavia,,,,,
BB_RR1_July,0.056632013,Celastrus,,,,,
BB_RR1_July,0.002022572,Celmisia,,,,,
BB_RR1_July,0.002022572,Celtis,,,,,
BB_RR1_July,0.076857732,Cephalanthus,,,,,
BB_RR1_July,0.002022572,Chaenomeles,,,,,
BB_RR1_July,0.337769508,Cheilotheca,,,,,
BB_RR1_July,0.002022572,Chenopodium,,,,,
BB_RR1_July,0.002022572,Chrysobalanus,,,,,
BB_RR1_July,5.988835403,Cirsium,,,,,
BB_RR1_July,0.002022572,Clarkia,,,,,
BB_RR1_July,0.002022572,Clematis,,,,,
BB_RR1_July,0.002022572,Clematoclethra,,,,,
BB_RR1_July,0.236640913,Clinopodium,,,,,
BB_RR1_July,0.002022572,Clusia,,,,,
BB_RR1_July,0.012135431,Colubrina,,,,,
BB_RR1_July,0.006067716,Combretum,,,,,
BB_RR1_July,0.004045144,Cornus,,,,,
BB_RR1_July,0.12742203,Coronilla,,,,,
BB_RR1_July,0.002022572,Cotoneaster,,,,,
BB_RR1_July,0.004045144,Crotalaria,,,,,
BB_RR1_July,0.004045144,Cryptandra,,,,,
BB_RR1_July,0.002022572,Cyclamen,,,,,
BB_RR1_July,0.002022572,Deinbollia,,,,,
BB_RR1_July,0.040451438,Disterigma,,,,,
BB_RR1_July,0.002022572,Dorstenia,,,,,
BB_RR1_July,0.002022572,Drymocallis,,,,,
BB_RR1_July,16.04910805,Echium,,,,,
BB_RR1_July,0.008090288,Elaeagnus,,,,,
BB_RR1_July,0.002022572,Elaeoluma,,,,,
BB_RR1_July,0.002022572,Elatostema,,,,,
BB_RR1_July,0.008090288,Erigeron,,,,,
BB_RR1_July,0.030338579,Eriobotrya,,,,,
BB_RR1_July,0.002022572,Erythroxylum,,,,,
BB_RR1_July,0.026293435,Euphrasia,,,,,
BB_RR1_July,0.002022572,Euphronia,,,,,
BB_RR1_July,0.002022572,Ficus,,,,,
BB_RR1_July,0.058654585,Galium,,,,,
BB_RR1_July,0.685651875,Gaultheria,,,,,
BB_RR1_July,0.002022572,Gaylussacia,,,,,
BB_RR1_July,0.002022572,Geum,,,,,
BB_RR1_July,0.004045144,Gillenia,,,,,
BB_RR1_July,0.002022572,Gleditsia,,,,,
BB_RR1_July,0.002022572,Glycine,,,,,
BB_RR1_July,0.008090288,Goodenia,,,,,
BB_RR1_July,0.002022572,Goodia,,,,,
BB_RR1_July,0.008090288,Harveya,,,,,
BB_RR1_July,0.006067716,Hedera,,,,,
BB_RR1_July,0.002022572,Hessea,,,,,
BB_RR1_July,0.004045144,Hoffmannseggia,,,,,
BB_RR1_July,0.052586869,Holodiscus,,,,,
BB_RR1_July,0.018203147,Hovenia,,,,,
BB_RR1_July,0.072812588,Hyobanche,,,,,
BB_RR1_July,0.004045144,Hyoscyamus,,,,,
BB_RR1_July,1.939646454,Hypericum,,,,,
BB_RR1_July,0.002022572,Ipomoea,,,,,
BB_RR1_July,0.008090288,Jacobaea,,,,,
BB_RR1_July,0.002022572,Jacquemontia,,,,,
BB_RR1_July,0.004045144,Jatropha,,,,,
BB_RR1_July,0.004045144,Keckiella,,,,,
BB_RR1_July,0.002022572,Kelloggia,,,,,
BB_RR1_July,0.004045144,Krameria,,,,,
BB_RR1_July,0.002022572,Lafuentea,,,,,
BB_RR1_July,0.002022572,Lepisanthes,,,,,
BB_RR1_July,0.002022572,Leucanthemum,,,,,
BB_RR1_July,0.002022572,Ligusticum,,,,,
BB_RR1_July,0.002022572,Linanthus,,,,,
BB_RR1_July,0.004045144,Linaria,,,,,
BB_RR1_July,0.01011286,Liparophyllum,,,,,
BB_RR1_July,0.004045144,Lobostemon,,,,,
BB_RR1_July,0.002022572,Lonicera,,,,,
BB_RR1_July,0.086970592,Lotus,,,,,
BB_RR1_July,0.004045144,Lysipomia,,,,,
BB_RR1_July,0.012135431,Magoniella,,,,,
BB_RR1_July,0.002022572,Maireana,,,,,
BB_RR1_July,0.002022572,Malus,,,,,
BB_RR1_July,0.002022572,Mammea,,,,,
BB_RR1_July,0.01011286,Markea,,,,,
BB_RR1_July,0.002022572,Maytenus,,,,,
BB_RR1_July,0.004045144,Melampodium,,,,,
BB_RR1_July,5.157558351,Melampyrum,,,,,
BB_RR1_July,0.040451438,Monotropa,,,,,
BB_RR1_July,0.006067716,Monotropastrum,,,,,
BB_RR1_July,0.004045144,Myriophyllum,,,,,
BB_RR1_July,0.07483516,Myrmeconauclea,,,,,
BB_RR1_July,0.002022572,Nauclea,,,,,
BB_RR1_July,0.004045144,Nepeta,,,,,
BB_RR1_July,0.002022572,Nissolia,,,,,
BB_RR1_July,0.008090288,Noltea,,,,,
BB_RR1_July,0.006067716,Nothofagus,,,,,
BB_RR1_July,0.11730917,Odontites,,,,,
BB_RR1_July,0.173941184,Onosma,,,,,
BB_RR1_July,0.008090288,Oxalis,,,,,
BB_RR1_July,0.03236115,Pedicularis,,,,,
BB_RR1_July,0.002022572,Peltodon,,,,,
BB_RR1_July,0.422717528,Penstemon,,,,,
BB_RR1_July,0.002022572,Photinia,,,,,
BB_RR1_July,0.03236115,Physaria,,,,,
BB_RR1_July,0.078880304,Pieris,,,,,
BB_RR1_July,0.002022572,Pipturus,,,,,
BB_RR1_July,0.002022572,Pittosporum,,,,,
BB_RR1_July,12.36195947,Plantago,,,,,
BB_RR1_July,0.020225719,Poa,,,,,
BB_RR1_July,0.050564298,Polycnemum,,,,,
BB_RR1_July,0.008090288,Pomaria,,,,,
BB_RR1_July,0.002022572,Potentilla,,,,,
BB_RR1_July,0.002022572,Pouteria,,,,,
BB_RR1_July,0.018203147,Prunella,,,,,
BB_RR1_July,0.066744873,Prunus,,,,,
BB_RR1_July,0.004045144,Psammosilene,,,,,
BB_RR1_July,0.014158003,Psychotria,,,,,
BB_RR1_July,0.014158003,Psylliostachys,,,,,
BB_RR1_July,0.262934347,Pygeum,,,,,
BB_RR1_July,0.002022572,Pyrus,,,,,
BB_RR1_July,0.036406294,Quercus,,,,,
BB_RR1_July,0.008090288,Remya,,,,,
BB_RR1_July,0.004045144,Rhododendron,,,,,
BB_RR1_July,0.004045144,Rhynchocorys,,,,,
BB_RR1_July,0.016180575,Ribes,,,,,
BB_RR1_July,0.076857732,Rosa,,,,,
BB_RR1_July,0.030338579,Rubus,,,,,
BB_RR1_July,0.004045144,Rumex,,,,,
BB_RR1_July,0.002022572,Salix,,,,,
BB_RR1_July,0.018203147,Salpianthus,,,,,
BB_RR1_July,0.004045144,Salsola,,,,,
BB_RR1_July,0.002022572,Salvia,,,,,
BB_RR1_July,0.002022572,Sambucus,,,,,
BB_RR1_July,0.002022572,Sanguisorba,,,,,
BB_RR1_July,0.018203147,Saussurea,,,,,
BB_RR1_July,0.004045144,Scutellaria,,,,,
BB_RR1_July,40.51818292,Securigera,,,,,
BB_RR1_July,0.004045144,Seguieria,,,,,
BB_RR1_July,0.006067716,Senecio,,,,,
BB_RR1_July,0.028316007,Senegalia,,,,,
BB_RR1_July,0.002022572,Sesbania,,,,,
BB_RR1_July,0.004045144,Sidalcea,,,,,
BB_RR1_July,0.022248291,Sinocrassula,,,,,
BB_RR1_July,0.004045144,Sisymbrium,,,,,
BB_RR1_July,0.143602605,Solanum,,,,,
BB_RR1_July,0.034383722,Sorbaria,,,,,
BB_RR1_July,0.002022572,Sorbus,,,,,
BB_RR1_July,0.008090288,Spergularia,,,,,
BB_RR1_July,12.91007645,Spiraea,,,,,
BB_RR1_July,0.002022572,Stachys,,,,,
BB_RR1_July,0.002022572,Stigmaphyllon,,,,,
BB_RR1_July,0.006067716,Streptocarpus,,,,,
BB_RR1_July,0.002022572,Styrax,,,,,
BB_RR1_July,0.218437765,Tilia,,,,,
BB_RR1_July,0.006067716,Trichogonia,,,,,
BB_RR1_July,0.012135431,Trifolium,,,,,
BB_RR1_July,0.002022572,Trigonella,,,,,
BB_RR1_July,0.002022572,Triosteum,,,,,
BB_RR1_July,0.004045144,Tzeltalia,,,,,
BB_RR1_July,0.002022572,Urceola,,,,,
BB_RR1_July,0.002022572,Uvedalia,,,,,
BB_RR1_July,0.002022572,Verbascum,,,,,
BB_RR1_July,0.002022572,Viburnum,,,,,
BB_RR1_July,0.004045144,Xeroderris,,,,,
BB_RR1_July,0.002022572,Yeatesia,,,,,
BB_RR1_July,0.002022572,Zostera,,,,,
BB_RR2_July,0.003482864,Acaena,,,,,
BB_RR2_July,0.038311507,Achimenes,,,,,
BB_RR2_July,0.003482864,Aganope,,,,,
BB_RR2_July,0.003482864,Allophylus,,,,,
BB_RR2_July,0.003482864,Alphitonia,,,,,
BB_RR2_July,0.013931457,Alternanthera,,,,,
BB_RR2_July,0.003482864,Althaea,,,,,
BB_RR2_July,0.003482864,Amphidasya,,,,,
BB_RR2_July,0.149763165,Amphithalea,,,,,
BB_RR2_July,0.010448593,Anemone,,,,,
BB_RR2_July,0.003482864,Anthyllis,,,,,
BB_RR2_July,0.052242965,Antirrhinum,,,,,
BB_RR2_July,0.003482864,Antopetitia,,,,,
BB_RR2_July,0.045277236,Austrocallerya,,,,,
BB_RR2_July,0.003482864,Bakoa,,,,,
BB_RR2_July,0.006965729,Baliospermum,,,,,
BB_RR2_July,0.003482864,Ballota,,,,,
BB_RR2_July,0.006965729,Baptisia,,,,,
BB_RR2_July,0.003482864,Bellonia,,,,,
BB_RR2_July,0.003482864,Betula,,,,,
BB_RR2_July,0.059208693,Brandisia,,,,,
BB_RR2_July,0.003482864,Brassica,,,,,
BB_RR2_July,0.006965729,Bursera,,,,,
BB_RR2_July,0.010448593,Calliandra,,,,,
BB_RR2_July,0.003482864,Calyculogygas,,,,,
BB_RR2_July,0.003482864,Carmichaelia,,,,,
BB_RR2_July,0.40401226,Castanea,,,,,
BB_RR2_July,0.010448593,Castelnavia,,,,,
BB_RR2_July,0.006965729,Cedrela,,,,,
BB_RR2_July,0.041794372,Celastrus,,,,,
BB_RR2_July,0.013931457,Centaurea,,,,,
BB_RR2_July,0.292560602,Ceratiola,,,,,
BB_RR2_July,0.006965729,Chamaecrista,,,,,
BB_RR2_July,0.020897186,Chrysolepis,,,,,
BB_RR2_July,0.003482864,Chukrasia,,,,,
BB_RR2_July,0.006965729,Cicer,,,,,
BB_RR2_July,0.104485929,Circaea,,,,,
BB_RR2_July,0.003482864,Cliffortia,,,,,
BB_RR2_July,0.135831708,Clinopodium,,,,,
BB_RR2_July,0.003482864,Codonopsis,,,,,
BB_RR2_July,0.013931457,Colombobalanus,,,,,
BB_RR2_July,0.034828643,Colubrina,,,,,
BB_RR2_July,0.181108944,Coronilla,,,,,
BB_RR2_July,0.003482864,Cotinus,,,,,
BB_RR2_July,0.003482864,Crenea,,,,,
BB_RR2_July,0.003482864,Cryptandra,,,,,
BB_RR2_July,0.003482864,Cuminia,,,,,
BB_RR2_July,0.003482864,Daviesia,,,,,
BB_RR2_July,0.003482864,Deinbollia,,,,,
BB_RR2_July,0.010448593,Dicranum,,,,,
BB_RR2_July,0.003482864,Didymophysa,,,,,
BB_RR2_July,0.003482864,Diospyros,,,,,
BB_RR2_July,0.006965729,Dischidia,,,,,
BB_RR2_July,0.003482864,Dracocephalum,,,,,
BB_RR2_July,0.02438005,Echium,,,,,
BB_RR2_July,0.003482864,Elaeagia,,,,,
BB_RR2_July,0.003482864,Elaeagnus,,,,,
BB_RR2_July,0.208971858,Empetrum,,,,,
BB_RR2_July,0.003482864,Entandrophragma,,,,,
BB_RR2_July,0.006965729,Erica,,,,,
BB_RR2_July,0.003482864,Erythranthe,,,,,
BB_RR2_July,0.034828643,Fatsia,,,,,
BB_RR2_July,0.003482864,Ficus,,,,,
BB_RR2_July,0.003482864,Gaylussacia,,,,,
BB_RR2_July,0.017414322,Geranium,,,,,
BB_RR2_July,0.020897186,Gleditsia,,,,,
BB_RR2_July,0.059208693,Harveya,,,,,
BB_RR2_July,0.003482864,Heliotropium,,,,,
BB_RR2_July,0.003482864,Helleborus,,,,,
BB_RR2_July,0.006965729,Heracleum,,,,,
BB_RR2_July,0.010448593,Hieronyma,,,,,
BB_RR2_July,0.038311507,Hovenia,,,,,
BB_RR2_July,0.003482864,Hydrangea,,,,,
BB_RR2_July,0.027862914,Hyobanche,,,,,
BB_RR2_July,0.017414322,Hyoscyamus,,,,,
BB_RR2_July,0.010448593,Hypericum,,,,,
BB_RR2_July,0.003482864,Ipomoea,,,,,
BB_RR2_July,0.010448593,Krameria,,,,,
BB_RR2_July,0.003482864,Lecaniodiscus,,,,,
BB_RR2_July,0.006965729,Leucanthemum,,,,,
BB_RR2_July,0.003482864,Ligusticum,,,,,
BB_RR2_July,0.027862914,Liparophyllum,,,,,
BB_RR2_July,0.003482864,Lonicera,,,,,
BB_RR2_July,0.101003065,Lotus,,,,,
BB_RR2_July,0.003482864,Lovoa,,,,,
BB_RR2_July,0.003482864,Magnoliophyta,,,,,
BB_RR2_July,0.003482864,Malus,,,,,
BB_RR2_July,0.003482864,Marlierea,,,,,
BB_RR2_July,0.003482864,Muehlenbeckia,,,,,
BB_RR2_July,0.045277236,Myrmeconauclea,,,,,
BB_RR2_July,0.003482864,Napeanthus,,,,,
BB_RR2_July,0.003482864,Nepeta,,,,,
BB_RR2_July,0.003482864,Nicotiana,,,,,
BB_RR2_July,0.003482864,Oenothera,,,,,
BB_RR2_July,0.114934522,Onosma,,,,,
BB_RR2_July,0.003482864,Orobanche,,,,,
BB_RR2_July,0.013931457,Orthodicranum,,,,,
BB_RR2_July,0.003482864,Osmanthus,,,,,
BB_RR2_July,0.003482864,Oxalis,,,,,
BB_RR2_July,0.003482864,Petrosimonia,,,,,
BB_RR2_July,0.003482864,Peucedanum,,,,,
BB_RR2_July,0.003482864,Philodendron,,,,,
BB_RR2_July,0.006965729,Phleum,,,,,
BB_RR2_July,0.006965729,Physaria,,,,,
BB_RR2_July,0.003482864,Phytolacca,,,,,
BB_RR2_July,0.003482864,Pipturus,,,,,
BB_RR2_July,0.003482864,Pittosporum,,,,,
BB_RR2_July,18.02033993,Plantago,,,,,
BB_RR2_July,0.006965729,Platylobium,,,,,
BB_RR2_July,0.003482864,Pleuricospora,,,,,
BB_RR2_July,0.045277236,Polycnemum,,,,,
BB_RR2_July,0.006965729,Polygala,,,,,
BB_RR2_July,0.003482864,Pomaria,,,,,
BB_RR2_July,0.010448593,Potamogeton,,,,,
BB_RR2_July,0.003482864,Potentilla,,,,,
BB_RR2_July,0.003482864,Proboscidea,,,,,
BB_RR2_July,0.07314015,Prunella,,,,,
BB_RR2_July,0.006965729,Prunus,,,,,
BB_RR2_July,0.010448593,Psychotria,,,,,
BB_RR2_July,0.003482864,Pueraria,,,,,
BB_RR2_July,0.003482864,Pygeum,,,,,
BB_RR2_July,1.100585121,Quercus,,,,,
BB_RR2_July,0.003482864,Reevesia,,,,,
BB_RR2_July,41.735163,Rhododendron,,,,,
BB_RR2_July,0.003482864,Rhoogeton,,,,,
BB_RR2_July,0.041794372,Ribes,,,,,
BB_RR2_July,0.003482864,Rondonanthus,,,,,
BB_RR2_July,0.031345779,Rosa,,,,,
BB_RR2_July,0.013931457,Rubus,,,,,
BB_RR2_July,0.003482864,Russelia,,,,,
BB_RR2_July,0.020897186,Salix,,,,,
BB_RR2_July,0.003482864,Samolus,,,,,
BB_RR2_July,0.006965729,Saussurea,,,,,
BB_RR2_July,0.006965729,Scrophularia,,,,,
BB_RR2_July,32.3767066,Securigera,,,,,
BB_RR2_July,0.02438005,Senegalia,,,,,
BB_RR2_July,0.003482864,Sesuvium,,,,,
BB_RR2_July,0.003482864,Sieversia,,,,,
BB_RR2_July,0.010448593,Sinocrassula,,,,,
BB_RR2_July,0.532878239,Solanum,,,,,
BB_RR2_July,0.017414322,Spergularia,,,,,
BB_RR2_July,0.02438005,Spiraea,,,,,
BB_RR2_July,0.003482864,Tetradium,,,,,
BB_RR2_July,0.003482864,Thesium,,,,,
BB_RR2_July,0.003482864,Tilia,,,,,
BB_RR2_July,0.003482864,Toxicodendron,,,,,
BB_RR2_July,0.003482864,Trichogonia,,,,,
BB_RR2_July,0.052242965,Trifolium,,,,,
BB_RR2_July,0.003482864,Tulipa,,,,,
BB_RR2_July,0.003482864,Tzeltalia,,,,,
BB_RR2_July,0.003482864,Urceola,,,,,
BB_RR2_July,0.003482864,Uvedalia,,,,,
BB_RR2_July,0.003482864,Van-royena,,,,,
BB_RR2_July,3.026609083,Verbascum,,,,,
BB_RR2_July,0.003482864,Vitis,,,,,
BB_RS_July,0.000611583,Abrus,,,,,
BB_RS_July,0.0036695,Abutilon,,,,,
BB_RS_July,0.00183475,Acacia,,,,,
BB_RS_July,0.000611583,Acaena,,,,,
BB_RS_July,0.001223167,Acalypha,,,,,
BB_RS_July,0.000611583,Acanthocalyx,,,,,
BB_RS_July,0.007950584,Acer,,,,,
BB_RS_July,0.000611583,Acleisanthes,,,,,
BB_RS_July,0.005504251,Acmispon,,,,,
BB_RS_July,0.000611583,Adelia,,,,,
BB_RS_July,0.00183475,Aesculus,,,,,
BB_RS_July,0.001223167,Aganope,,,,,
BB_RS_July,0.00183475,Agastache,,,,,
BB_RS_July,0.001223167,Aglaia,,,,,
BB_RS_July,0.004892667,Agonandra,,,,,
BB_RS_July,0.001223167,Agoseris,,,,,
BB_RS_July,0.000611583,Agrostis,,,,,
BB_RS_July,0.00183475,Aidia,,,,,
BB_RS_July,0.000611583,Alberta,,,,,
BB_RS_July,0.000611583,Alcea,,,,,
BB_RS_July,0.007950584,Allophylus,,,,,
BB_RS_July,0.003057917,Alnus,,,,,
BB_RS_July,0.007950584,Alphitonia,,,,,
BB_RS_July,0.0036695,Alseis,,,,,
BB_RS_July,0.0036695,Alternanthera,,,,,
BB_RS_July,0.000611583,Althaea,,,,,
BB_RS_July,0.03975292,Ammodaucus,,,,,
BB_RS_July,0.00183475,Amorphophallus,,,,,
BB_RS_July,0.000611583,Amphidasya,,,,,
BB_RS_July,0.21283102,Amphithalea,,,,,
BB_RS_July,0.00183475,Anthyllis,,,,,
BB_RS_July,0.000611583,Antiphytum,,,,,
BB_RS_July,0.002446334,Antirrhinum,,,,,
BB_RS_July,0.000611583,Antopetitia,,,,,
BB_RS_July,0.001223167,Apocynum,,,,,
BB_RS_July,0.00183475,Arabis,,,,,
BB_RS_July,0.000611583,Aralia,,,,,
BB_RS_July,0.000611583,Aristotelia,,,,,
BB_RS_July,0.012843251,Aster,,,,,
BB_RS_July,0.000611583,Astronium,,,,,
BB_RS_July,0.001223167,Ateleia,,,,,
BB_RS_July,0.000611583,Atraphaxis,,,,,
BB_RS_July,0.00183475,Atriplex,,,,,
BB_RS_July,0.000611583,Azadirachta,,,,,
BB_RS_July,0.00183475,Baliospermum,,,,,
BB_RS_July,0.003057917,Baptisia,,,,,
BB_RS_July,0.001223167,Begonia,,,,,
BB_RS_July,0.002446334,Bertiera,,,,,
BB_RS_July,0.000611583,Biophytum,,,,,
BB_RS_July,0.065439423,Brandisia,,,,,
BB_RS_July,0.000611583,Brassaiopsis,,,,,
BB_RS_July,0.000611583,Bridgesia,,,,,
BB_RS_July,0.00183475,Buckleya,,,,,
BB_RS_July,0.003057917,Bupleurum,,,,,
BB_RS_July,0.000611583,Burmannia,,,,,
BB_RS_July,0.003057917,Burretiodendron,,,,,
BB_RS_July,0.042199254,Bursera,,,,,
BB_RS_July,0.004281084,Caldcluvia,,,,,
BB_RS_July,0.012231668,Calliandra,,,,,
BB_RS_July,0.04158767,Callirhoe,,,,,
BB_RS_July,0.000611583,Callistachys,,,,,
BB_RS_July,0.001223167,Calpurnia,,,,,
BB_RS_July,0.080117424,Calyculogygas,,,,,
BB_RS_July,0.00183475,Camellia,,,,,
BB_RS_July,0.000611583,Campanula,,,,,
BB_RS_July,0.002446334,Canarium,,,,,
BB_RS_July,0.000611583,Canthium,,,,,
BB_RS_July,0.000611583,Capuronianthus,,,,,
BB_RS_July,0.001223167,Carapa,,,,,
BB_RS_July,0.001223167,Cardamine,,,,,
BB_RS_July,0.002446334,Carduus,,,,,
BB_RS_July,0.000611583,Carica,,,,,
BB_RS_July,0.001223167,Carmichaelia,,,,,
BB_RS_July,0.002446334,Carya,,,,,
BB_RS_July,21.0458076,Castanea,,,,,
BB_RS_July,0.012843251,Castanopsis,,,,,
BB_RS_July,0.000611583,Castelnavia,,,,,
BB_RS_July,0.001223167,Casuarina,,,,,
BB_RS_July,0.103357593,Cedrela,,,,,
BB_RS_July,0.00183475,Ceiba,,,,,
BB_RS_July,0.015289585,Celastrus,,,,,
BB_RS_July,0.003057917,Celtis,,,,,
BB_RS_July,0.000611583,Cenostigma,,,,,
BB_RS_July,0.000611583,Cephalanthus,,,,,
BB_RS_July,0.000611583,Cephaloziella,,,,,
BB_RS_July,0.000611583,Ceratiola,,,,,
BB_RS_July,0.00183475,Ceratopetalum,,,,,
BB_RS_July,0.000611583,Chamaecrista,,,,,
BB_RS_July,0.000611583,Chelidonium,,,,,
BB_RS_July,0.000611583,Chenolea,,,,,
BB_RS_July,0.000611583,Chenopodium,,,,,
BB_RS_July,0.000611583,Chlorella,,,,,
BB_RS_July,1.512445722,Chrysolepis,,,,,
BB_RS_July,0.006115834,Chukrasia,,,,,
BB_RS_July,0.136994679,Cicer,,,,,
BB_RS_July,0.000611583,Cicuta,,,,,
BB_RS_July,0.000611583,Cinnamomum,,,,,
BB_RS_July,0.004281084,Cirsium,,,,,
BB_RS_July,0.001223167,Citrus,,,,,
BB_RS_July,0.000611583,Clematis,,,,,
BB_RS_July,0.004281084,Clinopodium,,,,,
BB_RS_July,0.00183475,Clusia,,,,,
BB_RS_July,0.018959085,Coffea,,,,,
BB_RS_July,0.000611583,Cojoba,,,,,
BB_RS_July,0.563879885,Colombobalanus,,,,,
BB_RS_July,0.004281084,Colubrina,,,,,
BB_RS_July,0.003057917,Combretocarpus,,,,,
BB_RS_July,0.008562167,Combretum,,,,,
BB_RS_July,0.002446334,Convolvulus,,,,,
BB_RS_July,0.007950584,Corchorus,,,,,
BB_RS_July,0.040364504,Coronilla,,,,,
BB_RS_July,0.0036695,Cotinus,,,,,
BB_RS_July,0.000611583,Couepia,,,,,
BB_RS_July,0.001223167,Coursetia,,,,,
BB_RS_July,0.000611583,Craibiodendron,,,,,
BB_RS_July,0.001223167,Craigia,,,,,
BB_RS_July,0.001223167,Craterocapsa,,,,,
BB_RS_July,0.015901168,Cremosperma,,,,,
BB_RS_July,0.001223167,Crepidospermum,,,,,
BB_RS_July,0.000611583,Croton,,,,,
BB_RS_July,0.00183475,Cryptandra,,,,,
BB_RS_July,0.000611583,Cubanola,,,,,
BB_RS_July,0.000611583,Cullen,,,,,
BB_RS_July,0.001223167,Cullenia,,,,,
BB_RS_July,0.000611583,Cuphea,,,,,
BB_RS_July,0.000611583,Cuscuta,,,,,
BB_RS_July,0.000611583,Cyclocarya,,,,,
BB_RS_July,0.022628585,Cytisopsis,,,,,
BB_RS_July,0.0036695,Deinbollia,,,,,
BB_RS_July,0.000611583,Dendromyza,,,,,
BB_RS_July,0.011620084,Dendrotrophe,,,,,
BB_RS_July,0.008562167,Denisophytum,,,,,
BB_RS_July,0.000611583,Derris,,,,,
BB_RS_July,0.031802336,Deutzianthus,,,,,
BB_RS_July,0.001223167,Digitalis,,,,,
BB_RS_July,0.000611583,Dimocarpus,,,,,
BB_RS_July,0.000611583,Dimorphocalyx,,,,,
BB_RS_July,0.001223167,Diospyros,,,,,
BB_RS_July,0.000611583,Discolobium,,,,,
BB_RS_July,0.012231668,Dombeya,,,,,
BB_RS_July,0.003057917,Dorstenia,,,,,
BB_RS_July,0.002446334,Dorycnium,,,,,
BB_RS_July,0.000611583,Dorycnopsis,,,,,
BB_RS_July,0.000611583,Dryobalanops,,,,,
BB_RS_July,0.000611583,Ducrosia,,,,,
BB_RS_July,0.102134426,Durio,,,,,
BB_RS_July,0.000611583,Dyschoriste,,,,,
BB_RS_July,0.000611583,Dysoxylum,,,,,
BB_RS_July,0.002446334,Echium,,,,,
BB_RS_July,0.004281084,Elaeagnus,,,,,
BB_RS_July,0.000611583,Epilobium,,,,,
BB_RS_July,0.006727417,Erigeron,,,,,
BB_RS_July,0.001223167,Eriogonum,,,,,
BB_RS_July,0.002446334,Erythrostemon,,,,,
BB_RS_July,0.010396918,Eucrypta,,,,,
BB_RS_July,0.000611583,Euonymus,,,,,
BB_RS_July,0.019570668,Euphronia,,,,,
BB_RS_July,0.000611583,Excentrodendron,,,,,
BB_RS_July,0.000611583,Fagus,,,,,
BB_RS_July,0.000611583,Fatsia,,,,,
BB_RS_July,0.00183475,Ficus,,,,,
BB_RS_July,0.000611583,Fleroya,,,,,
BB_RS_July,0.001223167,Galium,,,,,
BB_RS_July,0.000611583,Galphimia,,,,,
BB_RS_July,0.000611583,Gastrocotyle,,,,,
BB_RS_July,0.000611583,Gentiana,,,,,
BB_RS_July,0.002446334,Geranium,,,,,
BB_RS_July,0.001223167,Geum,,,,,
BB_RS_July,0.001223167,Glechoma,,,,,
BB_RS_July,0.00183475,Gleditsia,,,,,
BB_RS_July,0.000611583,Glycine,,,,,
BB_RS_July,0.000611583,Glycyrrhiza,,,,,
BB_RS_July,0.000611583,Glyptopetalum,,,,,
BB_RS_July,0.000611583,Goodia,,,,,
BB_RS_July,0.017124335,Gossypium,,,,,
BB_RS_July,0.00183475,Gratiola,,,,,
BB_RS_July,0.001223167,Gueldenstaedtia,,,,,
BB_RS_July,0.000611583,Guibourtia,,,,,
BB_RS_July,0.000611583,Gymnotheca,,,,,
BB_RS_July,0.006115834,Haloragis,,,,,
BB_RS_July,0.001223167,Harveya,,,,,
BB_RS_July,0.004281084,Hedera,,,,,
BB_RS_July,0.000611583,Helicteres,,,,,
BB_RS_July,0.002446334,Helleborus,,,,,
BB_RS_July,0.00183475,Hibiscus,,,,,
BB_RS_July,0.120481928,Hieronyma,,,,,
BB_RS_July,0.000611583,Hippuris,,,,,
BB_RS_July,0.00183475,Hoffmannseggia,,,,,
BB_RS_July,0.004281084,Hovenia,,,,,
BB_RS_July,0.037306587,Hydrangea,,,,,
BB_RS_July,0.049538255,Hyobanche,,,,,
BB_RS_July,0.013454835,Hypericum,,,,,
BB_RS_July,0.000611583,Idertia,,,,,
BB_RS_July,0.00183475,Ipomoea,,,,,
BB_RS_July,0.00183475,Jacaratia,,,,,
BB_RS_July,0.000611583,Jacquemontia,,,,,
BB_RS_July,0.00183475,Jarilla,,,,,
BB_RS_July,0.007339001,Jatropha,,,,,
BB_RS_July,0.00183475,Juglans,,,,,
BB_RS_July,0.000611583,Kalmia,,,,,
BB_RS_July,0.000611583,Kanaloa,,,,,
BB_RS_July,0.000611583,Knautia,,,,,
BB_RS_July,0.0036695,Koehneria,,,,,
BB_RS_July,0.001223167,Koenigia,,,,,
BB_RS_July,0.00183475,Krameria,,,,,
BB_RS_July,0.000611583,Lamanonia,,,,,
BB_RS_July,0.001223167,Lasiodiscus,,,,,
BB_RS_July,0.005504251,Lathyrus,,,,,
BB_RS_July,0.000611583,Lavatera,,,,,
BB_RS_July,0.000611583,Lens,,,,,
BB_RS_July,0.00183475,Leptoderris,,,,,
BB_RS_July,0.000611583,Leucanthemum,,,,,
BB_RS_July,0.000611583,Lilium,,,,,
BB_RS_July,0.001223167,Linanthus,,,,,
BB_RS_July,0.001223167,Liriodendron,,,,,
BB_RS_July,0.000611583,Lissocarpa,,,,,
BB_RS_July,0.033637086,Lithocarpus,,,,,
BB_RS_July,0.000611583,Lonicera,,,,,
BB_RS_July,0.000611583,Lopezia,,,,,
BB_RS_July,2.059812855,Lotus,,,,,
BB_RS_July,0.000611583,Lycopus,,,,,
BB_RS_July,0.000611583,Lycoris,,,,,
BB_RS_July,0.007950584,Lysipomia,,,,,
BB_RS_July,0.001223167,Macphersonia,,,,,
BB_RS_July,0.000611583,Magnoliophyta,,,,,
BB_RS_July,0.001223167,Maianthemum,,,,,
BB_RS_July,0.00183475,Maireana,,,,,
BB_RS_July,0.000611583,Malacocera,,,,,
BB_RS_July,0.00183475,Malus,,,,,
BB_RS_July,0.001223167,Malva,,,,,
BB_RS_July,0.00183475,Medicago,,,,,
BB_RS_July,0.001223167,Menyanthes,,,,,
BB_RS_July,0.012843251,Meryta,,,,,
BB_RS_July,0.000611583,Mesua,,,,,
BB_RS_July,0.000611583,Millettia,,,,,
BB_RS_July,0.00183475,Moacroton,,,,,
BB_RS_July,0.003057917,Molinaea,,,,,
BB_RS_July,0.002446334,Morella,,,,,
BB_RS_July,0.00183475,Muehlenbeckia,,,,,
BB_RS_July,0.000611583,Myrica,,,,,
BB_RS_July,0.0036695,Myriophyllum,,,,,
BB_RS_July,0.000611583,Myrmecodia,,,,,
BB_RS_July,0.040976087,Myrmeconauclea,,,,,
BB_RS_July,0.000611583,Nauclea,,,,,
BB_RS_July,0.000611583,Nepenthes,,,,,
BB_RS_July,0.001223167,Nepeta,,,,,
BB_RS_July,0.001223167,Nephelium,,,,,
BB_RS_July,0.002446334,Nerisyrenia,,,,,
BB_RS_July,0.00183475,Nicotiana,,,,,
BB_RS_July,0.000611583,Nitraria,,,,,
BB_RS_July,0.018959085,Noltea,,,,,
BB_RS_July,0.019570668,Onosma,,,,,
BB_RS_July,0.000611583,Ophiopogon,,,,,
BB_RS_July,0.002446334,Opocunonia,,,,,
BB_RS_July,0.000611583,Oreophyton,,,,,
BB_RS_July,0.000611583,Orixa,,,,,
BB_RS_July,0.000611583,Osmanthus,,,,,
BB_RS_July,0.000611583,Osmoxylon,,,,,
BB_RS_July,0.000611583,Ostericum,,,,,
BB_RS_July,0.001223167,Ostryopsis,,,,,
BB_RS_July,0.000611583,Osyris,,,,,
BB_RS_July,0.00183475,Owenia,,,,,
BB_RS_July,0.002446334,Oxalis,,,,,
BB_RS_July,0.000611583,Oxytropis,,,,,
BB_RS_July,0.000611583,Panax,,,,,
BB_RS_July,0.002446334,Papaver,,,,,
BB_RS_July,0.000611583,Parinari,,,,,
BB_RS_July,0.000611583,Paubrasilia,,,,,
BB_RS_July,0.001223167,Pedicularis,,,,,
BB_RS_July,0.000611583,Pennantia,,,,,
BB_RS_July,0.000611583,Penstemon,,,,,
BB_RS_July,0.00183475,Peperomia,,,,,
BB_RS_July,0.000611583,Peplidium,,,,,
BB_RS_July,0.000611583,Persoonia,,,,,
BB_RS_July,0.0036695,Philenoptera,,,,,
BB_RS_July,0.001223167,Phleum,,,,,
BB_RS_July,0.000611583,Phyla,,,,,
BB_RS_July,0.004281084,Phylica,,,,,
BB_RS_July,0.029967586,Physaria,,,,,
BB_RS_July,0.000611583,Physocalymma,,,,,
BB_RS_July,0.000611583,Phytolacca,,,,,
BB_RS_July,0.000611583,Pimelea,,,,,
BB_RS_July,0.000611583,Pinguicula,,,,,
BB_RS_July,0.000611583,Pipturus,,,,,
BB_RS_July,0.002446334,Pittosporum,,,,,
BB_RS_July,0.002446334,Planchonella,,,,,
BB_RS_July,2.569873402,Plantago,,,,,
BB_RS_July,0.000611583,Podolotus,,,,,
BB_RS_July,0.07767109,Polycnemum,,,,,
BB_RS_July,0.019570668,Polygala,,,,,
BB_RS_July,0.001223167,Polygonum,,,,,
BB_RS_July,0.0036695,Polylepis,,,,,
BB_RS_July,0.011620084,Pomaria,,,,,
BB_RS_July,0.000611583,Poupartia,,,,,
BB_RS_July,0.000611583,Pouteria,,,,,
BB_RS_July,0.00183475,Primulina,,,,,
BB_RS_July,0.007950584,Protium,,,,,
BB_RS_July,0.083175341,Prunella,,,,,
BB_RS_July,0.0036695,Prunus,,,,,
BB_RS_July,0.001223167,Pseudobombax,,,,,
BB_RS_July,0.002446334,Psychotria,,,,,
BB_RS_July,0.006115834,Psylliostachys,,,,,
BB_RS_July,0.00183475,Pterospermum,,,,,
BB_RS_July,15.86447312,Quercus,,,,,
BB_RS_July,0.012843251,Ranunculus,,,,,
BB_RS_July,0.000611583,Raphanus,,,,,
BB_RS_July,0.128432512,Reevesia,,,,,
BB_RS_July,0.001223167,Rhinotropis,,,,,
BB_RS_July,0.00183475,Rhododendron,,,,,
BB_RS_July,0.009173751,Rhoiptelea,,,,,
BB_RS_July,0.020793835,Rhus,,,,,
BB_RS_July,0.006115834,Rhynchocorys,,,,,
BB_RS_July,0.002446334,Ribes,,,,,
BB_RS_July,0.003057917,Rosa,,,,,
BB_RS_July,0.000611583,Rosulabryum,,,,,
BB_RS_July,0.0036695,Rubus,,,,,
BB_RS_July,0.000611583,Ruizia,,,,,
BB_RS_July,0.022017002,Rytigynia,,,,,
BB_RS_July,0.000611583,Sairocarpus,,,,,
BB_RS_July,0.000611583,Salix,,,,,
BB_RS_July,0.003057917,Salsola,,,,,
BB_RS_July,0.000611583,Sandoricum,,,,,
BB_RS_July,0.001223167,Sanicula,,,,,
BB_RS_July,0.00183475,Santalum,,,,,
BB_RS_July,0.000611583,Saussurea,,,,,
BB_RS_July,0.001223167,Saxifraga,,,,,
BB_RS_July,0.004281084,Scaevola,,,,,
BB_RS_July,0.000611583,Schinopsis,,,,,
BB_RS_July,0.000611583,Schistocarpaea,,,,,
BB_RS_July,0.002446334,Schmardaea,,,,,
BB_RS_July,0.000611583,Scorodophloeus,,,,,
BB_RS_July,27.92979023,Securigera,,,,,
BB_RS_July,0.002446334,Sedum,,,,,
BB_RS_July,0.000611583,Seguieria,,,,,
BB_RS_July,0.000611583,Senecio,,,,,
BB_RS_July,0.031802336,Senegalia,,,,,
BB_RS_July,0.002446334,Senna,,,,,
BB_RS_July,0.000611583,Serjania,,,,,
BB_RS_July,0.004892667,Sesbania,,,,,
BB_RS_July,0.000611583,Sherardia,,,,,
BB_RS_July,0.124151428,Sidalcea,,,,,
BB_RS_July,0.00183475,Sloanea,,,,,
BB_RS_July,0.192648768,Solanum,,,,,
BB_RS_July,0.001223167,Solori,,,,,
BB_RS_July,0.000611583,Sophora,,,,,
BB_RS_July,0.000611583,Sopubia,,,,,
BB_RS_July,0.000611583,Spartium,,,,,
BB_RS_July,0.000611583,Spergularia,,,,,
BB_RS_July,0.000611583,Sphagnum,,,,,
BB_RS_July,0.00183475,Stachys,,,,,
BB_RS_July,0.000611583,Stackhousia,,,,,
BB_RS_July,0.000611583,Stewartia,,,,,
BB_RS_July,0.000611583,Stigmaphyllon,,,,,
BB_RS_July,0.000611583,Streptocarpus,,,,,
BB_RS_July,0.000611583,Striga,,,,,
BB_RS_July,0.0036695,Stylisma,,,,,
BB_RS_July,0.000611583,Styrax,,,,,
BB_RS_July,0.000611583,Suaeda,,,,,
BB_RS_July,0.000611583,Synsepalum,,,,,
BB_RS_July,0.000611583,Talipariti,,,,,
BB_RS_July,0.000611583,Tamarix,,,,,
BB_RS_July,0.000611583,Tara,,,,,
BB_RS_July,0.000611583,Tetradium,,,,,
BB_RS_July,0.000611583,Tetradymia,,,,,
BB_RS_July,0.001223167,Theobroma,,,,,
BB_RS_July,0.001223167,Thespesia,,,,,
BB_RS_July,0.008562167,Thouinia,,,,,
BB_RS_July,16.53843802,Tilia,,,,,
BB_RS_July,0.001223167,Toxicodendron,,,,,
BB_RS_July,0.001223167,Trevesia,,,,,
BB_RS_July,0.000611583,Trichilia,,,,,
BB_RS_July,0.000611583,Trichogonia,,,,,
BB_RS_July,9.174974008,Trifolium,,,,,
BB_RS_July,0.001223167,Trigonella,,,,,
BB_RS_July,0.001223167,Triumfetta,,,,,
BB_RS_July,0.00183475,Trochetiopsis,,,,,
BB_RS_July,0.000611583,Tulipa,,,,,
BB_RS_July,0.000611583,Turnera,,,,,
BB_RS_July,0.000611583,Ungeria,,,,,
BB_RS_July,0.001223167,Urceola,,,,,
BB_RS_July,0.001223167,Uribea,,,,,
BB_RS_July,0.000611583,Uvedalia,,,,,
BB_RS_July,0.000611583,Van-royena,,,,,
BB_RS_July,0.000611583,Viburnum,,,,,
BB_RS_July,0.004892667,Vicia,,,,,
BB_RS_July,0.000611583,Warneckea,,,,,
BB_RS_July,0.000611583,Xanthocercis,,,,,
BB_RS_July,0.001223167,Xeroderris,,,,,
BB_RS_July,0.000611583,Ximenia,,,,,
BB_RS_July,0.000611583,Yeatesia,,,,,
BB_RS_July,0.001223167,Zostera,,,,,
BB_Scotia_July,0.001074229,Acacia,,,,,
BB_Scotia_July,0.003222688,Acaena,,,,,
BB_Scotia_July,0.004296917,Acanthocalyx,,,,,
BB_Scotia_July,0.003222688,Acer,,,,,
BB_Scotia_July,0.012890751,Achillea,,,,,
BB_Scotia_July,0.003222688,Achimenes,,,,,
BB_Scotia_July,0.001074229,Acleisanthes,,,,,
BB_Scotia_July,0.002148458,Acmispon,,,,,
BB_Scotia_July,0.002148458,Actaea,,,,,
BB_Scotia_July,0.001074229,Adansonia,,,,,
BB_Scotia_July,0.004296917,Adesmia,,,,,
BB_Scotia_July,0.001074229,Adina,,,,,
BB_Scotia_July,0.002148458,Aesculus,,,,,
BB_Scotia_July,0.001074229,Afrocalliandra,,,,,
BB_Scotia_July,0.004296917,Aganope,,,,,
BB_Scotia_July,0.001074229,Agastache,,,,,
BB_Scotia_July,0.023633043,Agoseris,,,,,
BB_Scotia_July,0.001074229,Ailanthus,,,,,
BB_Scotia_July,0.001074229,Albizia,,,,,
BB_Scotia_July,0.001074229,Alisma,,,,,
BB_Scotia_July,0.001074229,Allium,,,,,
BB_Scotia_July,0.01396498,Allophylus,,,,,
BB_Scotia_July,0.002148458,Alnus,,,,,
BB_Scotia_July,0.001074229,Alphitonia,,,,,
BB_Scotia_July,0.004296917,Alternanthera,,,,,
BB_Scotia_July,0.001074229,Amberboa,,,,,
BB_Scotia_July,0.001074229,Ammodaucus,,,,,
BB_Scotia_July,0.001074229,Ammothamnus,,,,,
BB_Scotia_July,0.001074229,Amorphophallus,,,,,
BB_Scotia_July,0.001074229,Amphicarpaea,,,,,
BB_Scotia_July,0.497368138,Amphithalea,,,,,
BB_Scotia_July,0.006445375,Amphoricarpos,,,,,
BB_Scotia_July,0.001074229,Andira,,,,,
BB_Scotia_July,0.004296917,Androsace,,,,,
BB_Scotia_July,0.001074229,Anemone,,,,,
BB_Scotia_July,0.001074229,Anisophyllea,,,,,
BB_Scotia_July,0.001074229,Anthemis,,,,,
BB_Scotia_July,0.003222688,Anthyllis,,,,,
BB_Scotia_July,0.001074229,Antiphytum,,,,,
BB_Scotia_July,0.006445375,Antirrhinum,,,,,
BB_Scotia_July,0.016113439,Antopetitia,,,,,
BB_Scotia_July,0.003222688,Arabis,,,,,
BB_Scotia_July,0.031152648,Arctium,,,,,
BB_Scotia_July,0.002148458,Arisaema,,,,,
BB_Scotia_July,0.001074229,Aristotelia,,,,,
BB_Scotia_July,0.001074229,Arquita,,,,,
BB_Scotia_July,0.004296917,Arrhenatherum,,,,,
BB_Scotia_July,0.001074229,Artemisia,,,,,
BB_Scotia_July,0.001074229,Artocarpus,,,,,
BB_Scotia_July,0.001074229,Aster,,,,,
BB_Scotia_July,0.001074229,Astronium,,,,,
BB_Scotia_July,0.004296917,Ateleia,,,,,
BB_Scotia_July,0.006445375,Atriplex,,,,,
BB_Scotia_July,0.001074229,Austrocallerya,,,,,
BB_Scotia_July,0.007519605,Baliospermum,,,,,
BB_Scotia_July,21.61134386,Baptisia,,,,,
BB_Scotia_July,0.002148458,Betula,,,,,
BB_Scotia_July,0.002148458,Biophytum,,,,,
BB_Scotia_July,0.001074229,Bossiaea,,,,,
BB_Scotia_July,0.123536363,Brandisia,,,,,
BB_Scotia_July,0.011816522,Brassica,,,,,
BB_Scotia_July,0.001074229,Brongniartia,,,,,
BB_Scotia_July,0.001074229,Bupleurum,,,,,
BB_Scotia_July,0.001074229,Burmannia,,,,,
BB_Scotia_July,0.002148458,Burretiodendron,,,,,
BB_Scotia_July,0.037598023,Bursera,,,,,
BB_Scotia_July,0.004296917,Caldcluvia,,,,,
BB_Scotia_July,0.001074229,Callerya,,,,,
BB_Scotia_July,0.051563004,Calliandra,,,,,
BB_Scotia_July,0.035449565,Callirhoe,,,,,
BB_Scotia_July,0.002148458,Calobota,,,,,
BB_Scotia_July,0.007519605,Calpurnia,,,,,
BB_Scotia_July,0.067676442,Calyculogygas,,,,,
BB_Scotia_July,0.001074229,Camellia,,,,,
BB_Scotia_July,0.002148458,Canthium,,,,,
BB_Scotia_July,0.001074229,Cardionema,,,,,
BB_Scotia_July,0.001074229,Carpanthea,,,,,
BB_Scotia_July,0.142872489,Carthamus,,,,,
BB_Scotia_July,0.001074229,Castanea,,,,,
BB_Scotia_July,0.174025137,Castelnavia,,,,,
BB_Scotia_July,0.08486411,Celastrus,,,,,
BB_Scotia_July,9.387689333,Centaurea,,,,,
BB_Scotia_July,0.002148458,Cephalanthus,,,,,
BB_Scotia_July,0.001074229,Ceratiola,,,,,
BB_Scotia_July,0.001074229,Ceratopetalum,,,,,
BB_Scotia_July,0.002148458,Chaetanthera,,,,,
BB_Scotia_July,0.001074229,Chamabainia,,,,,
BB_Scotia_July,0.002148458,Chamaecrista,,,,,
BB_Scotia_July,0.002148458,Chenolea,,,,,
BB_Scotia_July,0.005371146,Chenopodium,,,,,
BB_Scotia_July,0.001074229,Chiranthodendron,,,,,
BB_Scotia_July,0.001074229,Christisonia,,,,,
BB_Scotia_July,0.002148458,Cicer,,,,,
BB_Scotia_July,0.001074229,Cinnamomum,,,,,
BB_Scotia_July,0.001074229,Cirsium,,,,,
BB_Scotia_July,0.003222688,Citrus,,,,,
BB_Scotia_July,0.001074229,Claytonia,,,,,
BB_Scotia_July,0.001074229,Clematis,,,,,
BB_Scotia_July,0.001074229,Cliffortia,,,,,
BB_Scotia_July,0.038672253,Clinopodium,,,,,
BB_Scotia_July,0.002148458,Coffea,,,,,
BB_Scotia_July,0.004296917,Coincya,,,,,
BB_Scotia_July,0.001074229,Colombobalanus,,,,,
BB_Scotia_July,0.006445375,Colubrina,,,,,
BB_Scotia_July,0.001074229,Coluria,,,,,
BB_Scotia_July,0.018261897,Combretum,,,,,
BB_Scotia_July,0.001074229,Commiphora,,,,,
BB_Scotia_July,0.001074229,Coptis,,,,,
BB_Scotia_July,0.001074229,Corchorus,,,,,
BB_Scotia_July,0.075196047,Coronilla,,,,,
BB_Scotia_July,0.001074229,Cotyledon,,,,,
BB_Scotia_July,0.001074229,Couepia,,,,,
BB_Scotia_July,0.002148458,Coursetia,,,,,
BB_Scotia_July,0.001074229,Craigia,,,,,
BB_Scotia_July,0.001074229,Crassula,,,,,
BB_Scotia_July,0.002148458,Crataegus,,,,,
BB_Scotia_July,0.001074229,Cremaspora,,,,,
BB_Scotia_July,0.002148458,Crenea,,,,,
BB_Scotia_July,0.105274466,Crotalaria,,,,,
BB_Scotia_July,0.002148458,Croton,,,,,
BB_Scotia_July,0.006445375,Cryptandra,,,,,
BB_Scotia_July,0.002148458,Cubanola,,,,,
BB_Scotia_July,0.002148458,Cuminia,,,,,
BB_Scotia_July,0.001074229,Cunila,,,,,
BB_Scotia_July,0.373831776,Cuphea,,,,,
BB_Scotia_July,0.404984424,Cuscuta,,,,,
BB_Scotia_July,0.001074229,Cyclamen,,,,,
BB_Scotia_July,0.002148458,Cymopterus,,,,,
BB_Scotia_July,0.007519605,Cytisopsis,,,,,
BB_Scotia_July,0.002148458,Dacryodes,,,,,
BB_Scotia_July,0.003222688,Daviesia,,,,,
BB_Scotia_July,0.001074229,Decaneuropsis,,,,,
BB_Scotia_July,0.002148458,Deinbollia,,,,,
BB_Scotia_July,0.004296917,Dendrotrophe,,,,,
BB_Scotia_July,0.001074229,Dicraeopetalum,,,,,
BB_Scotia_July,0.001074229,Didymocarpus,,,,,
BB_Scotia_July,0.001074229,Dipsacus,,,,,
BB_Scotia_July,0.004296917,Discolobium,,,,,
BB_Scotia_July,0.001074229,Distimake,,,,,
BB_Scotia_July,0.001074229,Dolichlasium,,,,,
BB_Scotia_July,0.001074229,Dombeya,,,,,
BB_Scotia_July,0.001074229,Doronicum,,,,,
BB_Scotia_July,0.002148458,Dorstenia,,,,,
BB_Scotia_July,0.002148458,Dorycnium,,,,,
BB_Scotia_July,0.060156837,Durio,,,,,
BB_Scotia_July,0.001074229,Ebenopsis,,,,,
BB_Scotia_July,0.006445375,Echium,,,,,
BB_Scotia_July,0.008593834,Elaeagnus,,,,,
BB_Scotia_July,0.002148458,Elaeocarpus,,,,,
BB_Scotia_July,0.001074229,Erigeron,,,,,
BB_Scotia_July,0.001074229,Eriodictyon,,,,,
BB_Scotia_July,0.001074229,Eruca,,,,,
BB_Scotia_July,0.001074229,Erythranthe,,,,,
BB_Scotia_July,0.001074229,Erythroxylum,,,,,
BB_Scotia_July,0.001074229,Eucalyptus,,,,,
BB_Scotia_July,0.003222688,Euphorbia,,,,,
BB_Scotia_July,0.016113439,Euphronia,,,,,
BB_Scotia_July,0.002148458,Excentrodendron,,,,,
BB_Scotia_July,0.015039209,Fatsia,,,,,
BB_Scotia_July,0.001074229,Felicia,,,,,
BB_Scotia_July,0.006445375,Ficus,,,,,
BB_Scotia_July,0.002148458,Fleroya,,,,,
BB_Scotia_July,0.009668063,Forsythia,,,,,
BB_Scotia_July,0.001074229,Fouquieria,,,,,
BB_Scotia_July,0.001074229,Fragaria,,,,,
BB_Scotia_July,0.001074229,Fraxinus,,,,,
BB_Scotia_July,0.001074229,Gagea,,,,,
BB_Scotia_July,0.015039209,Galatella,,,,,
BB_Scotia_July,0.003222688,Gastrolobium,,,,,
BB_Scotia_July,0.004296917,Gaultheria,,,,,
BB_Scotia_July,0.001074229,Genista,,,,,
BB_Scotia_July,0.007519605,Geranium,,,,,
BB_Scotia_July,0.003222688,Geum,,,,,
BB_Scotia_July,0.002148458,Gingidia,,,,,
BB_Scotia_July,0.002148458,Glandularia,,,,,
BB_Scotia_July,0.001074229,Glaucosciadium,,,,,
BB_Scotia_July,0.001074229,Glebionis,,,,,
BB_Scotia_July,0.01396498,Gleditsia,,,,,
BB_Scotia_July,0.004296917,Glycine,,,,,
BB_Scotia_July,0.012890751,Gontscharovia,,,,,
BB_Scotia_July,0.074121818,Goodenia,,,,,
BB_Scotia_July,0.015039209,Gossypium,,,,,
BB_Scotia_July,0.001074229,Grevillea,,,,,
BB_Scotia_July,0.001074229,Grewia,,,,,
BB_Scotia_July,0.001074229,Gueldenstaedtia,,,,,
BB_Scotia_July,0.002148458,Gymnocladus,,,,,
BB_Scotia_July,0.003222688,Haberlea,,,,,
BB_Scotia_July,0.001074229,Halopeplis,,,,,
BB_Scotia_July,0.001074229,Haloragis,,,,,
BB_Scotia_July,0.001074229,Handroanthus,,,,,
BB_Scotia_July,0.003222688,Harveya,,,,,
BB_Scotia_July,0.003222688,Hedera,,,,,
BB_Scotia_July,0.001074229,Hedypnois,,,,,
BB_Scotia_July,0.001074229,Hedysarum,,,,,
BB_Scotia_July,0.002148458,Helinus,,,,,
BB_Scotia_July,0.006445375,Helleborus,,,,,
BB_Scotia_July,0.001074229,Hemisteptia,,,,,
BB_Scotia_July,0.001074229,Henckelia,,,,,
BB_Scotia_July,0.001074229,Heracleum,,,,,
BB_Scotia_July,0.001074229,Heterostachys,,,,,
BB_Scotia_July,0.007519605,Hoffmannseggia,,,,,
BB_Scotia_July,0.009668063,Hovenia,,,,,
BB_Scotia_July,0.001074229,Howellia,,,,,
BB_Scotia_July,0.001074229,Hullsia,,,,,
BB_Scotia_July,0.145020947,Hyobanche,,,,,
BB_Scotia_July,0.035449565,Hypericum,,,,,
BB_Scotia_July,0.003222688,Indigofera,,,,,
BB_Scotia_July,0.002148458,Ipomoea,,,,,
BB_Scotia_July,0.001074229,Iris,,,,,
BB_Scotia_July,0.001074229,Ixeridium,,,,,
BB_Scotia_July,0.004296917,Jacobaea,,,,,
BB_Scotia_July,0.001074229,Jasminum,,,,,
BB_Scotia_July,0.001074229,Jatropha,,,,,
BB_Scotia_July,0.003222688,Junellia,,,,,
BB_Scotia_July,0.002148458,Katinasia,,,,,
BB_Scotia_July,0.003222688,Kingiodendron,,,,,
BB_Scotia_July,0.007519605,Kippistia,,,,,
BB_Scotia_July,0.053711462,Klasea,,,,,
BB_Scotia_July,0.001074229,Koehneria,,,,,
BB_Scotia_July,0.002148458,Koenigia,,,,,
BB_Scotia_July,0.004296917,Krameria,,,,,
BB_Scotia_July,0.001074229,Lagerstroemia,,,,,
BB_Scotia_July,0.001074229,Lamprocapnos,,,,,
BB_Scotia_July,0.002148458,Lepisanthes,,,,,
BB_Scotia_July,0.001074229,Lepraria,,,,,
BB_Scotia_July,0.001074229,Leptinella,,,,,
BB_Scotia_July,0.003222688,Leptoderris,,,,,
BB_Scotia_July,0.001074229,Leptoglossis,,,,,
BB_Scotia_July,0.079492964,Leptolobium,,,,,
BB_Scotia_July,0.001074229,Leucaena,,,,,
BB_Scotia_July,0.002148458,Leucanthemum,,,,,
BB_Scotia_July,0.001074229,Lijndenia,,,,,
BB_Scotia_July,0.002148458,Linanthus,,,,,
BB_Scotia_July,0.002148458,Liparophyllum,,,,,
BB_Scotia_July,0.004296917,Liriodendron,,,,,
BB_Scotia_July,0.001074229,Lissocarpa,,,,,
BB_Scotia_July,0.001074229,Loasa,,,,,
BB_Scotia_July,0.001074229,Lobelia,,,,,
BB_Scotia_July,0.003222688,Lonicera,,,,,
BB_Scotia_July,0.031152648,Lotononis,,,,,
BB_Scotia_July,1.433021807,Lotus,,,,,
BB_Scotia_July,0.001074229,Lycoris,,,,,
BB_Scotia_July,0.020410356,Lysipomia,,,,,
BB_Scotia_July,0.001074229,Macaranga,,,,,
BB_Scotia_July,0.002148458,Macrozamia,,,,,
BB_Scotia_July,0.003222688,Maireana,,,,,
BB_Scotia_July,0.001074229,Malacocera,,,,,
BB_Scotia_July,0.011816522,Malus,,,,,
BB_Scotia_July,0.004296917,Mammea,,,,,
BB_Scotia_July,0.001074229,Mascagnia,,,,,
BB_Scotia_July,0.001074229,Maytenus,,,,,
BB_Scotia_July,0.010742292,Meryta,,,,,
BB_Scotia_July,0.001074229,Mesua,,,,,
BB_Scotia_July,0.001074229,Millettia,,,,,
BB_Scotia_July,0.001074229,Molinaea,,,,,
BB_Scotia_July,0.001074229,Monopteryx,,,,,
BB_Scotia_July,0.002148458,Monotropa,,,,,
BB_Scotia_July,0.001074229,Monotropastrum,,,,,
BB_Scotia_July,0.001074229,Muehlenbeckia,,,,,
BB_Scotia_July,0.021484585,Myriophyllum,,,,,
BB_Scotia_July,0.118165216,Myrmeconauclea,,,,,
BB_Scotia_July,0.001074229,Myrsine,,,,,
BB_Scotia_July,0.001074229,Narcissus,,,,,
BB_Scotia_July,0.003222688,Nauclea,,,,,
BB_Scotia_July,0.001074229,Neillia,,,,,
BB_Scotia_July,0.003222688,Neoharmsia,,,,,
BB_Scotia_July,0.001074229,Nepenthes,,,,,
BB_Scotia_July,0.003222688,Nephelium,,,,,
BB_Scotia_July,0.001074229,Neurada,,,,,
BB_Scotia_July,0.006445375,Nicotiana,,,,,
BB_Scotia_July,0.005371146,Nissolia,,,,,
BB_Scotia_July,0.003222688,Nitraria,,,,,
BB_Scotia_July,0.001074229,Nolletia,,,,,
BB_Scotia_July,0.019336126,Noltea,,,,,
BB_Scotia_July,0.002148458,Noronhia,,,,,
BB_Scotia_July,0.002148458,Notothlaspi,,,,,
BB_Scotia_July,0.002148458,Nyssa,,,,,
BB_Scotia_July,0.040820711,Onosma,,,,,
BB_Scotia_July,0.003222688,Opocunonia,,,,,
BB_Scotia_July,0.002148458,Oreobliton,,,,,
BB_Scotia_July,0.001074229,Oreocharis,,,,,
BB_Scotia_July,0.003222688,Orobanche,,,,,
BB_Scotia_July,0.001074229,Osmoxylon,,,,,
BB_Scotia_July,0.002148458,Osyris,,,,,
BB_Scotia_July,0.003222688,Oxalis,,,,,
BB_Scotia_July,0.001074229,Oxera,,,,,
BB_Scotia_July,0.001074229,Paeonia,,,,,
BB_Scotia_July,0.001074229,Panax,,,,,
BB_Scotia_July,0.004296917,Papaver,,,,,
BB_Scotia_July,0.001074229,Parodianthus,,,,,
BB_Scotia_July,0.004296917,Pedicularis,,,,,
BB_Scotia_July,0.011816522,Peltogyne,,,,,
BB_Scotia_July,0.001074229,Phaseolus,,,,,
BB_Scotia_July,0.012890751,Philenoptera,,,,,
BB_Scotia_July,0.01396498,Phleum,,,,,
BB_Scotia_July,0.005371146,Phonus,,,,,
BB_Scotia_July,0.074121818,Physaria,,,,,
BB_Scotia_July,0.001074229,Physospermum,,,,,
BB_Scotia_July,0.001074229,Pilea,,,,,
BB_Scotia_July,0.004296917,Pinguicula,,,,,
BB_Scotia_July,0.001074229,Piper,,,,,
BB_Scotia_July,0.002148458,Pittosporum,,,,,
BB_Scotia_July,0.001074229,Plagiobasis,,,,,
BB_Scotia_July,0.002148458,Planchonella,,,,,
BB_Scotia_July,0.054785691,Plantago,,,,,
BB_Scotia_July,0.001074229,Platycarya,,,,,
BB_Scotia_July,0.003222688,Platylobium,,,,,
BB_Scotia_July,0.001074229,Podocarpus,,,,,
BB_Scotia_July,0.005371146,Podolotus,,,,,
BB_Scotia_July,0.12675905,Polycnemum,,,,,
BB_Scotia_July,0.001074229,Polygala,,,,,
BB_Scotia_July,0.004296917,Polygonum,,,,,
BB_Scotia_July,0.001074229,Polyscias,,,,,
BB_Scotia_July,0.017187668,Pomaria,,,,,
BB_Scotia_July,0.001074229,Portulaca,,,,,
BB_Scotia_July,0.002148458,Potentilla,,,,,
BB_Scotia_July,0.004296917,Primula,,,,,
BB_Scotia_July,0.001074229,Primulina,,,,,
BB_Scotia_July,0.001074229,Prinsepia,,,,,
BB_Scotia_July,0.003222688,Proboscidea,,,,,
BB_Scotia_July,0.001074229,Proserpinaca,,,,,
BB_Scotia_July,0.002148458,Prunella,,,,,
BB_Scotia_July,0.010742292,Prunus,,,,,
BB_Scotia_July,0.001074229,Pseudopanax,,,,,
BB_Scotia_July,0.001074229,Psorothamnus,,,,,
BB_Scotia_July,0.004296917,Psychotria,,,,,
BB_Scotia_July,0.017187668,Psylliostachys,,,,,
BB_Scotia_July,0.001074229,Pterocelastrus,,,,,
BB_Scotia_July,0.005371146,Pterospermum,,,,,
BB_Scotia_July,0.001074229,Pultenaea,,,,,
BB_Scotia_July,0.001074229,Punica,,,,,
BB_Scotia_July,0.010742292,Quercus,,,,,
BB_Scotia_July,0.001074229,Ramorinoa,,,,,
BB_Scotia_July,0.091309485,Reevesia,,,,,
BB_Scotia_July,0.04189494,Remya,,,,,
BB_Scotia_July,0.051563004,Rhaponticum,,,,,
BB_Scotia_July,0.001074229,Rhodiola,,,,,
BB_Scotia_July,0.001074229,Rhododendron,,,,,
BB_Scotia_July,0.008593834,Ribes,,,,,
BB_Scotia_July,0.006445375,Rosa,,,,,
BB_Scotia_July,0.022558814,Rubus,,,,,
BB_Scotia_July,0.001074229,Ruizia,,,,,
BB_Scotia_July,0.002148458,Rytigynia,,,,,
BB_Scotia_July,0.001074229,Sairocarpus,,,,,
BB_Scotia_July,0.003222688,Salix,,,,,
BB_Scotia_July,0.010742292,Salsola,,,,,
BB_Scotia_July,0.001074229,Sambucus,,,,,
BB_Scotia_July,0.004296917,Sanicula,,,,,
BB_Scotia_July,0.001074229,Santalum,,,,,
BB_Scotia_July,0.002148458,Saururus,,,,,
BB_Scotia_July,0.402835965,Saussurea,,,,,
BB_Scotia_July,0.005371146,Saxifraga,,,,,
BB_Scotia_July,0.002148458,Scaevola,,,,,
BB_Scotia_July,0.001074229,Schottarum,,,,,
BB_Scotia_July,0.001074229,Scrophularia,,,,,
BB_Scotia_July,51.68761414,Securigera,,,,,
BB_Scotia_July,0.005371146,Sedum,,,,,
BB_Scotia_July,0.019336126,Senecio,,,,,
BB_Scotia_July,0.082715652,Senegalia,,,,,
BB_Scotia_July,0.002148458,Sesbania,,,,,
BB_Scotia_July,0.062305296,Sidalcea,,,,,
BB_Scotia_July,0.005371146,Sideritis,,,,,
BB_Scotia_July,0.001074229,Silene,,,,,
BB_Scotia_July,0.001074229,Sinocrassula,,,,,
BB_Scotia_July,0.001074229,Skimmia,,,,,
BB_Scotia_July,0.006445375,Sloanea,,,,,
BB_Scotia_July,0.464067032,Solanum,,,,,
BB_Scotia_July,0.001074229,Solidago,,,,,
BB_Scotia_July,0.001074229,Solori,,,,,
BB_Scotia_July,0.002148458,Sophora,,,,,
BB_Scotia_July,0.001074229,Sopubia,,,,,
BB_Scotia_July,0.166505532,Spergularia,,,,,
BB_Scotia_July,0.001074229,Spiraea,,,,,
BB_Scotia_July,0.002148458,Stachys,,,,,
BB_Scotia_July,0.001074229,Stackhousia,,,,,
BB_Scotia_July,0.001074229,Stenandrium,,,,,
BB_Scotia_July,0.001074229,Stigmaphyllon,,,,,
BB_Scotia_July,0.003222688,Stirtonanthus,,,,,
BB_Scotia_July,0.001074229,Stockwellia,,,,,
BB_Scotia_July,0.006445375,Streptocarpus,,,,,
BB_Scotia_July,0.001074229,Striga,,,,,
BB_Scotia_July,0.005371146,Stylisma,,,,,
BB_Scotia_July,0.002148458,Stylosanthes,,,,,
BB_Scotia_July,0.002148458,Swartzia,,,,,
BB_Scotia_July,0.002148458,Syringa,,,,,
BB_Scotia_July,0.003222688,Tara,,,,,
BB_Scotia_July,0.001074229,Taraxacum,,,,,
BB_Scotia_July,0.001074229,Tarenaya,,,,,
BB_Scotia_July,0.001074229,Tecticornia,,,,,
BB_Scotia_July,0.001074229,Tetradium,,,,,
BB_Scotia_July,0.001074229,Tetragastris,,,,,
BB_Scotia_July,0.019336126,Thermopsis,,,,,
BB_Scotia_July,0.001074229,Thespesia,,,,,
BB_Scotia_July,0.002148458,Thouinia,,,,,
BB_Scotia_July,0.001074229,Thyrsodium,,,,,
BB_Scotia_July,10.15468901,Tilia,,,,,
BB_Scotia_July,0.001074229,Tina,,,,,
BB_Scotia_July,0.005371146,Toxicodendron,,,,,
BB_Scotia_July,0.001074229,Transberingia,,,,,
BB_Scotia_July,0.001074229,Trema,,,,,
BB_Scotia_July,0.001074229,Tribulopis,,,,,
BB_Scotia_July,0.003222688,Trichogonia,,,,,
BB_Scotia_July,0.009668063,Trifolium,,,,,
BB_Scotia_July,0.002148458,Trigonella,,,,,
BB_Scotia_July,0.001074229,Trochetiopsis,,,,,
BB_Scotia_July,0.002148458,Trymatococcus,,,,,
BB_Scotia_July,0.002148458,Turnera,,,,,
BB_Scotia_July,0.002148458,Tzeltalia,,,,,
BB_Scotia_July,0.001074229,Urceola,,,,,
BB_Scotia_July,0.001074229,Uribea,,,,,
BB_Scotia_July,0.001074229,Urophyllum,,,,,
BB_Scotia_July,0.001074229,Uvedalia,,,,,
BB_Scotia_July,0.001074229,Vaccinium,,,,,
BB_Scotia_July,0.001074229,Valeriana,,,,,
BB_Scotia_July,0.001074229,Veratrum,,,,,
BB_Scotia_July,0.001074229,Verbascum,,,,,
BB_Scotia_July,0.001074229,Vicia,,,,,
BB_Scotia_July,0.001074229,Viola,,,,,
BB_Scotia_July,0.001074229,Xanthocercis,,,,,
BB_Scotia_July,0.003222688,Xeroderris,,,,,
BB_Scotia_July,0.002148458,Xiphotheca,,,,,
BB_Scotia_July,0.003222688,Zostera,,,,,
HB_Arb_July,0.018236528,Acanthocalyx,,,,,
HB_Arb_July,0.091182639,Achillea,,,,,
HB_Arb_July,0.045591319,Adina,,,,,
HB_Arb_July,0.009118264,Aganope,,,,,
HB_Arb_July,0.036473056,Agoseris,,,,,
HB_Arb_July,0.009118264,Aidia,,,,,
HB_Arb_July,0.054709583,Albizia,,,,,
HB_Arb_July,0.009118264,Alectra,,,,,
HB_Arb_July,0.16412875,Amphithalea,,,,,
HB_Arb_July,0.273547916,Anemone,,,,,
HB_Arb_July,0.018236528,Angelphytum,,,,,
HB_Arb_July,0.009118264,Antopetitia,,,,,
HB_Arb_July,0.009118264,Aralia,,,,,
HB_Arb_July,0.018236528,Arenaria,,,,,
HB_Arb_July,0.009118264,Astilbe,,,,,
HB_Arb_July,0.009118264,Astragalus,,,,,
HB_Arb_July,0.009118264,Ateleia,,,,,
HB_Arb_July,0.018236528,Baliospermum,,,,,
HB_Arb_July,0.182365278,Baltimora,,,,,
HB_Arb_July,0.036473056,Brandisia,,,,,
HB_Arb_July,0.009118264,Brassaiopsis,,,,,
HB_Arb_July,0.018236528,Brassica,,,,,
HB_Arb_July,0.009118264,Brunfelsia,,,,,
HB_Arb_July,0.027354792,Calliandra,,,,,
HB_Arb_July,0.182365278,Carduus,,,,,
HB_Arb_July,0.018236528,Carpanthea,,,,,
HB_Arb_July,0.036473056,Castanea,,,,,
HB_Arb_July,0.519741041,Celastrus,,,,,
HB_Arb_July,0.009118264,Centaurea,,,,,
HB_Arb_July,0.009118264,Centauropsis,,,,,
HB_Arb_July,0.136773958,Cephalanthus,,,,,
HB_Arb_July,0.009118264,Cercis,,,,,
HB_Arb_July,0.009118264,Cichorium,,,,,
HB_Arb_July,0.009118264,Cineraria,,,,,
HB_Arb_July,0.027354792,Cirsium,,,,,
HB_Arb_July,0.091182639,Clinopodium,,,,,
HB_Arb_July,0.027354792,Coincya,,,,,
HB_Arb_July,0.009118264,Conradina,,,,,
HB_Arb_July,0.036473056,Coreopsis,,,,,
HB_Arb_July,0.009118264,Cornus,,,,,
HB_Arb_July,0.009118264,Coronanthera,,,,,
HB_Arb_July,0.009118264,Coronidium,,,,,
HB_Arb_July,0.082064375,Coronilla,,,,,
HB_Arb_July,0.136773958,Crepis,,,,,
HB_Arb_July,0.009118264,Cuminum,,,,,
HB_Arb_July,10.29451992,Cunila,,,,,
HB_Arb_July,0.045591319,Cyclamen,,,,,
HB_Arb_July,0.009118264,Cynoglossum,,,,,
HB_Arb_July,0.009118264,Deprea,,,,,
HB_Arb_July,0.009118264,Diospyros,,,,,
HB_Arb_July,0.009118264,Dolichlasium,,,,,
HB_Arb_July,0.145892222,Dorstenia,,,,,
HB_Arb_July,0.009118264,Dorycnium,,,,,
HB_Arb_July,0.009118264,Draba,,,,,
HB_Arb_July,10.96927145,Echinacea,,,,,
HB_Arb_July,0.009118264,Echinophora,,,,,
HB_Arb_July,0.045591319,Elaeagnus,,,,,
HB_Arb_July,0.027354792,Eleutherococcus,,,,,
HB_Arb_July,0.036473056,Elsholtzia,,,,,
HB_Arb_July,0.009118264,Embelia,,,,,
HB_Arb_July,0.009118264,Epilobium,,,,,
HB_Arb_July,0.009118264,Erica,,,,,
HB_Arb_July,0.027354792,Erigeron,,,,,
HB_Arb_July,0.009118264,Eruca,,,,,
HB_Arb_July,0.246193125,Erythroseris,,,,,
HB_Arb_July,0.009118264,Euthamia,,,,,
HB_Arb_July,0.009118264,Ficus,,,,,
HB_Arb_July,0.145892222,Forsythia,,,,,
HB_Arb_July,0.009118264,Fortuynia,,,,,
HB_Arb_July,0.009118264,Fraxinus,,,,,
HB_Arb_July,0.11853743,Fritillaria,,,,,
HB_Arb_July,0.018236528,Galeopsis,,,,,
HB_Arb_July,0.045591319,Gingidia,,,,,
HB_Arb_July,0.009118264,Glaucosciadium,,,,,
HB_Arb_July,0.054709583,Gleditsia,,,,,
HB_Arb_July,0.009118264,Gymneia,,,,,
HB_Arb_July,0.018236528,Hedera,,,,,
HB_Arb_July,0.082064375,Helianthus,,,,,
HB_Arb_July,0.036473056,Heliopsis,,,,,
HB_Arb_July,0.009118264,Hemisteptia,,,,,
HB_Arb_July,0.027354792,Hesperis,,,,,
HB_Arb_July,0.009118264,Heterosperma,,,,,
HB_Arb_July,0.018236528,Heterostemma,,,,,
HB_Arb_July,0.009118264,Holozonia,,,,,
HB_Arb_July,0.009118264,Howellia,,,,,
HB_Arb_July,0.009118264,Hydrangea,,,,,
HB_Arb_July,0.009118264,Hymenonema,,,,,
HB_Arb_July,0.072946111,Hyobanche,,,,,
HB_Arb_July,0.027354792,Hypericum,,,,,
HB_Arb_July,0.009118264,Hyptis,,,,,
HB_Arb_July,0.036473056,Impatiens,,,,,
HB_Arb_July,0.027354792,Ipomoea,,,,,
HB_Arb_July,0.009118264,Jacobaea,,,,,
HB_Arb_July,0.063827847,Jacquemontia,,,,,
HB_Arb_July,0.054709583,Jasminum,,,,,
HB_Arb_July,0.045591319,Koelreuteria,,,,,
HB_Arb_July,0.009118264,Krameria,,,,,
HB_Arb_July,0.009118264,Lepechinia,,,,,
HB_Arb_July,0.009118264,Leucogenes,,,,,
HB_Arb_July,0.027354792,Lobelia,,,,,
HB_Arb_July,0.027354792,Lonicera,,,,,
HB_Arb_July,0.109419167,Lotus,,,,,
HB_Arb_July,0.045591319,Lysipomia,,,,,
HB_Arb_July,0.018236528,Malus,,,,,
HB_Arb_July,0.018236528,Maytenus,,,,,
HB_Arb_July,0.009118264,Melampodium,,,,,
HB_Arb_July,0.045591319,Melilotus,,,,,
HB_Arb_July,3.045500137,Mentha,,,,,
HB_Arb_July,0.072946111,Microseris,,,,,
HB_Arb_July,0.045591319,Minthostachys,,,,,
HB_Arb_July,0.11853743,Monarda,,,,,
HB_Arb_July,0.009118264,Myriophyllum,,,,,
HB_Arb_July,0.045591319,Myrmeconauclea,,,,,
HB_Arb_July,0.009118264,Nauclea,,,,,
HB_Arb_July,14.85365186,Nepeta,,,,,
HB_Arb_July,0.036473056,Nicotiana,,,,,
HB_Arb_July,0.009118264,Noronhia,,,,,
HB_Arb_July,0.045591319,Oenothera,,,,,
HB_Arb_July,0.018236528,Olearia,,,,,
HB_Arb_July,0.009118264,Onosma,,,,,
HB_Arb_July,2.616941734,Origanum,,,,,
HB_Arb_July,0.009118264,Parthenium,,,,,
HB_Arb_July,0.027354792,Penstemon,,,,,
HB_Arb_July,0.009118264,Perilla,,,,,
HB_Arb_July,0.009118264,Phlomoides,,,,,
HB_Arb_July,0.009118264,Phyllachne,,,,,
HB_Arb_July,0.009118264,Physalis,,,,,
HB_Arb_July,0.027354792,Physaria,,,,,
HB_Arb_July,0.009118264,Pinguicula,,,,,
HB_Arb_July,0.009118264,Piptocarpha,,,,,
HB_Arb_July,0.027354792,Plantago,,,,,
HB_Arb_July,0.009118264,Platanus,,,,,
HB_Arb_July,0.063827847,Polycnemum,,,,,
HB_Arb_July,0.009118264,Pomaria,,,,,
HB_Arb_July,0.027354792,Primula,,,,,
HB_Arb_July,0.009118264,Proserpinaca,,,,,
HB_Arb_July,0.027354792,Prunus,,,,,
HB_Arb_July,0.838880277,Pseudognaphalium,,,,,
HB_Arb_July,0.009118264,Psychotria,,,,,
HB_Arb_July,0.009118264,Psylliostachys,,,,,
HB_Arb_July,0.674751527,Pycnanthemum,,,,,
HB_Arb_July,0.036473056,Quercus,,,,,
HB_Arb_July,0.009118264,Ratibida,,,,,
HB_Arb_July,0.009118264,Remya,,,,,
HB_Arb_July,0.018236528,Rhodiola,,,,,
HB_Arb_July,0.009118264,Rhododendron,,,,,
HB_Arb_July,0.009118264,Rhododon,,,,,
HB_Arb_July,0.009118264,Rosa,,,,,
HB_Arb_July,0.009118264,Rubia,,,,,
HB_Arb_July,0.136773958,Rubus,,,,,
HB_Arb_July,0.036473056,Rudbeckia,,,,,
HB_Arb_July,0.027354792,Salix,,,,,
HB_Arb_July,0.027354792,Saussurea,,,,,
HB_Arb_July,0.018236528,Saxifraga,,,,,
HB_Arb_July,0.009118264,Schinus,,,,,
HB_Arb_July,0.018236528,Sclerochiton,,,,,
HB_Arb_July,0.009118264,Scorzonera,,,,,
HB_Arb_July,22.01148901,Securigera,,,,,
HB_Arb_July,0.11853743,Senecio,,,,,
HB_Arb_July,0.045591319,Senegalia,,,,,
HB_Arb_July,0.009118264,Silene,,,,,
HB_Arb_July,13.95094374,Silphium,,,,,
HB_Arb_July,0.009118264,Siphocranion,,,,,
HB_Arb_July,0.3282575,Solanum,,,,,
HB_Arb_July,14.16066381,Sonchus,,,,,
HB_Arb_July,0.009118264,Stigmaphyllon,,,,,
HB_Arb_July,0.009118264,Styrax,,,,,
HB_Arb_July,0.009118264,Tanacetum,,,,,
HB_Arb_July,0.009118264,Tetradium,,,,,
HB_Arb_July,0.027354792,Thymus,,,,,
HB_Arb_July,0.036473056,Tilia,,,,,
HB_Arb_July,0.246193125,Tourneuxia,,,,,
HB_Arb_July,0.009118264,Toxicodendron,,,,,
HB_Arb_July,0.018236528,Trifolium,,,,,
HB_Arb_July,0.009118264,Trigonella,,,,,
HB_Arb_July,0.009118264,Trigonospermum,,,,,
HB_Arb_July,0.018236528,Tzeltalia,,,,,
HB_Arb_July,0.009118264,Veronicastrum,,,,,
HB_Arb_July,0.009118264,Viguiera,,,,,
HB_Arb_July,0.009118264,Wyethia,,,,,
HB_Arb_July,0.009118264,Xanthium,,,,,
HB_Bernel_July,0.005697925,Acaena,,,,,
HB_Bernel_July,0.011395849,Acanthocalyx,,,,,
HB_Bernel_July,0.001424481,Acer,,,,,
HB_Bernel_July,0.002848962,Acleisanthes,,,,,
HB_Bernel_July,0.002848962,Acmispon,,,,,
HB_Bernel_July,0.002848962,Actinidia,,,,,
HB_Bernel_July,0.001424481,Adesmia,,,,,
HB_Bernel_July,0.001424481,Agoseris,,,,,
HB_Bernel_July,0.004273443,Agrostis,,,,,
HB_Bernel_July,0.002848962,Aidia,,,,,
HB_Bernel_July,0.001424481,Aizoon,,,,,
HB_Bernel_July,0.002848962,Alangium,,,,,
HB_Bernel_July,0.008546887,Allophylus,,,,,
HB_Bernel_July,0.001424481,Alternanthera,,,,,
HB_Bernel_July,0.01282033,Althaea,,,,,
HB_Bernel_July,0.001424481,Amicia,,,,,
HB_Bernel_July,0.001424481,Ammannia,,,,,
HB_Bernel_July,0.008546887,Ammodaucus,,,,,
HB_Bernel_July,0.31481033,Amphithalea,,,,,
HB_Bernel_July,0.004273443,Androsace,,,,,
HB_Bernel_July,0.002848962,Anemone,,,,,
HB_Bernel_July,0.001424481,Anisophyllea,,,,,
HB_Bernel_July,0.002848962,Anthyllis,,,,,
HB_Bernel_July,0.041309953,Antirrhinum,,,,,
HB_Bernel_July,0.004273443,Antopetitia,,,,,
HB_Bernel_July,0.008546887,Apocynum,,,,,
HB_Bernel_July,0.001424481,Arabis,,,,,
HB_Bernel_July,0.005697925,Aralia,,,,,
HB_Bernel_July,0.011395849,Arrhenatherum,,,,,
HB_Bernel_July,0.002848962,Astragalus,,,,,
HB_Bernel_July,0.002848962,Ateleia,,,,,
HB_Bernel_July,0.001424481,Atriplex,,,,,
HB_Bernel_July,0.001424481,Aucuba,,,,,
HB_Bernel_July,0.001424481,Auranticarpa,,,,,
HB_Bernel_July,0.001424481,Austrocallerya,,,,,
HB_Bernel_July,0.001424481,Baliospermum,,,,,
HB_Bernel_July,0.001424481,Banisteriopsis,,,,,
HB_Bernel_July,0.002848962,Bertiera,,,,,
HB_Bernel_July,0.001424481,Betonica,,,,,
HB_Bernel_July,0.001424481,Bossiaea,,,,,
HB_Bernel_July,0.001424481,Bouchea,,,,,
HB_Bernel_July,0.149570519,Brandisia,,,,,
HB_Bernel_July,0.001424481,Brassaiopsis,,,,,
HB_Bernel_July,0.001424481,Burretiodendron,,,,,
HB_Bernel_July,0.001424481,Bursaria,,,,,
HB_Bernel_July,0.007122406,Bursera,,,,,
HB_Bernel_July,0.001424481,Byblis,,,,,
HB_Bernel_July,0.024216179,Calliandra,,,,,
HB_Bernel_July,0.015669292,Callirhoe,,,,,
HB_Bernel_July,0.008546887,Calyculogygas,,,,,
HB_Bernel_July,0.001424481,Camellia,,,,,
HB_Bernel_July,0.001424481,Campanula,,,,,
HB_Bernel_July,0.001424481,Canarium,,,,,
HB_Bernel_July,0.002848962,Canthium,,,,,
HB_Bernel_July,0.001424481,Cantua,,,,,
HB_Bernel_July,0.001424481,Capuronianthus,,,,,
HB_Bernel_July,0.001424481,Carapa,,,,,
HB_Bernel_July,0.001424481,Carapichea,,,,,
HB_Bernel_July,0.059828208,Carduus,,,,,
HB_Bernel_July,0.001424481,Carmichaelia,,,,,
HB_Bernel_July,0.001424481,Caroxylon,,,,,
HB_Bernel_July,0.001424481,Carpanthea,,,,,
HB_Bernel_July,0.183758066,Castanea,,,,,
HB_Bernel_July,0.007122406,Castelnavia,,,,,
HB_Bernel_July,0.002848962,Ceiba,,,,,
HB_Bernel_July,0.095440236,Celastrus,,,,,
HB_Bernel_July,0.018518255,Celmisia,,,,,
HB_Bernel_July,0.001424481,Celtis,,,,,
HB_Bernel_July,0.011395849,Cephalanthus,,,,,
HB_Bernel_July,0.001424481,Cercis,,,,,
HB_Bernel_July,0.005697925,Chamaecrista,,,,,
HB_Bernel_July,0.001424481,Chelidonium,,,,,
HB_Bernel_July,0.007122406,Chenopodium,,,,,
HB_Bernel_July,0.001424481,Chomelia,,,,,
HB_Bernel_July,0.007122406,Christisonia,,,,,
HB_Bernel_July,0.004273443,Chrysolepis,,,,,
HB_Bernel_July,0.027065142,Chuquiraga,,,,,
HB_Bernel_July,0.031338585,Cicer,,,,,
HB_Bernel_July,10.14088118,Cirsium,,,,,
HB_Bernel_July,0.001424481,Cleome,,,,,
HB_Bernel_July,0.002848962,Clinopodium,,,,,
HB_Bernel_July,0.002848962,Clusia,,,,,
HB_Bernel_July,0.001424481,Coffea,,,,,
HB_Bernel_July,0.001424481,Cojoba,,,,,
HB_Bernel_July,0.007122406,Colombobalanus,,,,,
HB_Bernel_July,0.007122406,Colubrina,,,,,
HB_Bernel_July,0.014244811,Combretum,,,,,
HB_Bernel_July,0.001424481,Coptis,,,,,
HB_Bernel_July,0.001424481,Corchoropsis,,,,,
HB_Bernel_July,0.001424481,Coronanthera,,,,,
HB_Bernel_July,0.076921981,Coronilla,,,,,
HB_Bernel_July,0.001424481,Craterocapsa,,,,,
HB_Bernel_July,0.001424481,Croton,,,,,
HB_Bernel_July,0.005697925,Cunila,,,,,
HB_Bernel_July,0.001424481,Cuscuta,,,,,
HB_Bernel_July,0.001424481,Cuttsia,,,,,
HB_Bernel_July,0.005697925,Cyclamen,,,,,
HB_Bernel_July,0.014244811,Cynara,,,,,
HB_Bernel_July,0.001424481,Cynoglossum,,,,,
HB_Bernel_July,0.001424481,Cytisopsis,,,,,
HB_Bernel_July,0.001424481,Dactylis,,,,,
HB_Bernel_July,0.001424481,Deinbollia,,,,,
HB_Bernel_July,0.001424481,Delarbrea,,,,,
HB_Bernel_July,0.002848962,Dendrotrophe,,,,,
HB_Bernel_July,0.001424481,Depanthus,,,,,
HB_Bernel_July,0.001424481,Diabelia,,,,,
HB_Bernel_July,0.001424481,Diplacus,,,,,
HB_Bernel_July,0.001424481,Distimake,,,,,
HB_Bernel_July,0.019942736,Durio,,,,,
HB_Bernel_July,0.001424481,Echinocodon,,,,,
HB_Bernel_July,0.001424481,Echinops,,,,,
HB_Bernel_July,0.002848962,Echium,,,,,
HB_Bernel_July,0.022791698,Elaeagnus,,,,,
HB_Bernel_July,0.001424481,Elephantopus,,,,,
HB_Bernel_July,0.009971368,Eleutherococcus,,,,,
HB_Bernel_July,0.005697925,Elymus,,,,,
HB_Bernel_July,0.001424481,Endospermum,,,,,
HB_Bernel_July,0.001424481,Epilobium,,,,,
HB_Bernel_July,0.002848962,Erigeron,,,,,
HB_Bernel_July,0.002848962,Erythrostemon,,,,,
HB_Bernel_July,0.001424481,Erythroxylum,,,,,
HB_Bernel_July,0.001424481,Euphorbia,,,,,
HB_Bernel_July,0.004273443,Euphronia,,,,,
HB_Bernel_July,0.009971368,Fatsia,,,,,
HB_Bernel_July,0.002848962,Fleroya,,,,,
HB_Bernel_July,0.002848962,Forsythia,,,,,
HB_Bernel_July,0.001424481,Fraxinus,,,,,
HB_Bernel_July,0.001424481,Galatella,,,,,
HB_Bernel_July,0.028489623,Galium,,,,,
HB_Bernel_July,0.001424481,Gastrolobium,,,,,
HB_Bernel_July,0.001424481,Genlisea,,,,,
HB_Bernel_July,0.001424481,Glaucosciadium,,,,,
HB_Bernel_July,0.082619906,Glechon,,,,,
HB_Bernel_July,0.001424481,Glycine,,,,,
HB_Bernel_July,0.056979245,Goodenia,,,,,
HB_Bernel_July,0.001424481,Gossypium,,,,,
HB_Bernel_July,0.001424481,Grabowskia,,,,,
HB_Bernel_July,0.001424481,Grewia,,,,,
HB_Bernel_July,0.001424481,Gymnocladus,,,,,
HB_Bernel_July,0.001424481,Gymnotheca,,,,,
HB_Bernel_July,0.001424481,Gypothamnium,,,,,
HB_Bernel_July,0.001424481,Haloragis,,,,,
HB_Bernel_July,0.001424481,Haplocarpha,,,,,
HB_Bernel_July,0.001424481,Harveya,,,,,
HB_Bernel_July,0.08831783,Hedera,,,,,
HB_Bernel_July,0.001424481,Helinus,,,,,
HB_Bernel_July,0.002848962,Helleborus,,,,,
HB_Bernel_July,0.001424481,Hesperis,,,,,
HB_Bernel_July,0.001424481,Hibiscus,,,,,
HB_Bernel_July,0.002848962,Hieronyma,,,,,
HB_Bernel_July,0.002848962,Hoffmannseggia,,,,,
HB_Bernel_July,0.039885472,Hovenia,,,,,
HB_Bernel_July,0.015669292,Howellia,,,,,
HB_Bernel_July,0.001424481,Humbertia,,,,,
HB_Bernel_July,0.004273443,Hydrangea,,,,,
HB_Bernel_July,0.001424481,Hylomecon,,,,,
HB_Bernel_July,0.002848962,Hylotelephium,,,,,
HB_Bernel_July,0.08831783,Hyobanche,,,,,
HB_Bernel_July,0.999985755,Hyoscyamus,,,,,
HB_Bernel_July,0.047007877,Hypericum,,,,,
HB_Bernel_July,0.001424481,Indigofera,,,,,
HB_Bernel_July,0.002848962,Ipomoea,,,,,
HB_Bernel_July,0.008546887,Isodon,,,,,
HB_Bernel_July,0.001424481,Isotropis,,,,,
HB_Bernel_July,0.001424481,Joinvillea,,,,,
HB_Bernel_July,0.002848962,Koenigia,,,,,
HB_Bernel_July,0.001424481,Kokia,,,,,
HB_Bernel_July,0.001424481,Kolkwitzia,,,,,
HB_Bernel_July,0.007122406,Krameria,,,,,
HB_Bernel_July,0.001424481,Lens,,,,,
HB_Bernel_July,0.001424481,Lepisanthes,,,,,
HB_Bernel_July,0.001424481,Leptoderris,,,,,
HB_Bernel_July,0.001424481,Lespedeza,,,,,
HB_Bernel_July,0.004273443,Leucanthemum,,,,,
HB_Bernel_July,0.001424481,Ligustrum,,,,,
HB_Bernel_July,0.001424481,Liparophyllum,,,,,
HB_Bernel_July,0.002848962,Lobelia,,,,,
HB_Bernel_July,0.004273443,Lonchocarpus,,,,,
HB_Bernel_July,0.007122406,Lonicera,,,,,
HB_Bernel_July,0.001424481,Lophocereus,,,,,
HB_Bernel_July,1.310522642,Lotus,,,,,
HB_Bernel_July,0.001424481,Lovoa,,,,,
HB_Bernel_July,0.002848962,Lycium,,,,,
HB_Bernel_July,0.001424481,Lyperia,,,,,
HB_Bernel_July,0.018518255,Lysipomia,,,,,
HB_Bernel_July,0.001424481,Maackia,,,,,
HB_Bernel_July,0.001424481,Magnolia,,,,,
HB_Bernel_July,0.035612028,Magoniella,,,,,
HB_Bernel_July,0.001424481,Maingaya,,,,,
HB_Bernel_July,0.007122406,Maireana,,,,,
HB_Bernel_July,0.002848962,Marcetella,,,,,
HB_Bernel_July,0.001424481,Margyricarpus,,,,,
HB_Bernel_July,0.001424481,Maytenus,,,,,
HB_Bernel_July,0.002848962,Melilotus,,,,,
HB_Bernel_July,0.004273443,Meryta,,,,,
HB_Bernel_July,0.001424481,Mesosphaerum,,,,,
HB_Bernel_July,0.001424481,Millettia,,,,,
HB_Bernel_July,0.051281321,Monarda,,,,,
HB_Bernel_July,0.002848962,Monopteryx,,,,,
HB_Bernel_July,0.001424481,Monttea,,,,,
HB_Bernel_July,0.002848962,Mosla,,,,,
HB_Bernel_July,0.001424481,Mussaenda,,,,,
HB_Bernel_July,0.002848962,Myoporum,,,,,
HB_Bernel_July,0.035612028,Myriophyllum,,,,,
HB_Bernel_July,0.10113816,Myrmeconauclea,,,,,
HB_Bernel_July,0.001424481,Nama,,,,,
HB_Bernel_July,0.001424481,Napeanthus,,,,,
HB_Bernel_July,0.002848962,Nauclea,,,,,
HB_Bernel_July,0.001424481,Neillia,,,,,
HB_Bernel_July,0.001424481,Neoharmsia,,,,,
HB_Bernel_July,0.001424481,Nepenthes,,,,,
HB_Bernel_July,0.002848962,Nepeta,,,,,
HB_Bernel_July,0.001424481,Nerisyrenia,,,,,
HB_Bernel_July,0.492870472,Nicotiana,,,,,
HB_Bernel_July,0.031338585,Noltea,,,,,
HB_Bernel_July,0.002848962,Noronhia,,,,,
HB_Bernel_July,0.029914104,Onosma,,,,,
HB_Bernel_July,0.001424481,Oreobolus,,,,,
HB_Bernel_July,0.001424481,Osmoxylon,,,,,
HB_Bernel_July,0.009971368,Oxalis,,,,,
HB_Bernel_July,0.008546887,Oxyphyllum,,,,,
HB_Bernel_July,0.001424481,Padbruggea,,,,,
HB_Bernel_July,0.004273443,Pastinaca,,,,,
HB_Bernel_July,0.001424481,Paullinia,,,,,
HB_Bernel_July,0.001424481,Pedicularis,,,,,
HB_Bernel_July,0.001424481,Peplidium,,,,,
HB_Bernel_July,0.001424481,Petrocodon,,,,,
HB_Bernel_July,2.958647313,Phleum,,,,,
HB_Bernel_July,0.001424481,Phyla,,,,,
HB_Bernel_July,0.009971368,Physalis,,,,,
HB_Bernel_July,0.04985684,Physaria,,,,,
HB_Bernel_July,0.001424481,Phytolacca,,,,,
HB_Bernel_July,0.001424481,Pieris,,,,,
HB_Bernel_July,0.001424481,Piper,,,,,
HB_Bernel_July,0.011395849,Pittosporum,,,,,
HB_Bernel_July,0.001424481,Pityrodia,,,,,
HB_Bernel_July,0.004273443,Planchonella,,,,,
HB_Bernel_July,2.518482643,Plantago,,,,,
HB_Bernel_July,0.001424481,Platylobium,,,,,
HB_Bernel_July,0.001424481,Pluchea,,,,,
HB_Bernel_July,0.001424481,Podolotus,,,,,
HB_Bernel_July,0.122505377,Polycnemum,,,,,
HB_Bernel_July,0.002848962,Polygala,,,,,
HB_Bernel_July,0.005697925,Polyscias,,,,,
HB_Bernel_July,0.02564066,Pomaria,,,,,
HB_Bernel_July,0.002848962,Posoqueria,,,,,
HB_Bernel_July,0.002848962,Potentilla,,,,,
HB_Bernel_July,0.001424481,Pouteria,,,,,
HB_Bernel_July,0.001424481,Primulina,,,,,
HB_Bernel_July,0.386034387,Prunella,,,,,
HB_Bernel_July,0.01282033,Prunus,,,,,
HB_Bernel_July,0.001424481,Psychotria,,,,,
HB_Bernel_July,0.009971368,Psylliostachys,,,,,
HB_Bernel_July,0.001424481,Pterospermum,,,,,
HB_Bernel_July,0.001424481,Pycnandra,,,,,
HB_Bernel_July,0.162390849,Quercus,,,,,
HB_Bernel_July,0.001424481,Reaumuria,,,,,
HB_Bernel_July,0.035612028,Reevesia,,,,,
HB_Bernel_July,0.001424481,Rehmannia,,,,,
HB_Bernel_July,0.021367217,Remya,,,,,
HB_Bernel_July,0.001424481,Rhododon,,,,,
HB_Bernel_July,0.002848962,Rhynchocorys,,,,,
HB_Bernel_July,0.004273443,Ribes,,,,,
HB_Bernel_July,0.002848962,Roldana,,,,,
HB_Bernel_July,0.001424481,Rondeletia,,,,,
HB_Bernel_July,0.008546887,Rosa,,,,,
HB_Bernel_July,0.01282033,Rubus,,,,,
HB_Bernel_July,0.001424481,Rumex,,,,,
HB_Bernel_July,0.001424481,Sagittaria,,,,,
HB_Bernel_July,0.004273443,Salsola,,,,,
HB_Bernel_July,0.001424481,Sambucus,,,,,
HB_Bernel_July,0.002848962,Samolus,,,,,
HB_Bernel_July,0.004273443,Sanicula,,,,,
HB_Bernel_July,0.002848962,Saururus,,,,,
HB_Bernel_July,0.074073019,Saussurea,,,,,
HB_Bernel_July,0.004273443,Saxifraga,,,,,
HB_Bernel_July,0.018518255,Scaevola,,,,,
HB_Bernel_July,0.001424481,Scrophularia,,,,,
HB_Bernel_July,31.48815544,Securigera,,,,,
HB_Bernel_July,0.002848962,Sedum,,,,,
HB_Bernel_July,0.001424481,Seguieria,,,,,
HB_Bernel_July,0.008546887,Senecio,,,,,
HB_Bernel_July,0.039885472,Senegalia,,,,,
HB_Bernel_July,0.001424481,Senna,,,,,
HB_Bernel_July,0.001424481,Sesbania,,,,,
HB_Bernel_July,0.035612028,Sidalcea,,,,,
HB_Bernel_July,0.001424481,Silybum,,,,,
HB_Bernel_July,0.002848962,Sisymbrium,,,,,
HB_Bernel_July,37.32140568,Solanum,,,,,
HB_Bernel_July,0.014244811,Spergularia,,,,,
HB_Bernel_July,0.008546887,Spiraea,,,,,
HB_Bernel_July,0.001424481,Stackhousia,,,,,
HB_Bernel_July,0.001424481,Stenandrium,,,,,
HB_Bernel_July,0.004273443,Sterigmapetalum,,,,,
HB_Bernel_July,0.001424481,Stewartia,,,,,
HB_Bernel_July,0.001424481,Streptocarpus,,,,,
HB_Bernel_July,0.001424481,Stylisma,,,,,
HB_Bernel_July,0.001424481,Swartzia,,,,,
HB_Bernel_July,0.001424481,Tara,,,,,
HB_Bernel_July,0.001424481,Tarenaya,,,,,
HB_Bernel_July,0.001424481,Tecoma,,,,,
HB_Bernel_July,0.001424481,Tetradium,,,,,
HB_Bernel_July,0.002848962,Thouinia,,,,,
HB_Bernel_July,3.608210709,Tilia,,,,,
HB_Bernel_July,0.002848962,Trevesia,,,,,
HB_Bernel_July,0.001424481,Trichogonia,,,,,
HB_Bernel_July,5.435820003,Trifolium,,,,,
HB_Bernel_July,0.001424481,Triosteum,,,,,
HB_Bernel_July,0.001424481,Triumfetta,,,,,
HB_Bernel_July,0.001424481,Tropaeolum,,,,,
HB_Bernel_July,0.118231934,Tzeltalia,,,,,
HB_Bernel_July,0.001424481,Urceola,,,,,
HB_Bernel_July,0.001424481,Urtica,,,,,
HB_Bernel_July,0.002848962,Uvedalia,,,,,
HB_Bernel_July,0.002848962,Van-royena,,,,,
HB_Bernel_July,0.004273443,Wigandia,,,,,
HB_Bernel_July,0.001424481,Wikstroemia,,,,,
HB_Bernel_July,0.001424481,Wimmeria,,,,,
HB_Bernel_July,0.001424481,Xanthocercis,,,,,
HB_Bernel_July,0.001424481,Zosima,,,,,
HB_Bernel_July,0.001424481,Zostera,,,,,
HB_Colyer_July,0.002921926,Abrotanella,,,,,
HB_Colyer_July,0.002921926,Acacia,,,,,
HB_Colyer_July,0.011687705,Actaea,,,,,
HB_Colyer_July,0.002921926,Aeginetia,,,,,
HB_Colyer_July,0.002921926,Aesculus,,,,,
HB_Colyer_July,0.002921926,Alnus,,,,,
HB_Colyer_July,0.020453483,Alternanthera,,,,,
HB_Colyer_July,0.035063114,Ammodaucus,,,,,
HB_Colyer_July,0.002921926,Amorphophallus,,,,,
HB_Colyer_July,0.005843852,Amphicarpaea,,,,,
HB_Colyer_July,0.035063114,Amphithalea,,,,,
HB_Colyer_July,0.078892006,Amphoricarpos,,,,,
HB_Colyer_July,0.005843852,Anthyllis,,,,,
HB_Colyer_July,0.002921926,Arabis,,,,,
HB_Colyer_July,0.207456755,Arctium,,,,,
HB_Colyer_July,0.002921926,Astragalus,,,,,
HB_Colyer_July,0.005843852,Baccharoides,,,,,
HB_Colyer_July,0.008765778,Baliospermum,,,,,
HB_Colyer_July,0.002921926,Ballota,,,,,
HB_Colyer_July,0.002921926,Baptisia,,,,,
HB_Colyer_July,0.014609631,Betula,,,,,
HB_Colyer_July,0.020453483,Brandisia,,,,,
HB_Colyer_July,0.002921926,Brassica,,,,,
HB_Colyer_July,0.002921926,Bupleurum,,,,,
HB_Colyer_July,0.002921926,Bursera,,,,,
HB_Colyer_July,0.002921926,Calliandra,,,,,
HB_Colyer_July,0.002921926,Canthium,,,,,
HB_Colyer_July,0.005843852,Caragana,,,,,
HB_Colyer_July,0.011687705,Carduus,,,,,
HB_Colyer_July,0.005843852,Carpanthea,,,,,
HB_Colyer_July,0.289270687,Carthamus,,,,,
HB_Colyer_July,0.002921926,Castanea,,,,,
HB_Colyer_July,0.204534829,Celastrus,,,,,
HB_Colyer_July,19.27886863,Centaurea,,,,,
HB_Colyer_July,0.002921926,Christisonia,,,,,
HB_Colyer_July,0.122720898,Cicer,,,,,
HB_Colyer_July,0.666199158,Cichorium,,,,,
HB_Colyer_July,0.011687705,Cirsium,,,,,
HB_Colyer_July,0.002921926,Cleome,,,,,
HB_Colyer_July,0.002921926,Coffea,,,,,
HB_Colyer_July,0.002921926,Colubrina,,,,,
HB_Colyer_July,0.125642824,Coronilla,,,,,
HB_Colyer_July,0.002921926,Cotula,,,,,
HB_Colyer_July,0.140252454,Cuminia,,,,,
HB_Colyer_July,0.005843852,Cuscuta,,,,,
HB_Colyer_July,0.005843852,Cyclamen,,,,,
HB_Colyer_July,0.040906966,Cytisopsis,,,,,
HB_Colyer_July,0.058438523,Dendrotrophe,,,,,
HB_Colyer_July,0.002921926,Diospyros,,,,,
HB_Colyer_July,0.017531557,Dorycnium,,,,,
HB_Colyer_July,0.002921926,Echinacea,,,,,
HB_Colyer_July,0.008765778,Echium,,,,,
HB_Colyer_July,0.040906966,Elaeagnus,,,,,
HB_Colyer_July,0.002921926,Eleocharis,,,,,
HB_Colyer_July,0.002921926,Engelhardia,,,,,
HB_Colyer_July,0.002921926,Erigeron,,,,,
HB_Colyer_July,0.002921926,Euphrosyne,,,,,
HB_Colyer_July,0.008765778,Fatsia,,,,,
HB_Colyer_July,0.020453483,Forsythia,,,,,
HB_Colyer_July,0.005843852,Galactia,,,,,
HB_Colyer_July,0.014609631,Galatella,,,,,
HB_Colyer_July,0.002921926,Gastrolobium,,,,,
HB_Colyer_July,0.002921926,Geranium,,,,,
HB_Colyer_July,0.002921926,Geum,,,,,
HB_Colyer_July,0.023375409,Gleditsia,,,,,
HB_Colyer_July,0.005843852,Glycine,,,,,
HB_Colyer_July,0.017531557,Goodenia,,,,,
HB_Colyer_July,0.002921926,Grabowskia,,,,,
HB_Colyer_July,0.002921926,Greuteria,,,,,
HB_Colyer_July,0.002921926,Haloragis,,,,,
HB_Colyer_July,0.008765778,Hesperis,,,,,
HB_Colyer_July,0.002921926,Hieronyma,,,,,
HB_Colyer_July,0.125642824,Hovenia,,,,,
HB_Colyer_July,0.002921926,Humbertia,,,,,
HB_Colyer_July,0.008765778,Hymenonema,,,,,
HB_Colyer_July,0.023375409,Hyobanche,,,,,
HB_Colyer_July,0.002921926,Hypericum,,,,,
HB_Colyer_July,0.011687705,Jacobaea,,,,,
HB_Colyer_July,0.002921926,Jurinea,,,,,
HB_Colyer_July,0.002921926,Kingiodendron,,,,,
HB_Colyer_July,0.055516597,Klasea,,,,,
HB_Colyer_July,0.002921926,Krameria,,,,,
HB_Colyer_July,0.005843852,Lathyrus,,,,,
HB_Colyer_July,0.002921926,Leptoderris,,,,,
HB_Colyer_July,0.005843852,Leucopogon,,,,,
HB_Colyer_July,0.002921926,Ligustrum,,,,,
HB_Colyer_July,0.005843852,Liriodendron,,,,,
HB_Colyer_July,0.014609631,Logfia,,,,,
HB_Colyer_July,0.005843852,Lonicera,,,,,
HB_Colyer_July,30.16888733,Lotus,,,,,
HB_Colyer_July,0.002921926,Ludwigia,,,,,
HB_Colyer_July,0.011687705,Lysipomia,,,,,
HB_Colyer_July,0.002921926,Maianthemum,,,,,
HB_Colyer_July,0.017531557,Maireana,,,,,
HB_Colyer_July,0.011687705,Malus,,,,,
HB_Colyer_July,0.002921926,Maytenus,,,,,
HB_Colyer_July,0.002921926,Melampodium,,,,,
HB_Colyer_July,0.002921926,Melilotus,,,,,
HB_Colyer_July,0.084735858,Meryta,,,,,
HB_Colyer_July,0.002921926,Microlaena,,,,,
HB_Colyer_July,0.002921926,Mimusops,,,,,
HB_Colyer_July,0.017531557,Myriophyllum,,,,,
HB_Colyer_July,0.011687705,Myrmeconauclea,,,,,
HB_Colyer_July,0.002921926,Myrsine,,,,,
HB_Colyer_July,0.005843852,Nicotiana,,,,,
HB_Colyer_July,0.002921926,Nitraria,,,,,
HB_Colyer_July,0.008765778,Noltea,,,,,
HB_Colyer_July,0.073048153,Nyssa,,,,,
HB_Colyer_July,0.002921926,Odontarrhena,,,,,
HB_Colyer_July,0.005843852,Olearia,,,,,
HB_Colyer_July,0.09057971,Onosma,,,,,
HB_Colyer_July,0.002921926,Osmanthus,,,,,
HB_Colyer_July,0.005843852,Oxera,,,,,
HB_Colyer_July,0.002921926,Parthenium,,,,,
HB_Colyer_July,0.002921926,Pedicularis,,,,,
HB_Colyer_July,0.002921926,Perideridia,,,,,
HB_Colyer_July,0.002921926,Philenoptera,,,,,
HB_Colyer_July,0.002921926,Phleum,,,,,
HB_Colyer_July,0.002921926,Phyllanthus,,,,,
HB_Colyer_July,0.002921926,Physalis,,,,,
HB_Colyer_July,0.005843852,Physaria,,,,,
HB_Colyer_July,0.002921926,Phytolacca,,,,,
HB_Colyer_July,0.002921926,Plagiobasis,,,,,
HB_Colyer_July,0.055516597,Plantago,,,,,
HB_Colyer_July,0.002921926,Platylobium,,,,,
HB_Colyer_July,0.002921926,Podostemaceae,,,,,
HB_Colyer_July,0.023375409,Polycnemum,,,,,
HB_Colyer_July,0.008765778,Polygala,,,,,
HB_Colyer_July,0.002921926,Pomaria,,,,,
HB_Colyer_July,0.008765778,Potentilla,,,,,
HB_Colyer_July,0.008765778,Prenanthes,,,,,
HB_Colyer_July,0.002921926,Primulina,,,,,
HB_Colyer_July,0.014609631,Prunus,,,,,
HB_Colyer_July,0.002921926,Psychotria,,,,,
HB_Colyer_July,0.002921926,Psylliostachys,,,,,
HB_Colyer_July,0.064282375,Remya,,,,,
HB_Colyer_July,0.429523142,Rhaponticum,,,,,
HB_Colyer_July,0.002921926,Rhodiola,,,,,
HB_Colyer_July,0.014609631,Rhynchocorys,,,,,
HB_Colyer_July,0.014609631,Rosa,,,,,
HB_Colyer_July,0.040906966,Rubus,,,,,
HB_Colyer_July,0.002921926,Salix,,,,,
HB_Colyer_July,0.023375409,Sambucus,,,,,
HB_Colyer_July,2.883941094,Saussurea,,,,,
HB_Colyer_July,0.002921926,Saxifraga,,,,,
HB_Colyer_July,0.002921926,Scaevola,,,,,
HB_Colyer_July,0.002921926,Schinus,,,,,
HB_Colyer_July,0.002921926,Schlechtendalia,,,,,
HB_Colyer_July,0.008765778,Schottarum,,,,,
HB_Colyer_July,22.1043712,Securigera,,,,,
HB_Colyer_July,0.040906966,Senecio,,,,,
HB_Colyer_July,0.017531557,Senegalia,,,,,
HB_Colyer_July,0.058438523,Solanum,,,,,
HB_Colyer_July,0.002921926,Sorbus,,,,,
HB_Colyer_July,0.12856475,Spergularia,,,,,
HB_Colyer_July,0.002921926,Spiraea,,,,,
HB_Colyer_July,0.002921926,Stoebe,,,,,
HB_Colyer_July,0.002921926,Telanthophora,,,,,
HB_Colyer_July,0.002921926,Teucrium,,,,,
HB_Colyer_July,0.002921926,Tilia,,,,,
HB_Colyer_July,0.005843852,Tiquilia,,,,,
HB_Colyer_July,0.002921926,Trichogonia,,,,,
HB_Colyer_July,21.38557737,Trifolium,,,,,
HB_Colyer_July,0.002921926,Trymalium,,,,,
HB_Colyer_July,0.002921926,Trymatococcus,,,,,
HB_Colyer_July,0.002921926,Urophyllum,,,,,
HB_Colyer_July,0.017531557,Urospermum,,,,,
HB_Colyer_July,0.002921926,Uvedalia,,,,,
HB_Colyer_July,0.002921926,Van-royena,,,,,
HB_Colyer_July,0.005843852,Vicia,,,,,
HB_Colyer_July,0.002921926,Viola,,,,,
HB_Colyer_July,0.002921926,Xanthium,,,,,
HB_Colyer_July,0.002921926,Xanthocercis,,,,,
HB_FB_July,0.001196573,Abrothallus,,,,,
HB_FB_July,0.001196573,Acaena,,,,,
HB_FB_July,0.002393146,Acanthocalyx,,,,,
HB_FB_July,0.001196573,Acer,,,,,
HB_FB_July,0.002393146,Achimenes,,,,,
HB_FB_July,0.001196573,Actinidia,,,,,
HB_FB_July,0.001196573,Actinodaphne,,,,,
HB_FB_July,0.001196573,Adolphia,,,,,
HB_FB_July,0.002393146,Adoxa,,,,,
HB_FB_July,0.003589719,Aeginetia,,,,,
HB_FB_July,0.003589719,Afrocalliandra,,,,,
HB_FB_July,0.001196573,Agastache,,,,,
HB_FB_July,0.008376011,Agrostis,,,,,
HB_FB_July,0.001196573,Aizoanthemum,,,,,
HB_FB_July,0.002393146,Aizoon,,,,,
HB_FB_July,0.002393146,Alchemilla,,,,,
HB_FB_July,0.009572584,Alectra,,,,,
HB_FB_July,0.007179438,Allophylus,,,,,
HB_FB_July,0.001196573,Alnus,,,,,
HB_FB_July,0.001196573,Alphitonia,,,,,
HB_FB_July,0.004786292,Alternanthera,,,,,
HB_FB_July,0.003589719,Ammodaucus,,,,,
HB_FB_July,0.002393146,Amorphophallus,,,,,
HB_FB_July,0.017948595,Amphidasya,,,,,
HB_FB_July,0.526492127,Amphithalea,,,,,
HB_FB_July,0.057435505,Anemone,,,,,
HB_FB_July,0.001196573,Anisophyllea,,,,,
HB_FB_July,0.001196573,Anthyllis,,,,,
HB_FB_July,0.029914325,Antirrhinum,,,,,
HB_FB_July,0.008376011,Antopetitia,,,,,
HB_FB_July,0.001196573,Arabis,,,,,
HB_FB_July,0.002393146,Ateleia,,,,,
HB_FB_July,0.002393146,Atocion,,,,,
HB_FB_July,0.003589719,Atriplex,,,,,
HB_FB_July,0.058632078,Baliospermum,,,,,
HB_FB_July,0.137605897,Brandisia,,,,,
HB_FB_July,0.001196573,Brassaiopsis,,,,,
HB_FB_July,0.175896233,Brassica,,,,,
HB_FB_July,0.003589719,Bupleurum,,,,,
HB_FB_July,0.004786292,Bursera,,,,,
HB_FB_July,0.045469775,Calliandra,,,,,
HB_FB_July,0.001196573,Callirhoe,,,,,
HB_FB_July,0.001196573,Camellia,,,,,
HB_FB_July,0.002393146,Campanula,,,,,
HB_FB_July,0.002393146,Cantua,,,,,
HB_FB_July,0.001196573,Capuronianthus,,,,,
HB_FB_July,0.001196573,Carapichea,,,,,
HB_FB_July,0.001196573,Carduus,,,,,
HB_FB_July,0.001196573,Caroxylon,,,,,
HB_FB_July,0.019145168,Castanea,,,,,
HB_FB_July,0.008376011,Castelnavia,,,,,
HB_FB_July,0.230938592,Celastrus,,,,,
HB_FB_July,0.003589719,Celtis,,,,,
HB_FB_July,0.001196573,Cenostigma,,,,,
HB_FB_July,0.001196573,Cephalanthus,,,,,
HB_FB_July,0.001196573,Chalepophyllum,,,,,
HB_FB_July,0.003589719,Chelidonium,,,,,
HB_FB_July,0.002393146,Chenopodium,,,,,
HB_FB_July,0.003589719,Chionanthus,,,,,
HB_FB_July,0.028717752,Christisonia,,,,,
HB_FB_July,0.003589719,Chrysolepis,,,,,
HB_FB_July,0.004786292,Cicer,,,,,
HB_FB_July,0.001196573,Clarkia,,,,,
HB_FB_July,0.002393146,Clematis,,,,,
HB_FB_July,0.001196573,Clematoclethra,,,,,
HB_FB_July,0.015555449,Cleome,,,,,
HB_FB_July,0.001196573,Clinopodium,,,,,
HB_FB_July,0.003589719,Coffea,,,,,
HB_FB_July,0.001196573,Coincya,,,,,
HB_FB_July,0.001196573,Colliguaja,,,,,
HB_FB_July,0.002393146,Colombobalanus,,,,,
HB_FB_July,0.019145168,Colubrina,,,,,
HB_FB_July,0.001196573,Coluria,,,,,
HB_FB_July,0.017948595,Combretum,,,,,
HB_FB_July,0.001196573,Cornus,,,,,
HB_FB_July,0.093332695,Coronilla,,,,,
HB_FB_July,0.001196573,Couepia,,,,,
HB_FB_July,0.007179438,Coursetia,,,,,
HB_FB_July,0.004786292,Crassula,,,,,
HB_FB_July,0.001196573,Cremaspora,,,,,
HB_FB_July,0.002393146,Cremosperma,,,,,
HB_FB_July,0.002393146,Crenea,,,,,
HB_FB_July,0.002393146,Croton,,,,,
HB_FB_July,0.007179438,Cryptandra,,,,,
HB_FB_July,0.002393146,Cuscuta,,,,,
HB_FB_July,0.001196573,Cyclamen,,,,,
HB_FB_July,0.005982865,Cyrtandra,,,,,
HB_FB_July,0.01196573,Dasymaschalon,,,,,
HB_FB_July,0.026324606,Dasyphyllum,,,,,
HB_FB_July,0.001196573,Deinbollia,,,,,
HB_FB_July,0.001196573,Dentella,,,,,
HB_FB_July,0.001196573,Diposis,,,,,
HB_FB_July,0.001196573,Distimake,,,,,
HB_FB_July,0.004786292,Dodonaea,,,,,
HB_FB_July,0.098118987,Dolichlasium,,,,,
HB_FB_July,0.001196573,Donatia,,,,,
HB_FB_July,0.001196573,Echiochilon,,,,,
HB_FB_July,0.003589719,Echium,,,,,
HB_FB_July,0.001196573,Egeria,,,,,
HB_FB_July,0.053845786,Elaeagnus,,,,,
HB_FB_July,0.003589719,Elymus,,,,,
HB_FB_July,0.001196573,Erica,,,,,
HB_FB_July,0.002393146,Erythrostemon,,,,,
HB_FB_July,0.001196573,Eucalyptus,,,,,
HB_FB_July,0.001196573,Euphrasia,,,,,
HB_FB_July,0.001196573,Euphrosyne,,,,,
HB_FB_July,0.001196573,Fallugia,,,,,
HB_FB_July,0.625807687,Fatsia,,,,,
HB_FB_July,0.007179438,Ficus,,,,,
HB_FB_July,0.001196573,Fleroya,,,,,
HB_FB_July,0.003589719,Forstera,,,,,
HB_FB_July,0.001196573,Forsythia,,,,,
HB_FB_July,0.001196573,Fuscospora,,,,,
HB_FB_July,0.003589719,Gasteranthus,,,,,
HB_FB_July,0.001196573,Genista,,,,,
HB_FB_July,0.001196573,Geophila,,,,,
HB_FB_July,0.007179438,Geranium,,,,,
HB_FB_July,0.020341741,Geum,,,,,
HB_FB_July,0.015555449,Giliastrum,,,,,
HB_FB_July,0.010769157,Gillenia,,,,,
HB_FB_July,0.013162303,Glycine,,,,,
HB_FB_July,0.002393146,Gontscharovia,,,,,
HB_FB_July,0.001196573,Goodenia,,,,,
HB_FB_July,0.001196573,Goodia,,,,,
HB_FB_July,0.001196573,Grabowskia,,,,,
HB_FB_July,0.001196573,Griffinia,,,,,
HB_FB_July,0.001196573,Gymnocladus,,,,,
HB_FB_July,0.001196573,Halopeplis,,,,,
HB_FB_July,0.002393146,Halothamnus,,,,,
HB_FB_July,0.003589719,Hardwickia,,,,,
HB_FB_July,0.001196573,Haydenoxylon,,,,,
HB_FB_July,0.017948595,Hedera,,,,,
HB_FB_July,0.002393146,Hedyotis,,,,,
HB_FB_July,0.001196573,Hedysarum,,,,,
HB_FB_July,0.002393146,Helinus,,,,,
HB_FB_July,0.003589719,Helleborus,,,,,
HB_FB_July,0.002393146,Heracleum,,,,,
HB_FB_July,0.007179438,Hesperis,,,,,
HB_FB_July,0.001196573,Hoffmannseggia,,,,,
HB_FB_July,0.002393146,Houstonia,,,,,
HB_FB_July,0.028717752,Hovenia,,,,,
HB_FB_July,0.001196573,Howellia,,,,,
HB_FB_July,0.001196573,Hymenocoleus,,,,,
HB_FB_July,0.09931556,Hyobanche,,,,,
HB_FB_July,0.015555449,Hypericum,,,,,
HB_FB_July,0.001196573,Hypocalyptus,,,,,
HB_FB_July,0.002393146,Indigofera,,,,,
HB_FB_July,0.005982865,Ipomoea,,,,,
HB_FB_July,0.001196573,Isodon,,,,,
HB_FB_July,0.004786292,Jacobaea,,,,,
HB_FB_July,0.071794381,Jacquemontia,,,,,
HB_FB_July,0.001196573,Kingiodendron,,,,,
HB_FB_July,0.003589719,Knautia,,,,,
HB_FB_July,0.002393146,Koenigia,,,,,
HB_FB_July,0.044273202,Kohleria,,,,,
HB_FB_July,0.001196573,Kolkwitzia,,,,,
HB_FB_July,0.003589719,Krameria,,,,,
HB_FB_July,0.001196573,Lagenophora,,,,,
HB_FB_July,0.001196573,Laportea,,,,,
HB_FB_July,0.001196573,Lasianthus,,,,,
HB_FB_July,0.001196573,Lens,,,,,
HB_FB_July,0.001196573,Lepisanthes,,,,,
HB_FB_July,0.045469775,Linanthus,,,,,
HB_FB_July,0.01196573,Liquidambar,,,,,
HB_FB_July,0.001196573,Liriodendron,,,,,
HB_FB_July,0.001196573,Lomatium,,,,,
HB_FB_July,0.002393146,Lonicera,,,,,
HB_FB_July,0.039486909,Lotus,,,,,
HB_FB_July,0.001196573,Lyrocarpa,,,,,
HB_FB_July,0.004786292,Lysipomia,,,,,
HB_FB_July,0.055042359,Magnoliophyta,,,,,
HB_FB_July,0.001196573,Magodendron,,,,,
HB_FB_July,0.001196573,Maireana,,,,,
HB_FB_July,0.001196573,Malus,,,,,
HB_FB_July,0.001196573,Mammea,,,,,
HB_FB_July,0.007179438,Maytenus,,,,,
HB_FB_July,0.001196573,Meryta,,,,,
HB_FB_July,0.001196573,Mimophytum,,,,,
HB_FB_July,0.001196573,Monopteryx,,,,,
HB_FB_July,0.001196573,Morinda,,,,,
HB_FB_July,0.001196573,Mostacillastrum,,,,,
HB_FB_July,0.001196573,Myoporum,,,,,
HB_FB_July,0.007179438,Myriophyllum,,,,,
HB_FB_July,0.077777246,Myrmeconauclea,,,,,
HB_FB_July,0.005982865,Nauclea,,,,,
HB_FB_July,0.001196573,Neillia,,,,,
HB_FB_July,0.001196573,Nephelium,,,,,
HB_FB_July,0.033504044,Nicotiana,,,,,
HB_FB_July,0.001196573,Notopleura,,,,,
HB_FB_July,0.001196573,Nymphoides,,,,,
HB_FB_July,0.001196573,Nyssa,,,,,
HB_FB_July,0.003589719,Oldenlandia,,,,,
HB_FB_July,0.001196573,Onobrychis,,,,,
HB_FB_July,0.065811516,Onosma,,,,,
HB_FB_July,0.001196573,Opuntia,,,,,
HB_FB_July,0.001196573,Oreobliton,,,,,
HB_FB_July,0.001196573,Origanum,,,,,
HB_FB_July,0.008376011,Osmanthus,,,,,
HB_FB_July,0.001196573,Osmoxylon,,,,,
HB_FB_July,0.001196573,Ostrearia,,,,,
HB_FB_July,0.001196573,Pamianthe,,,,,
HB_FB_July,0.001196573,Parrotia,,,,,
HB_FB_July,0.001196573,Pedicularis,,,,,
HB_FB_July,0.003589719,Pelargonium,,,,,
HB_FB_July,0.002393146,Philenoptera,,,,,
HB_FB_July,0.082563538,Physaria,,,,,
HB_FB_July,0.001196573,Phytolacca,,,,,
HB_FB_July,0.002393146,Pipturus,,,,,
HB_FB_July,0.002393146,Pittosporum,,,,,
HB_FB_July,0.002393146,Planchonella,,,,,
HB_FB_July,0.001196573,Plantago,,,,,
HB_FB_July,0.002393146,Platylobium,,,,,
HB_FB_July,0.003589719,Platymiscium,,,,,
HB_FB_July,0.009572584,Poa,,,,,
HB_FB_July,0.002393146,Podolotus,,,,,
HB_FB_July,0.002393146,Polianthion,,,,,
HB_FB_July,0.165127076,Polycnemum,,,,,
HB_FB_July,0.001196573,Polygonum,,,,,
HB_FB_July,0.001196573,Polylepis,,,,,
HB_FB_July,0.045469775,Pomaria,,,,,
HB_FB_July,0.001196573,Posoqueria,,,,,
HB_FB_July,0.003589719,Potentilla,,,,,
HB_FB_July,0.009572584,Pouteria,,,,,
HB_FB_July,0.002393146,Pravinaria,,,,,
HB_FB_July,0.002393146,Proboscidea,,,,,
HB_FB_July,0.026324606,Prunus,,,,,
HB_FB_July,0.004786292,Psychotria,,,,,
HB_FB_July,0.01196573,Psylliostachys,,,,,
HB_FB_July,0.020341741,Quercus,,,,,
HB_FB_July,0.001196573,Ramorinoa,,,,,
HB_FB_July,0.001196573,Ranunculus,,,,,
HB_FB_July,0.001196573,Reevesia,,,,,
HB_FB_July,0.002393146,Rhododendron,,,,,
HB_FB_July,0.001196573,Rhodoleia,,,,,
HB_FB_July,0.003589719,Ribes,,,,,
HB_FB_July,0.001196573,Robinia,,,,,
HB_FB_July,0.008376011,Rosa,,,,,
HB_FB_July,0.043076629,Rubus,,,,,
HB_FB_July,0.001196573,Rumex,,,,,
HB_FB_July,0.001196573,Salaciopsis,,,,,
HB_FB_July,0.002393146,Salix,,,,,
HB_FB_July,0.016752022,Salsola,,,,,
HB_FB_July,40.05528167,Sambucus,,,,,
HB_FB_July,0.001196573,Sanicula,,,,,
HB_FB_July,0.001196573,Saxifraga,,,,,
HB_FB_July,0.001196573,Scaevola,,,,,
HB_FB_July,0.002393146,Schistocarpaea,,,,,
HB_FB_July,0.001196573,Schradera,,,,,
HB_FB_July,0.001196573,Scorzonera,,,,,
HB_FB_July,0.016752022,Scrophularia,,,,,
HB_FB_July,54.53142201,Securigera,,,,,
HB_FB_July,0.005982865,Sedum,,,,,
HB_FB_July,0.001196573,Senecio,,,,,
HB_FB_July,0.057435505,Senegalia,,,,,
HB_FB_July,0.01196573,Sesbania,,,,,
HB_FB_July,0.001196573,Sinapis,,,,,
HB_FB_July,0.002393146,Sinocrassula,,,,,
HB_FB_July,0.659311731,Solanum,,,,,
HB_FB_July,0.002393146,Sopubia,,,,,
HB_FB_July,0.017948595,Spergularia,,,,,
HB_FB_July,0.001196573,Stenosiphonium,,,,,
HB_FB_July,0.009572584,Stewartia,,,,,
HB_FB_July,0.001196573,Stockwellia,,,,,
HB_FB_July,0.001196573,Streptocarpus,,,,,
HB_FB_July,0.001196573,Striga,,,,,
HB_FB_July,0.001196573,Strychnos,,,,,
HB_FB_July,0.002393146,Styrax,,,,,
HB_FB_July,0.001196573,Suaeda,,,,,
HB_FB_July,0.166323649,Syringa,,,,,
HB_FB_July,0.001196573,Tamonea,,,,,
HB_FB_July,0.005982865,Tara,,,,,
HB_FB_July,0.046666348,Tarenaya,,,,,
HB_FB_July,0.001196573,Thermopsis,,,,,
HB_FB_July,0.004786292,Thouinia,,,,,
HB_FB_July,0.017948595,Tilia,,,,,
HB_FB_July,0.001196573,Tina,,,,,
HB_FB_July,0.001196573,Titanotrichum,,,,,
HB_FB_July,0.001196573,Tovomitopsis,,,,,
HB_FB_July,0.002393146,Toxicodendron,,,,,
HB_FB_July,0.001196573,Trachymene,,,,,
HB_FB_July,0.002393146,Trevesia,,,,,
HB_FB_July,0.002393146,Triaenophora,,,,,
HB_FB_July,0.001196573,Trichogonia,,,,,
HB_FB_July,0.431962858,Trifolium,,,,,
HB_FB_July,0.001196573,Trigonella,,,,,
HB_FB_July,0.007179438,Tzeltalia,,,,,
HB_FB_July,0.003589719,Urceola,,,,,
HB_FB_July,0.002393146,Uvedalia,,,,,
HB_FB_July,0.001196573,Veronicastrum,,,,,
HB_FB_July,0.003589719,Viburnum,,,,,
HB_FB_July,0.002393146,Villarsia,,,,,
HB_FB_July,0.03589719,Virectaria,,,,,
HB_FB_July,0.001196573,Weigela,,,,,
HB_FB_July,0.001196573,Xanthocercis,,,,,
HB_FB_July,0.001196573,Xeroderris,,,,,
HB_FB_July,0.001196573,Ziziphus,,,,,
HB_FB_July,0.001196573,Zostera,,,,,
HB_Hyner_July,0.013832534,Aethionema,,,,,
HB_Hyner_July,0.009221689,Agoseris,,,,,
HB_Hyner_July,0.013832534,Alternanthera,,,,,
HB_Hyner_July,0.023054224,Amorphophallus,,,,,
HB_Hyner_July,0.165990409,Amphithalea,,,,,
HB_Hyner_July,0.013832534,Anemone,,,,,
HB_Hyner_July,0.004610845,Antiphytum,,,,,
HB_Hyner_July,0.004610845,Antirrhinum,,,,,
HB_Hyner_July,0.009221689,Arabidopsis,,,,,
HB_Hyner_July,0.004610845,Arabis,,,,,
HB_Hyner_July,0.009221689,Baptisia,,,,,
HB_Hyner_July,0.023054224,Betula,,,,,
HB_Hyner_July,0.004610845,Bornmuellera,,,,,
HB_Hyner_July,0.036886758,Brandisia,,,,,
HB_Hyner_July,30.82810771,Brassica,,,,,
HB_Hyner_July,0.138325341,Bursera,,,,,
HB_Hyner_July,0.004610845,Calandrinia,,,,,
HB_Hyner_July,0.018443379,Calliandra,,,,,
HB_Hyner_July,0.004610845,Calyculogygas,,,,,
HB_Hyner_July,0.004610845,Camptotheca,,,,,
HB_Hyner_July,0.009221689,Capsicum,,,,,
HB_Hyner_July,0.004610845,Carapa,,,,,
HB_Hyner_July,0.032275913,Cardamine,,,,,
HB_Hyner_July,0.004610845,Castanea,,,,,
HB_Hyner_July,0.036886758,Caulanthus,,,,,
HB_Hyner_July,0.092216894,Celastrus,,,,,
HB_Hyner_July,0.013832534,Ceratocnemum,,,,,
HB_Hyner_July,0.004610845,Chenopodium,,,,,
HB_Hyner_July,0.032275913,Cirsium,,,,,
HB_Hyner_July,0.013832534,Cladrastis,,,,,
HB_Hyner_July,0.004610845,Clarkia,,,,,
HB_Hyner_July,0.004610845,Clematis,,,,,
HB_Hyner_July,0.004610845,Cliffortia,,,,,
HB_Hyner_July,18.2036149,Coincya,,,,,
HB_Hyner_July,0.036886758,Colubrina,,,,,
HB_Hyner_July,0.004610845,Conringia,,,,,
HB_Hyner_July,0.004610845,Conzattia,,,,,
HB_Hyner_July,0.004610845,Cordylocarpus,,,,,
HB_Hyner_July,0.133714496,Coronilla,,,,,
HB_Hyner_July,0.004610845,Cotoneaster,,,,,
HB_Hyner_July,0.004610845,Crambe,,,,,
HB_Hyner_July,0.009221689,Croton,,,,,
HB_Hyner_July,0.295094061,Cucumis,,,,,
HB_Hyner_July,0.004610845,Cuphea,,,,,
HB_Hyner_July,0.004610845,Cuprella,,,,,
HB_Hyner_July,0.009221689,Cyphocardamum,,,,,
HB_Hyner_July,0.004610845,Degenia,,,,,
HB_Hyner_July,0.004610845,Derris,,,,,
HB_Hyner_July,0.009221689,Diospyros,,,,,
HB_Hyner_July,0.046108447,Diplotaxis,,,,,
HB_Hyner_July,0.004610845,Distimake,,,,,
HB_Hyner_July,0.004610845,Dorstenia,,,,,
HB_Hyner_July,0.004610845,Dracocephalum,,,,,
HB_Hyner_July,0.018443379,Echium,,,,,
HB_Hyner_July,0.004610845,Eigia,,,,,
HB_Hyner_July,0.013832534,Elaeagnus,,,,,
HB_Hyner_July,0.004610845,Endlicheria,,,,,
HB_Hyner_July,0.004610845,Eremophyton,,,,,
HB_Hyner_July,0.013832534,Erigeron,,,,,
HB_Hyner_July,0.31353744,Eruca,,,,,
HB_Hyner_July,0.004610845,Erucastrum,,,,,
HB_Hyner_July,0.580966433,Erysimum,,,,,
HB_Hyner_July,0.004610845,Fatsia,,,,,
HB_Hyner_July,0.004610845,Ficus,,,,,
HB_Hyner_July,0.359645887,Fortuynia,,,,,
HB_Hyner_July,1.609184803,Fourraea,,,,,
HB_Hyner_July,0.004610845,Garnieria,,,,,
HB_Hyner_July,0.013832534,Geranium,,,,,
HB_Hyner_July,0.013832534,Gleditsia,,,,,
HB_Hyner_July,0.004610845,Guioa,,,,,
HB_Hyner_July,0.004610845,Guiraoa,,,,,
HB_Hyner_July,0.073773515,Halimolobos,,,,,
HB_Hyner_July,0.004610845,Halocharis,,,,,
HB_Hyner_July,0.004610845,Helinus,,,,,
HB_Hyner_July,0.004610845,Heliotropium,,,,,
HB_Hyner_July,0.004610845,Hibiscus,,,,,
HB_Hyner_July,0.009221689,Hovenia,,,,,
HB_Hyner_July,0.027665068,Hydrangea,,,,,
HB_Hyner_July,0.036886758,Hyobanche,,,,,
HB_Hyner_July,0.023054224,Hypericum,,,,,
HB_Hyner_July,0.018443379,Jacobaea,,,,,
HB_Hyner_July,0.009221689,Kalmia,,,,,
HB_Hyner_July,0.004610845,Kolkwitzia,,,,,
HB_Hyner_July,0.004610845,Ladakiella,,,,,
HB_Hyner_July,0.004610845,Lathyrus,,,,,
HB_Hyner_July,0.004610845,Lavatera,,,,,
HB_Hyner_July,0.032275913,Lepidium,,,,,
HB_Hyner_July,0.004610845,Lepisanthes,,,,,
HB_Hyner_July,0.004610845,Leucanthemum,,,,,
HB_Hyner_July,0.018443379,Linaria,,,,,
HB_Hyner_July,0.004610845,Liriodendron,,,,,
HB_Hyner_July,0.115271118,Lotus,,,,,
HB_Hyner_July,0.244374769,Magnoliophyta,,,,,
HB_Hyner_July,0.009221689,Malus,,,,,
HB_Hyner_July,0.004610845,Maytenus,,,,,
HB_Hyner_July,0.004610845,Momordica,,,,,
HB_Hyner_July,0.004610845,Monopteryx,,,,,
HB_Hyner_July,1.590741424,Mostacillastrum,,,,,
HB_Hyner_July,0.013832534,Myrmeconauclea,,,,,
HB_Hyner_July,0.110660273,Nasturtiopsis,,,,,
HB_Hyner_July,0.013832534,Nyssa,,,,,
HB_Hyner_July,0.004610845,Odontarrhena,,,,,
HB_Hyner_July,0.212098857,Onosma,,,,,
HB_Hyner_July,0.004610845,Ostryocarpus,,,,,
HB_Hyner_July,0.663961638,Oxalis,,,,,
HB_Hyner_July,0.004610845,Oxypolis,,,,,
HB_Hyner_July,0.013832534,Pachycladon,,,,,
HB_Hyner_July,0.004610845,Penstemon,,,,,
HB_Hyner_July,0.004610845,Petromarula,,,,,
HB_Hyner_July,0.013832534,Phleum,,,,,
HB_Hyner_July,0.036886758,Physaria,,,,,
HB_Hyner_July,0.055330136,Pimelea,,,,,
HB_Hyner_July,0.004610845,Pipturus,,,,,
HB_Hyner_July,0.004610845,Planchonella,,,,,
HB_Hyner_July,0.023054224,Plantago,,,,,
HB_Hyner_July,0.004610845,Podolotus,,,,,
HB_Hyner_July,0.050719292,Polycnemum,,,,,
HB_Hyner_July,0.004610845,Polygonum,,,,,
HB_Hyner_July,0.004610845,Polylepis,,,,,
HB_Hyner_July,0.009221689,Pomaria,,,,,
HB_Hyner_July,0.004610845,Primulina,,,,,
HB_Hyner_July,0.004610845,Proboscidea,,,,,
HB_Hyner_July,0.004610845,Prunus,,,,,
HB_Hyner_July,0.004610845,Pseudoturritis,,,,,
HB_Hyner_July,0.023054224,Psychotria,,,,,
HB_Hyner_July,0.073773515,Raphanus,,,,,
HB_Hyner_July,0.013832534,Rhammatophyllum,,,,,
HB_Hyner_July,0.013832534,Rhododendron,,,,,
HB_Hyner_July,0.036886758,Rosa,,,,,
HB_Hyner_July,0.023054224,Rubus,,,,,
HB_Hyner_July,0.004610845,Sagittaria,,,,,
HB_Hyner_July,0.018443379,Salix,,,,,
HB_Hyner_July,0.004610845,Salsola,,,,,
HB_Hyner_July,0.004610845,Sambucus,,,,,
HB_Hyner_July,0.009221689,Saxifraga,,,,,
HB_Hyner_July,0.004610845,Schouwia,,,,,
HB_Hyner_July,0.004610845,Scoliaxon,,,,,
HB_Hyner_July,42.25839174,Securigera,,,,,
HB_Hyner_July,0.018443379,Senegalia,,,,,
HB_Hyner_July,0.004610845,Sibara,,,,,
HB_Hyner_July,0.041497602,Sibaropsis,,,,,
HB_Hyner_July,0.013832534,Sinalliaria,,,,,
HB_Hyner_July,0.036886758,Sinapis,,,,,
HB_Hyner_July,0.004610845,Sobolewskia,,,,,
HB_Hyner_July,0.193655478,Solanum,,,,,
HB_Hyner_July,0.004610845,Solms-laubachia,,,,,
HB_Hyner_July,0.004610845,Spergularia,,,,,
HB_Hyner_July,0.018443379,Streptanthus,,,,,
HB_Hyner_July,0.004610845,Stylisma,,,,,
HB_Hyner_July,0.004610845,Stylosanthes,,,,,
HB_Hyner_July,0.073773515,Succowia,,,,,
HB_Hyner_July,0.004610845,Tanacetum,,,,,
HB_Hyner_July,0.023054224,Tilia,,,,,
HB_Hyner_July,0.004610845,Torminalis,,,,,
HB_Hyner_July,0.004610845,Tovomita,,,,,
HB_Hyner_July,0.004610845,Trachystoma,,,,,
HB_Hyner_July,0.013832534,Trifolium,,,,,
HB_Hyner_July,0.004610845,Tylopsacas,,,,,
HB_Hyner_July,0.009221689,Urceola,,,,,
HB_Hyner_July,0.004610845,Uvedalia,,,,,
HB_Hyner_July,0.004610845,Vella,,,,,
HB_Hyner_July,0.004610845,Vicia,,,,,
HB_Hyner_July,0.004610845,Vigna,,,,,
HB_Hyner_July,0.013832534,Viola,,,,,
HB_Hyner_July,0.018443379,Warea,,,,,
HB_Hyner_July,0.032275913,Zahora,,,,,
HB_Hyner_July,0.004610845,Zostera,,,,,
HB_RR1_July,0.000994906,Acacia,,,,,
HB_RR1_July,0.001989812,Acaena,,,,,
HB_RR1_July,0.000994906,Acalypha,,,,,
HB_RR1_July,0.003979624,Acanthocalyx,,,,,
HB_RR1_July,0.026862464,Acer,,,,,
HB_RR1_July,0.001989812,Achillea,,,,,
HB_RR1_July,0.000994906,Acmispon,,,,,
HB_RR1_July,0.001989812,Actinocheita,,,,,
HB_RR1_July,0.000994906,Adesmia,,,,,
HB_RR1_July,0.000994906,Afrocalliandra,,,,,
HB_RR1_July,0.000994906,Aganope,,,,,
HB_RR1_July,0.000994906,Agrostis,,,,,
HB_RR1_July,0.000994906,Aidia,,,,,
HB_RR1_July,0.001989812,Aizoon,,,,,
HB_RR1_July,0.001989812,Alectra,,,,,
HB_RR1_July,0.010943967,Allophylus,,,,,
HB_RR1_July,0.000994906,Alternanthera,,,,,
HB_RR1_July,0.000994906,Amicia,,,,,
HB_RR1_July,0.001989812,Ammodaucus,,,,,
HB_RR1_July,0.000994906,Ampelocissus,,,,,
HB_RR1_July,0.002984718,Amphidasya,,,,,
HB_RR1_July,0.766077682,Amphithalea,,,,,
HB_RR1_July,0.000994906,Andryala,,,,,
HB_RR1_July,0.00497453,Anemone,,,,,
HB_RR1_July,0.000994906,Anisophyllea,,,,,
HB_RR1_July,0.016913403,Antirrhinum,,,,,
HB_RR1_July,0.017908309,Antopetitia,,,,,
HB_RR1_July,0.002984718,Aphananthe,,,,,
HB_RR1_July,0.000994906,Aponogeton,,,,,
HB_RR1_July,0.00497453,Arabis,,,,,
HB_RR1_July,0.000994906,Aralia,,,,,
HB_RR1_July,0.005969436,Aristotelia,,,,,
HB_RR1_July,0.014923591,Arrhenatherum,,,,,
HB_RR1_July,0.001989812,Artemisia,,,,,
HB_RR1_July,0.000994906,Artia,,,,,
HB_RR1_July,0.000994906,Artocarpus,,,,,
HB_RR1_July,0.002984718,Ateleia,,,,,
HB_RR1_July,0.000994906,Atocion,,,,,
HB_RR1_July,0.001989812,Atrichoseris,,,,,
HB_RR1_July,0.00497453,Atriplex,,,,,
HB_RR1_July,0.001989812,Azara,,,,,
HB_RR1_July,0.007959249,Baliospermum,,,,,
HB_RR1_July,0.000994906,Baptisia,,,,,
HB_RR1_July,0.001989812,Berberis,,,,,
HB_RR1_July,0.000994906,Berchemia,,,,,
HB_RR1_July,0.000994906,Betula,,,,,
HB_RR1_July,0.001989812,Biophytum,,,,,
HB_RR1_July,0.000994906,Bocoa,,,,,
HB_RR1_July,0.000994906,Bossiaea,,,,,
HB_RR1_July,0.009949061,Brachystelma,,,,,
HB_RR1_July,0.180078001,Brandisia,,,,,
HB_RR1_July,0.013928685,Brassica,,,,,
HB_RR1_July,0.000994906,Bretschneidera,,,,,
HB_RR1_July,0.000994906,Bromus,,,,,
HB_RR1_July,0.000994906,Brosimum,,,,,
HB_RR1_July,0.008954155,Burmannia,,,,,
HB_RR1_July,0.005969436,Bursera,,,,,
HB_RR1_July,0.070638332,Calliandra,,,,,
HB_RR1_July,0.001989812,Calophyllum,,,,,
HB_RR1_July,0.001989812,Camellia,,,,,
HB_RR1_July,0.002984718,Campanula,,,,,
HB_RR1_July,0.000994906,Canella,,,,,
HB_RR1_July,0.000994906,Canthium,,,,,
HB_RR1_July,0.000994906,Capsicum,,,,,
HB_RR1_July,0.000994906,Carduus,,,,,
HB_RR1_July,0.002984718,Carpanthea,,,,,
HB_RR1_July,0.000994906,Cassipourea,,,,,
HB_RR1_July,0.005969436,Castanea,,,,,
HB_RR1_July,0.005969436,Castelnavia,,,,,
HB_RR1_July,0.000994906,Castilleja,,,,,
HB_RR1_July,0.234797835,Celastrus,,,,,
HB_RR1_July,0.000994906,Celtis,,,,,
HB_RR1_July,0.001989812,Centaurea,,,,,
HB_RR1_July,0.000994906,Cephalanthus,,,,,
HB_RR1_July,0.000994906,Cerastium,,,,,
HB_RR1_July,0.002984718,Cercis,,,,,
HB_RR1_July,0.002984718,Chamaecrista,,,,,
HB_RR1_July,0.003979624,Chelidonium,,,,,
HB_RR1_July,0.009949061,Chenopodium,,,,,
HB_RR1_July,0.010943967,Chionanthus,,,,,
HB_RR1_July,0.002984718,Chlorella,,,,,
HB_RR1_July,0.005969436,Christisonia,,,,,
HB_RR1_July,0.003979624,Chrysanthemum,,,,,
HB_RR1_July,0.003979624,Cicer,,,,,
HB_RR1_July,0.001989812,Cinnamomum,,,,,
HB_RR1_July,0.000994906,Cirsium,,,,,
HB_RR1_July,0.001989812,Cissus,,,,,
HB_RR1_July,0.002984718,Cladrastis,,,,,
HB_RR1_July,0.000994906,Clarkia,,,,,
HB_RR1_July,0.001989812,Clematis,,,,,
HB_RR1_July,0.000994906,Cleome,,,,,
HB_RR1_July,0.000994906,Clinopodium,,,,,
HB_RR1_July,0.002984718,Clusia,,,,,
HB_RR1_July,0.001989812,Coffea,,,,,
HB_RR1_July,0.000994906,Coincya,,,,,
HB_RR1_July,0.000994906,Colliguaja,,,,,
HB_RR1_July,0.006964343,Colubrina,,,,,
HB_RR1_July,0.026862464,Combretum,,,,,
HB_RR1_July,0.002984718,Cornus,,,,,
HB_RR1_July,0.075612862,Coronilla,,,,,
HB_RR1_July,0.000994906,Cortaderia,,,,,
HB_RR1_July,0.001989812,Crataegus,,,,,
HB_RR1_July,0.023877746,Cremaspora,,,,,
HB_RR1_July,0.002984718,Cremosperma,,,,,
HB_RR1_July,0.00497453,Cryptandra,,,,,
HB_RR1_July,0.000994906,Cuphea,,,,,
HB_RR1_July,0.003979624,Cuscuta,,,,,
HB_RR1_July,0.023877746,Cyrtandra,,,,,
HB_RR1_July,0.001989812,Dactylis,,,,,
HB_RR1_July,0.001989812,Daucus,,,,,
HB_RR1_July,0.006964343,Deinbollia,,,,,
HB_RR1_July,0.000994906,Delphinium,,,,,
HB_RR1_July,0.000994906,Dendrotrophe,,,,,
HB_RR1_July,0.001989812,Denisophytum,,,,,
HB_RR1_July,0.000994906,Dichelostemma,,,,,
HB_RR1_July,0.001989812,Digitalis,,,,,
HB_RR1_July,0.000994906,Dimorphocalyx,,,,,
HB_RR1_July,0.000994906,Diospyros,,,,,
HB_RR1_July,0.002984718,Dipsacus,,,,,
HB_RR1_July,0.000994906,Distimake,,,,,
HB_RR1_July,0.003979624,Dorstenia,,,,,
HB_RR1_July,0.000994906,Draba,,,,,
HB_RR1_July,0.000994906,Ducrosia,,,,,
HB_RR1_July,0.003979624,Echinophora,,,,,
HB_RR1_July,0.002984718,Echium,,,,,
HB_RR1_July,0.066658707,Elaeagnus,,,,,
HB_RR1_July,0.000994906,Endospermum,,,,,
HB_RR1_July,0.020893028,Epilobium,,,,,
HB_RR1_July,0.002984718,Erythroseris,,,,,
HB_RR1_July,0.002984718,Erythroxylum,,,,,
HB_RR1_July,0.000994906,Euphorbiaceae,,,,,
HB_RR1_July,0.000994906,Euphrasia,,,,,
HB_RR1_July,0.000994906,Fallugia,,,,,
HB_RR1_July,0.011938873,Fatsia,,,,,
HB_RR1_July,0.000994906,Festuca,,,,,
HB_RR1_July,0.000994906,Ficus,,,,,
HB_RR1_July,0.000994906,Fleroya,,,,,
HB_RR1_July,0.001989812,Forsythia,,,,,
HB_RR1_July,0.002984718,Fourraea,,,,,
HB_RR1_July,0.001989812,Fuchsia,,,,,
HB_RR1_July,0.001989812,Gasteranthus,,,,,
HB_RR1_July,0.000994906,Gastrocotyle,,,,,
HB_RR1_July,0.000994906,Gastrolobium,,,,,
HB_RR1_July,0.00497453,Geranium,,,,,
HB_RR1_July,6.650947151,Geum,,,,,
HB_RR1_July,0.000994906,Glandularia,,,,,
HB_RR1_July,0.007959249,Gleditsia,,,,,
HB_RR1_July,0.000994906,Gompholobium,,,,,
HB_RR1_July,0.00497453,Gontscharovia,,,,,
HB_RR1_July,0.000994906,Grabowskia,,,,,
HB_RR1_July,0.000994906,Gracilaria,,,,,
HB_RR1_July,0.001989812,Gymnotheca,,,,,
HB_RR1_July,0.000994906,Gynochthodes,,,,,
HB_RR1_July,0.000994906,Halopeplis,,,,,
HB_RR1_July,0.008954155,Hedera,,,,,
HB_RR1_July,0.002984718,Helinus,,,,,
HB_RR1_July,0.00497453,Helleborus,,,,,
HB_RR1_July,0.000994906,Hesperis,,,,,
HB_RR1_July,0.000994906,Hieracium,,,,,
HB_RR1_July,0.010943967,Hoffmannseggia,,,,,
HB_RR1_July,0.000994906,Holocalyx,,,,,
HB_RR1_July,0.018903216,Hovenia,,,,,
HB_RR1_July,0.000994906,Humbertia,,,,,
HB_RR1_July,0.003979624,Hydnophytum,,,,,
HB_RR1_July,0.003979624,Hydrangea,,,,,
HB_RR1_July,0.179083095,Hyobanche,,,,,
HB_RR1_July,0.05074021,Hypericum,,,,,
HB_RR1_July,0.000994906,Hypocalyptus,,,,,
HB_RR1_July,0.000994906,Ilex,,,,,
HB_RR1_July,0.000994906,Indigofera,,,,,
HB_RR1_July,0.00497453,Ipomoea,,,,,
HB_RR1_July,0.000994906,Iresine,,,,,
HB_RR1_July,0.000994906,Jacobaea,,,,,
HB_RR1_July,0.003979624,Jatropha,,,,,
HB_RR1_July,0.001989812,Kalmia,,,,,
HB_RR1_July,0.000994906,Koenigia,,,,,
HB_RR1_July,0.005969436,Krameria,,,,,
HB_RR1_July,0.001989812,Lepidium,,,,,
HB_RR1_July,0.000994906,Lepisanthes,,,,,
HB_RR1_July,0.000994906,Leptoderris,,,,,
HB_RR1_July,0.082577205,Leucanthemum,,,,,
HB_RR1_July,3.572707736,Ligustrum,,,,,
HB_RR1_July,0.011938873,Linanthus,,,,,
HB_RR1_July,0.001989812,Liparophyllum,,,,,
HB_RR1_July,0.001989812,Liriodendron,,,,,
HB_RR1_July,0.000994906,Lissocarpa,,,,,
HB_RR1_July,0.002984718,Lonicera,,,,,
HB_RR1_July,0.085561923,Lotus,,,,,
HB_RR1_July,0.001989812,Lycoris,,,,,
HB_RR1_July,0.023877746,Lysipomia,,,,,
HB_RR1_July,0.007959249,Macaranga,,,,,
HB_RR1_July,0.000994906,Maianthemum,,,,,
HB_RR1_July,0.000994906,Maireana,,,,,
HB_RR1_July,0.000994906,Malacocera,,,,,
HB_RR1_July,0.000994906,Malus,,,,,
HB_RR1_July,0.005969436,Mammea,,,,,
HB_RR1_July,0.001989812,Marcetella,,,,,
HB_RR1_July,0.000994906,Marsypianthes,,,,,
HB_RR1_July,0.006964343,Maytenus,,,,,
HB_RR1_July,0.000994906,Medicago,,,,,
HB_RR1_July,0.000994906,Melicoccus,,,,,
HB_RR1_July,0.000994906,Meryta,,,,,
HB_RR1_July,0.000994906,Microseris,,,,,
HB_RR1_July,0.002984718,Molinaea,,,,,
HB_RR1_July,0.000994906,Monanthes,,,,,
HB_RR1_July,0.000994906,Monttea,,,,,
HB_RR1_July,0.000994906,Muehlenbeckia,,,,,
HB_RR1_July,0.001989812,Mulguraea,,,,,
HB_RR1_July,0.002984718,Myoporum,,,,,
HB_RR1_July,0.008954155,Myriophyllum,,,,,
HB_RR1_July,0.112424387,Myrmeconauclea,,,,,
HB_RR1_July,0.002984718,Nauclea,,,,,
HB_RR1_July,0.006964343,Neoschumannia,,,,,
HB_RR1_July,0.007959249,Nerisyrenia,,,,,
HB_RR1_July,0.003979624,Nicotiana,,,,,
HB_RR1_July,0.000994906,Nissolia,,,,,
HB_RR1_July,0.002984718,Notelaea,,,,,
HB_RR1_July,0.005969436,Nyssa,,,,,
HB_RR1_July,0.000994906,Ocotea,,,,,
HB_RR1_July,0.000994906,Odontarrhena,,,,,
HB_RR1_July,0.465616046,Oenothera,,,,,
HB_RR1_July,0.02288284,Onosma,,,,,
HB_RR1_July,0.001989812,Opercularia,,,,,
HB_RR1_July,0.000994906,Ophiorrhiza,,,,,
HB_RR1_July,0.002984718,Oreophyton,,,,,
HB_RR1_July,0.000994906,Orobanche,,,,,
HB_RR1_July,0.000994906,Orthanthera,,,,,
HB_RR1_July,0.008954155,Osmanthus,,,,,
HB_RR1_July,0.002984718,Osmoxylon,,,,,
HB_RR1_July,0.014923591,Oxalis,,,,,
HB_RR1_July,0.001989812,Oxera,,,,,
HB_RR1_July,0.001989812,Peltogyne,,,,,
HB_RR1_July,0.001989812,Pereskia,,,,,
HB_RR1_July,0.000994906,Philadelphus,,,,,
HB_RR1_July,0.001989812,Philenoptera,,,,,
HB_RR1_July,0.000994906,Philodendron,,,,,
HB_RR1_July,0.000994906,Phyla,,,,,
HB_RR1_July,0.11938873,Physaria,,,,,
HB_RR1_July,0.000994906,Pieris,,,,,
HB_RR1_July,0.000994906,Pilocosta,,,,,
HB_RR1_July,0.22086915,Pilosella,,,,,
HB_RR1_July,0.001989812,Pittosporum,,,,,
HB_RR1_July,0.000994906,Plagiomnium,,,,,
HB_RR1_July,0.000994906,Plagius,,,,,
HB_RR1_July,0.002984718,Planchonella,,,,,
HB_RR1_July,9.57796084,Plantago,,,,,
HB_RR1_July,0.007959249,Platylobium,,,,,
HB_RR1_July,0.032831901,Poa,,,,,
HB_RR1_July,0.000994906,Podolotus,,,,,
HB_RR1_July,0.27160936,Polycnemum,,,,,
HB_RR1_July,0.000994906,Polygala,,,,,
HB_RR1_July,0.00497453,Polygonum,,,,,
HB_RR1_July,0.018903216,Pomaria,,,,,
HB_RR1_July,0.000994906,Potamogeton,,,,,
HB_RR1_July,0.005969436,Potentilla,,,,,
HB_RR1_July,0.000994906,Primula,,,,,
HB_RR1_July,0.000994906,Proserpinaca,,,,,
HB_RR1_July,0.07859758,Prunella,,,,,
HB_RR1_July,0.051735116,Prunus,,,,,
HB_RR1_July,0.000994906,Psammosilene,,,,,
HB_RR1_July,0.000994906,Pseudobromus,,,,,
HB_RR1_July,0.001989812,Pseudopanax,,,,,
HB_RR1_July,0.001989812,Psychotria,,,,,
HB_RR1_July,0.02288284,Psylliostachys,,,,,
HB_RR1_July,0.000994906,Pueraria,,,,,
HB_RR1_July,0.013928685,Quercus,,,,,
HB_RR1_July,0.001989812,Ramorinoa,,,,,
HB_RR1_July,0.000994906,Ranunculus,,,,,
HB_RR1_July,0.000994906,Reevesia,,,,,
HB_RR1_July,0.000994906,Remya,,,,,
HB_RR1_July,0.000994906,Rhinotropis,,,,,
HB_RR1_July,0.001989812,Rhododendron,,,,,
HB_RR1_July,0.494468322,Rhus,,,,,
HB_RR1_July,0.00497453,Ribes,,,,,
HB_RR1_July,0.000994906,Rondeletia,,,,,
HB_RR1_July,0.035816619,Rosa,,,,,
HB_RR1_July,0.089541547,Rubus,,,,,
HB_RR1_July,0.003979624,Rytidosperma,,,,,
HB_RR1_July,0.000994906,Sairocarpus,,,,,
HB_RR1_July,0.002984718,Salix,,,,,
HB_RR1_July,0.000994906,Salpichroa,,,,,
HB_RR1_July,0.010943967,Salsola,,,,,
HB_RR1_July,0.018903216,Sambucus,,,,,
HB_RR1_July,0.000994906,Sanicula,,,,,
HB_RR1_July,0.001989812,Santalum,,,,,
HB_RR1_July,0.000994906,Saururus,,,,,
HB_RR1_July,0.000994906,Saussurea,,,,,
HB_RR1_July,0.000994906,Saxifraga,,,,,
HB_RR1_July,0.000994906,Scorodophloeus,,,,,
HB_RR1_July,0.000994906,Scrophularia,,,,,
HB_RR1_July,73.99017033,Securigera,,,,,
HB_RR1_July,0.007959249,Sedum,,,,,
HB_RR1_July,0.000994906,Seguieria,,,,,
HB_RR1_July,0.005969436,Senecio,,,,,
HB_RR1_July,0.106454951,Senegalia,,,,,
HB_RR1_July,0.002984718,Sesbania,,,,,
HB_RR1_July,0.002984718,Sidalcea,,,,,
HB_RR1_July,0.001989812,Silphium,,,,,
HB_RR1_July,0.002984718,Sinapis,,,,,
HB_RR1_July,0.001989812,Sinocrassula,,,,,
HB_RR1_July,0.000994906,Sinosenecio,,,,,
HB_RR1_July,0.001989812,Smilax,,,,,
HB_RR1_July,0.629775549,Solanum,,,,,
HB_RR1_July,0.000994906,Sonchus,,,,,
HB_RR1_July,0.003979624,Sopubia,,,,,
HB_RR1_July,0.006964343,Spergularia,,,,,
HB_RR1_July,0.002984718,Spiraea,,,,,
HB_RR1_July,0.000994906,Stachytarpheta,,,,,
HB_RR1_July,0.000994906,Stackhousia,,,,,
HB_RR1_July,0.000994906,Stenandrium,,,,,
HB_RR1_July,0.000994906,Stenotis,,,,,
HB_RR1_July,0.001989812,Stigmaphyllon,,,,,
HB_RR1_July,0.000994906,Streptocarpus,,,,,
HB_RR1_July,0.003979624,Stylosanthes,,,,,
HB_RR1_July,0.000994906,Styphnolobium,,,,,
HB_RR1_July,0.001989812,Suaeda,,,,,
HB_RR1_July,0.002984718,Syringa,,,,,
HB_RR1_July,0.000994906,Tanacetum,,,,,
HB_RR1_July,0.003979624,Tara,,,,,
HB_RR1_July,0.000994906,Tetracentron,,,,,
HB_RR1_July,0.000994906,Tina,,,,,
HB_RR1_July,0.015918497,Tournefortia,,,,,
HB_RR1_July,0.001989812,Tourneuxia,,,,,
HB_RR1_July,0.000994906,Tovomitopsis,,,,,
HB_RR1_July,0.001989812,Toxicodendron,,,,,
HB_RR1_July,0.000994906,Trema,,,,,
HB_RR1_July,0.000994906,Triaenophora,,,,,
HB_RR1_July,0.001989812,Trichogonia,,,,,
HB_RR1_July,0.008954155,Trifolium,,,,,
HB_RR1_July,0.000994906,Trigonella,,,,,
HB_RR1_July,0.000994906,Tropaeolum,,,,,
HB_RR1_July,0.001989812,Turnera,,,,,
HB_RR1_July,0.002984718,Tzeltalia,,,,,
HB_RR1_July,0.000994906,Uncaria,,,,,
HB_RR1_July,0.001989812,Urceola,,,,,
HB_RR1_July,0.005969436,Uvedalia,,,,,
HB_RR1_July,0.000994906,Valeriana,,,,,
HB_RR1_July,0.000994906,Van-royena,,,,,
HB_RR1_July,0.000994906,Vatairea,,,,,
HB_RR1_July,0.001989812,Vicia,,,,,
HB_RR1_July,0.001989812,Viola,,,,,
HB_RR1_July,0.001989812,Virectaria,,,,,
HB_RR1_July,0.582020057,Vitis,,,,,
HB_RR1_July,0.000994906,Wikstroemia,,,,,
HB_RR1_July,0.002984718,Xeroderris,,,,,
HB_RR1_July,0.000994906,Ximenia,,,,,
HB_RR1_July,0.000994906,Zanthoxylum,,,,,
HB_RR1_July,0.003979624,Zea,,,,,
HB_RR1_July,0.001989812,Ziziphus,,,,,
HB_RR1_July,0.006964343,Zostera,,,,,
HB_RR2_July,0.003276701,Abrotanella,,,,,
HB_RR2_July,0.001638351,Acacia,,,,,
HB_RR2_July,0.001638351,Acantholepis,,,,,
HB_RR2_July,0.001638351,Achillea,,,,,
HB_RR2_July,0.004915052,Acleisanthes,,,,,
HB_RR2_July,0.001638351,Acmispon,,,,,
HB_RR2_July,0.001638351,Acronychia,,,,,
HB_RR2_July,0.001638351,Aeginetia,,,,,
HB_RR2_July,0.009830103,Agoseris,,,,,
HB_RR2_July,0.001638351,Agrostis,,,,,
HB_RR2_July,0.024575258,Alseis,,,,,
HB_RR2_July,0.001638351,Amicia,,,,,
HB_RR2_July,0.25722103,Ammodaucus,,,,,
HB_RR2_July,0.003276701,Amphidasya,,,,,
HB_RR2_July,0.016383505,Amphoricarpos,,,,,
HB_RR2_July,0.001638351,Androsace,,,,,
HB_RR2_July,0.008191753,Andryala,,,,,
HB_RR2_July,0.001638351,Antennaria,,,,,
HB_RR2_July,0.001638351,Anthyllis,,,,,
HB_RR2_July,0.045873814,Arctium,,,,,
HB_RR2_July,0.003276701,Arctotheca,,,,,
HB_RR2_July,0.001638351,Artocarpus,,,,,
HB_RR2_July,0.016383505,Astragalus,,,,,
HB_RR2_July,0.001638351,Aylacophora,,,,,
HB_RR2_July,0.003276701,Azara,,,,,
HB_RR2_July,0.003276701,Baliospermum,,,,,
HB_RR2_July,0.003276701,Ballota,,,,,
HB_RR2_July,0.001638351,Banisteriopsis,,,,,
HB_RR2_July,0.317839999,Baptisia,,,,,
HB_RR2_July,0.001638351,Benitoa,,,,,
HB_RR2_July,0.001638351,Betula,,,,,
HB_RR2_July,0.001638351,Blumeopsis,,,,,
HB_RR2_July,0.001638351,Brachystelma,,,,,
HB_RR2_July,0.039320412,Brandisia,,,,,
HB_RR2_July,0.001638351,Brassaiopsis,,,,,
HB_RR2_July,0.001638351,Brunfelsia,,,,,
HB_RR2_July,0.008191753,Bupleurum,,,,,
HB_RR2_July,0.001638351,Burmannia,,,,,
HB_RR2_July,0.008191753,Callisia,,,,,
HB_RR2_July,0.001638351,Canthium,,,,,
HB_RR2_July,0.003276701,Caragana,,,,,
HB_RR2_July,8.709471304,Carduus,,,,,
HB_RR2_July,0.008191753,Carmichaelia,,,,,
HB_RR2_July,0.176941855,Carthamus,,,,,
HB_RR2_July,0.013106804,Castanea,,,,,
HB_RR2_July,0.001638351,Castanopsis,,,,,
HB_RR2_July,0.008191753,Castelnavia,,,,,
HB_RR2_July,0.660255255,Celastrus,,,,,
HB_RR2_July,0.001638351,Celtis,,,,,
HB_RR2_July,12.15656077,Centaurea,,,,,
HB_RR2_July,0.001638351,Cephalanthus,,,,,
HB_RR2_July,0.001638351,Chamaecrista,,,,,
HB_RR2_July,0.009830103,Chelidonium,,,,,
HB_RR2_July,0.001638351,Chlorella,,,,,
HB_RR2_July,0.001638351,Christisonia,,,,,
HB_RR2_July,0.847027213,Cicer,,,,,
HB_RR2_July,0.001638351,Cichorium,,,,,
HB_RR2_July,0.039320412,Cirsium,,,,,
HB_RR2_July,0.001638351,Clinopodium,,,,,
HB_RR2_July,0.001638351,Colombobalanus,,,,,
HB_RR2_July,0.001638351,Conyza,,,,,
HB_RR2_July,0.003276701,Coriandrum,,,,,
HB_RR2_July,0.006553402,Cornus,,,,,
HB_RR2_July,0.003276701,Coronilla,,,,,
HB_RR2_July,0.001638351,Craibiodendron,,,,,
HB_RR2_July,0.003276701,Crataegus,,,,,
HB_RR2_July,0.001638351,Crepis,,,,,
HB_RR2_July,0.001638351,Crotalaria,,,,,
HB_RR2_July,0.003276701,Croton,,,,,
HB_RR2_July,0.001638351,Cubanola,,,,,
HB_RR2_July,0.008191753,Cuminia,,,,,
HB_RR2_July,0.008191753,Cuphea,,,,,
HB_RR2_July,0.003276701,Cuscuta,,,,,
HB_RR2_July,0.011468454,Cyclamen,,,,,
HB_RR2_July,0.014745155,Cynara,,,,,
HB_RR2_July,0.003276701,Cyrtandra,,,,,
HB_RR2_July,0.001638351,Cyrtococcum,,,,,
HB_RR2_July,0.044235464,Cytisopsis,,,,,
HB_RR2_July,0.001638351,Dendromyza,,,,,
HB_RR2_July,0.052427216,Dendrotrophe,,,,,
HB_RR2_July,0.008191753,Diospyros,,,,,
HB_RR2_July,0.001638351,Dolichlasium,,,,,
HB_RR2_July,0.001638351,Dorstenia,,,,,
HB_RR2_July,0.018021856,Dorycnium,,,,,
HB_RR2_July,0.001638351,Drosera,,,,,
HB_RR2_July,0.001638351,Drymonia,,,,,
HB_RR2_July,0.122876288,Elaeagnus,,,,,
HB_RR2_July,0.001638351,Elephantopus,,,,,
HB_RR2_July,0.001638351,Elodea,,,,,
HB_RR2_July,0.001638351,Entandrophragma,,,,,
HB_RR2_July,0.008191753,Erigeron,,,,,
HB_RR2_July,0.001638351,Erythroseris,,,,,
HB_RR2_July,0.001638351,Evolvulus,,,,,
HB_RR2_July,0.014745155,Fatsia,,,,,
HB_RR2_July,0.001638351,Ficus,,,,,
HB_RR2_July,0.001638351,Foeniculum,,,,,
HB_RR2_July,0.018021856,Forsythia,,,,,
HB_RR2_July,0.008191753,Galactia,,,,,
HB_RR2_July,0.016383505,Galatella,,,,,
HB_RR2_July,0.001638351,Gastrolobium,,,,,
HB_RR2_July,0.001638351,Gazania,,,,,
HB_RR2_July,0.004915052,Geranium,,,,,
HB_RR2_July,0.011468454,Gleditsia,,,,,
HB_RR2_July,0.081917525,Goodenia,,,,,
HB_RR2_July,0.003276701,Greuteria,,,,,
HB_RR2_July,0.001638351,Gunniopsis,,,,,
HB_RR2_July,0.004915052,Hackelia,,,,,
HB_RR2_July,0.001638351,Hammatolobium,,,,,
HB_RR2_July,0.001638351,Hardwickia,,,,,
HB_RR2_July,0.001638351,Hedera,,,,,
HB_RR2_July,0.006553402,Helleborus,,,,,
HB_RR2_July,0.008191753,Hesperis,,,,,
HB_RR2_July,0.001638351,Heterosperma,,,,,
HB_RR2_July,0.014745155,Hovenia,,,,,
HB_RR2_July,0.001638351,Humbertia,,,,,
HB_RR2_July,0.001638351,Hydnophytum,,,,,
HB_RR2_July,0.003276701,Hydrangea,,,,,
HB_RR2_July,0.036043711,Hyobanche,,,,,
HB_RR2_July,0.003276701,Hypericum,,,,,
HB_RR2_July,0.001638351,Indigofera,,,,,
HB_RR2_July,0.003276701,Ipomoea,,,,,
HB_RR2_July,0.001638351,Jatropha,,,,,
HB_RR2_July,0.004915052,Kippistia,,,,,
HB_RR2_July,0.103216082,Klasea,,,,,
HB_RR2_July,0.001638351,Kohleria,,,,,
HB_RR2_July,0.001638351,Lachanodes,,,,,
HB_RR2_July,0.001638351,Lantana,,,,,
HB_RR2_July,0.011468454,Lathyrus,,,,,
HB_RR2_July,0.003276701,Leptoderris,,,,,
HB_RR2_July,0.003276701,Leptolobium,,,,,
HB_RR2_July,0.001638351,Leucanthemum,,,,,
HB_RR2_July,0.001638351,Leucheria,,,,,
HB_RR2_July,0.001638351,Leucogenes,,,,,
HB_RR2_July,0.001638351,Liparophyllum,,,,,
HB_RR2_July,0.004915052,Liriodendron,,,,,
HB_RR2_July,0.001638351,Lonchocarpus,,,,,
HB_RR2_July,0.001638351,Lonicera,,,,,
HB_RR2_July,13.73920737,Lotus,,,,,
HB_RR2_July,0.001638351,Ludwigia,,,,,
HB_RR2_July,0.001638351,Lycoris,,,,,
HB_RR2_July,0.009830103,Lysipomia,,,,,
HB_RR2_July,0.006553402,Maireana,,,,,
HB_RR2_July,0.001638351,Malacocera,,,,,
HB_RR2_July,0.004915052,Malus,,,,,
HB_RR2_July,0.001638351,Manostachya,,,,,
HB_RR2_July,0.014745155,Maytenus,,,,,
HB_RR2_July,0.001638351,Medicago,,,,,
HB_RR2_July,0.001638351,Meehania,,,,,
HB_RR2_July,0.098301031,Meryta,,,,,
HB_RR2_July,0.001638351,Monopteryx,,,,,
HB_RR2_July,0.003276701,Morella,,,,,
HB_RR2_July,0.001638351,Mutisia,,,,,
HB_RR2_July,0.03276701,Myriophyllum,,,,,
HB_RR2_July,0.037682062,Myrmeconauclea,,,,,
HB_RR2_July,0.001638351,Nannoglottis,,,,,
HB_RR2_July,0.001638351,Nepenthes,,,,,
HB_RR2_July,0.006553402,Nicotiana,,,,,
HB_RR2_July,0.018021856,Noltea,,,,,
HB_RR2_July,0.001638351,Nymphaea,,,,,
HB_RR2_July,0.001638351,Nyssa,,,,,
HB_RR2_July,0.006553402,Ononis,,,,,
HB_RR2_July,0.001638351,Oryctanthus,,,,,
HB_RR2_July,0.001638351,Oxalis,,,,,
HB_RR2_July,0.003276701,Padbruggea,,,,,
HB_RR2_July,0.001638351,Parthenium,,,,,
HB_RR2_July,0.008191753,Pedicularis,,,,,
HB_RR2_July,0.003276701,Peperomia,,,,,
HB_RR2_July,0.001638351,Petrocosmea,,,,,
HB_RR2_July,0.003276701,Phalacrachena,,,,,
HB_RR2_July,0.003276701,Philodendron,,,,,
HB_RR2_July,0.001638351,Philyra,,,,,
HB_RR2_July,0.003276701,Phleum,,,,,
HB_RR2_July,0.003276701,Phonus,,,,,
HB_RR2_July,0.001638351,Photinia,,,,,
HB_RR2_July,0.003276701,Phytolacca,,,,,
HB_RR2_July,0.001638351,Pippenalia,,,,,
HB_RR2_July,0.003276701,Pittosporum,,,,,
HB_RR2_July,0.008191753,Plagiobasis,,,,,
HB_RR2_July,8.385077904,Plantago,,,,,
HB_RR2_July,0.001638351,Pleuricospora,,,,,
HB_RR2_July,0.001638351,Poa,,,,,
HB_RR2_July,0.006553402,Podostemaceae,,,,,
HB_RR2_July,0.073725773,Polygala,,,,,
HB_RR2_July,0.013106804,Polyscias,,,,,
HB_RR2_July,0.003276701,Pomaria,,,,,
HB_RR2_July,0.001638351,Potentilla,,,,,
HB_RR2_July,0.001638351,Pouteria,,,,,
HB_RR2_July,0.013106804,Primulina,,,,,
HB_RR2_July,0.008191753,Prunella,,,,,
HB_RR2_July,0.117961237,Prunus,,,,,
HB_RR2_July,0.001638351,Pterocelastrus,,,,,
HB_RR2_July,0.011468454,Quercus,,,,,
HB_RR2_July,0.001638351,Raphiocarpus,,,,,
HB_RR2_July,0.122876288,Remya,,,,,
HB_RR2_July,0.001638351,Reynosia,,,,,
HB_RR2_July,0.001638351,Rhaponticoides,,,,,
HB_RR2_July,0.060618969,Rhaponticum,,,,,
HB_RR2_July,0.093385979,Rhododendron,,,,,
HB_RR2_July,0.009830103,Rhynchocorys,,,,,
HB_RR2_July,0.004915052,Ribes,,,,,
HB_RR2_July,0.001638351,Richterago,,,,,
HB_RR2_July,0.001638351,Roldana,,,,,
HB_RR2_July,0.03112866,Rosa,,,,,
HB_RR2_July,0.135983092,Rubus,,,,,
HB_RR2_July,0.001638351,Rudbeckia,,,,,
HB_RR2_July,0.001638351,Rumex,,,,,
HB_RR2_July,0.008191753,Salix,,,,,
HB_RR2_July,0.001638351,Sambucus,,,,,
HB_RR2_July,0.001638351,Sauropus,,,,,
HB_RR2_July,0.689745564,Saussurea,,,,,
HB_RR2_July,0.001638351,Saxifraga,,,,,
HB_RR2_July,0.001638351,Scadoxus,,,,,
HB_RR2_July,0.008191753,Scaevola,,,,,
HB_RR2_July,0.003276701,Schischkinia,,,,,
HB_RR2_July,0.042597113,Securigera,,,,,
HB_RR2_July,0.001638351,Semaphyllanthe,,,,,
HB_RR2_July,0.044235464,Senecio,,,,,
HB_RR2_July,0.03112866,Senegalia,,,,,
HB_RR2_July,0.001638351,Sesbania,,,,,
HB_RR2_July,0.001638351,Silybum,,,,,
HB_RR2_July,0.004915052,Sinapis,,,,,
HB_RR2_July,0.06553402,Solanum,,,,,
HB_RR2_July,0.016383505,Solori,,,,,
HB_RR2_July,0.016383505,Spergularia,,,,,
HB_RR2_July,0.001638351,Streptocarpus,,,,,
HB_RR2_July,0.003276701,Styrax,,,,,
HB_RR2_July,0.001638351,Thapsia,,,,,
HB_RR2_July,0.003276701,Tilia,,,,,
HB_RR2_July,0.003276701,Tirpitzia,,,,,
HB_RR2_July,0.008191753,Toxicodendron,,,,,
HB_RR2_July,51.62933958,Trifolium,,,,,
HB_RR2_July,0.004915052,Trigonella,,,,,
HB_RR2_July,0.001638351,Tripteris,,,,,
HB_RR2_July,0.001638351,Tulipa,,,,,
HB_RR2_July,0.003276701,Tzeltalia,,,,,
HB_RR2_July,0.001638351,Urophyllum,,,,,
HB_RR2_July,0.001638351,Urospermum,,,,,
HB_RR2_July,0.001638351,Vernicia,,,,,
HB_RR2_July,0.011468454,Vicia,,,,,
HB_RR2_July,0.001638351,Viola,,,,,
HB_RS_July,0.003708786,Acacia,,,,,
HB_RS_July,0.003708786,Acanthocalyx,,,,,
HB_RS_July,0.018543931,Acer,,,,,
HB_RS_July,0.003708786,Acleisanthes,,,,,
HB_RS_July,0.007417572,Actaea,,,,,
HB_RS_July,0.011126358,Aeschynomene,,,,,
HB_RS_July,0.003708786,Agoseris,,,,,
HB_RS_July,1.987909357,Agrostis,,,,,
HB_RS_July,0.037087861,Alseis,,,,,
HB_RS_July,0.326373178,Ammodaucus,,,,,
HB_RS_July,0.011126358,Arrhenatherum,,,,,
HB_RS_July,0.003708786,Aster,,,,,
HB_RS_July,0.003708786,Avicennia,,,,,
HB_RS_July,0.003708786,Bambusa,,,,,
HB_RS_July,0.003708786,Begonia,,,,,
HB_RS_July,0.029670289,Brandisia,,,,,
HB_RS_July,0.011126358,Brassica,,,,,
HB_RS_July,0.007417572,Bromus,,,,,
HB_RS_July,0.007417572,Bupleurum,,,,,
HB_RS_July,0.007417572,Burmannia,,,,,
HB_RS_July,0.022252717,Buxus,,,,,
HB_RS_July,0.003708786,Calamagrostis,,,,,
HB_RS_July,0.003708786,Camellia,,,,,
HB_RS_July,0.014835144,Carduus,,,,,
HB_RS_July,0.003708786,Carmichaelia,,,,,
HB_RS_July,1.453844157,Castanea,,,,,
HB_RS_July,0.06675815,Castelnavia,,,,,
HB_RS_July,0.014835144,Cedrela,,,,,
HB_RS_July,0.11497237,Celastrus,,,,,
HB_RS_July,0.011126358,Centaurea,,,,,
HB_RS_July,0.007417572,Cerastium,,,,,
HB_RS_July,0.022252717,Chascolytrum,,,,,
HB_RS_July,0.003708786,Chelidonium,,,,,
HB_RS_July,0.003708786,Chenopodium,,,,,
HB_RS_July,0.077884508,Chrysolepis,,,,,
HB_RS_July,1.246152134,Cicer,,,,,
HB_RS_July,0.003708786,Cleome,,,,,
HB_RS_July,0.003708786,Clinopodium,,,,,
HB_RS_July,0.044505433,Colombobalanus,,,,,
HB_RS_July,0.003708786,Cuphea,,,,,
HB_RS_July,0.007417572,Cytisopsis,,,,,
HB_RS_July,0.003708786,Denisophytum,,,,,
HB_RS_July,0.055631792,Deschampsia,,,,,
HB_RS_July,0.003708786,Diospyros,,,,,
HB_RS_July,0.003708786,Diphylleia,,,,,
HB_RS_July,0.003708786,Dipsacus,,,,,
HB_RS_July,0.007417572,Dolichlasium,,,,,
HB_RS_July,0.003708786,Dorstenia,,,,,
HB_RS_July,0.011126358,Durio,,,,,
HB_RS_July,0.022252717,Elaeagnus,,,,,
HB_RS_July,0.096428439,Elymus,,,,,
HB_RS_July,0.022252717,Erigeron,,,,,
HB_RS_July,0.007417572,Euphronia,,,,,
HB_RS_July,0.007417572,Festuca,,,,,
HB_RS_July,0.11497237,Galium,,,,,
HB_RS_July,0.007417572,Geum,,,,,
HB_RS_July,0.018543931,Gleditsia,,,,,
HB_RS_July,0.003708786,Glyceria,,,,,
HB_RS_July,0.025961503,Glycine,,,,,
HB_RS_July,0.007417572,Greuteria,,,,,
HB_RS_July,0.003708786,Hedera,,,,,
HB_RS_July,0.018543931,Helleborus,,,,,
HB_RS_July,0.003708786,Hesperis,,,,,
HB_RS_July,0.033379075,Hieronyma,,,,,
HB_RS_July,0.003708786,Hoffmannseggia,,,,,
HB_RS_July,0.519230056,Hydrangea,,,,,
HB_RS_July,0.014835144,Hyobanche,,,,,
HB_RS_July,0.007417572,Ipomoea,,,,,
HB_RS_July,0.003708786,Isodon,,,,,
HB_RS_July,0.007417572,Lathyrus,,,,,
HB_RS_July,0.018543931,Leucanthemum,,,,,
HB_RS_July,0.003708786,Ligustrum,,,,,
HB_RS_July,0.003708786,Lithocarpus,,,,,
HB_RS_July,0.422801617,Lotus,,,,,
HB_RS_July,0.003708786,Maytenus,,,,,
HB_RS_July,0.003708786,Melilotus,,,,,
HB_RS_July,0.007417572,Mimosa,,,,,
HB_RS_July,0.025961503,Myrmeconauclea,,,,,
HB_RS_July,0.003708786,Myrospermum,,,,,
HB_RS_July,0.003708786,Neillia,,,,,
HB_RS_July,0.003708786,Nicotiana,,,,,
HB_RS_July,0.003708786,Nissolia,,,,,
HB_RS_July,0.003708786,Nymphaea,,,,,
HB_RS_July,0.003708786,Orostachys,,,,,
HB_RS_July,0.014835144,Oxytropis,,,,,
HB_RS_July,0.003708786,Padbruggea,,,,,
HB_RS_July,0.003708786,Parochetus,,,,,
HB_RS_July,0.003708786,Peltaea,,,,,
HB_RS_July,0.003708786,Peperomia,,,,,
HB_RS_July,0.003708786,Persea,,,,,
HB_RS_July,0.011126358,Phleum,,,,,
HB_RS_July,0.007417572,Pittosporum,,,,,
HB_RS_July,0.838185662,Plantago,,,,,
HB_RS_July,0.025961503,Poa,,,,,
HB_RS_July,0.070466936,Podostemaceae,,,,,
HB_RS_July,0.096428439,Polygala,,,,,
HB_RS_July,0.018543931,Polypogon,,,,,
HB_RS_July,0.014835144,Primulina,,,,,
HB_RS_July,0.003708786,Prunus,,,,,
HB_RS_July,2.588732708,Quercus,,,,,
HB_RS_July,0.003708786,Ranunculus,,,,,
HB_RS_July,0.007417572,Reevesia,,,,,
HB_RS_July,0.007417572,Ribes,,,,,
HB_RS_July,0.025961503,Rosa,,,,,
HB_RS_July,0.037087861,Rubus,,,,,
HB_RS_July,0.003708786,Ruizia,,,,,
HB_RS_July,0.003708786,Salix,,,,,
HB_RS_July,0.003708786,Sanicula,,,,,
HB_RS_July,0.003708786,Scaevola,,,,,
HB_RS_July,0.003708786,Secale,,,,,
HB_RS_July,0.419092831,Securigera,,,,,
HB_RS_July,0.003708786,Semaphyllanthe,,,,,
HB_RS_July,0.033379075,Senegalia,,,,,
HB_RS_July,0.007417572,Sidalcea,,,,,
HB_RS_July,0.003708786,Silphium,,,,,
HB_RS_July,0.003708786,Sloanea,,,,,
HB_RS_July,0.044505433,Solanum,,,,,
HB_RS_July,0.040796647,Solori,,,,,
HB_RS_July,0.003708786,Spiraea,,,,,
HB_RS_July,0.003708786,Sulla,,,,,
HB_RS_July,0.007417572,Thalictrum,,,,,
HB_RS_July,0.003708786,Theobroma,,,,,
HB_RS_July,0.003708786,Thespesia,,,,,
HB_RS_July,1.420465082,Tilia,,,,,
HB_RS_July,0.003708786,Tirpitzia,,,,,
HB_RS_July,0.007417572,Toxicodendron,,,,,
HB_RS_July,86.97474317,Trifolium,,,,,
HB_RS_July,0.003708786,Van-royena,,,,,
HB_RS_July,0.003708786,Vella,,,,,
HB_RS_July,0.011126358,Vicia,,,,,
HB_RS_July,0.003708786,Whitfordiodendron,,,,,
HB_RS_July,0.003708786,Zygophyllum,,,,,
HB_Scotia_July,0.00182535,Acacia,,,,,
HB_Scotia_July,0.007301402,Acaena,,,,,
HB_Scotia_July,0.00182535,Acer,,,,,
HB_Scotia_July,0.007301402,Achillea,,,,,
HB_Scotia_July,0.003650701,Adesmia,,,,,
HB_Scotia_July,0.00182535,Aesculus,,,,,
HB_Scotia_July,0.021904206,Agoseris,,,,,
HB_Scotia_July,0.007301402,Aichryson,,,,,
HB_Scotia_July,0.003650701,Aidia,,,,,
HB_Scotia_July,0.003650701,Allium,,,,,
HB_Scotia_July,0.00182535,Alphitonia,,,,,
HB_Scotia_July,0.00182535,Ammopiptanthus,,,,,
HB_Scotia_July,0.00182535,Amphithalea,,,,,
HB_Scotia_July,0.00182535,Ancistrocladus,,,,,
HB_Scotia_July,0.00182535,Anemone,,,,,
HB_Scotia_July,0.027380257,Anthyllis,,,,,
HB_Scotia_July,0.00182535,Antirrhinum,,,,,
HB_Scotia_July,0.00182535,Arctium,,,,,
HB_Scotia_July,0.003650701,Ateleia,,,,,
HB_Scotia_July,0.003650701,Atriplex,,,,,
HB_Scotia_July,8.111857477,Baptisia,,,,,
HB_Scotia_July,0.00182535,Bertiera,,,,,
HB_Scotia_July,0.00182535,Betula,,,,,
HB_Scotia_July,0.027380257,Brandisia,,,,,
HB_Scotia_July,0.00182535,Bucephalandra,,,,,
HB_Scotia_July,0.003650701,Bupleurum,,,,,
HB_Scotia_July,0.164281542,Callisia,,,,,
HB_Scotia_July,0.007301402,Calobota,,,,,
HB_Scotia_July,0.005476051,Calpurnia,,,,,
HB_Scotia_July,0.010952103,Canthium,,,,,
HB_Scotia_July,0.003650701,Capsicum,,,,,
HB_Scotia_July,0.007301402,Capuronianthus,,,,,
HB_Scotia_July,0.00182535,Carapa,,,,,
HB_Scotia_July,0.00182535,Carduus,,,,,
HB_Scotia_July,0.00182535,Carex,,,,,
HB_Scotia_July,0.003650701,Carpanthea,,,,,
HB_Scotia_July,0.00182535,Carpolobia,,,,,
HB_Scotia_July,0.00182535,Carya,,,,,
HB_Scotia_July,0.003650701,Castanea,,,,,
HB_Scotia_July,0.299357477,Castelnavia,,,,,
HB_Scotia_July,0.067537967,Celastrus,,,,,
HB_Scotia_July,0.007301402,Centaurea,,,,,
HB_Scotia_July,0.003650701,Chelidonium,,,,,
HB_Scotia_July,0.00182535,Cinnamodendron,,,,,
HB_Scotia_July,0.00182535,Cissus,,,,,
HB_Scotia_July,0.005476051,Citrus,,,,,
HB_Scotia_July,0.012777453,Cleome,,,,,
HB_Scotia_July,0.00182535,Colubrina,,,,,
HB_Scotia_July,0.00182535,Commelina,,,,,
HB_Scotia_July,0.003650701,Coronilla,,,,,
HB_Scotia_July,0.184360397,Crotalaria,,,,,
HB_Scotia_July,0.003650701,Crowea,,,,,
HB_Scotia_July,0.009126752,Cubanola,,,,,
HB_Scotia_July,0.852438668,Cuminia,,,,,
HB_Scotia_July,0.580461449,Cuphea,,,,,
HB_Scotia_July,0.646174065,Cuscuta,,,,,
HB_Scotia_July,0.403402453,Cytisopsis,,,,,
HB_Scotia_July,0.00182535,Dalbergia,,,,,
HB_Scotia_July,0.025554907,Dasymaschalon,,,,,
HB_Scotia_July,0.100394276,Dendrotrophe,,,,,
HB_Scotia_July,0.00182535,Desmodium,,,,,
HB_Scotia_July,0.00182535,Dichelostemma,,,,,
HB_Scotia_July,0.005476051,Didymocarpus,,,,,
HB_Scotia_July,0.003650701,Digitalis,,,,,
HB_Scotia_July,0.005476051,Dipsacus,,,,,
HB_Scotia_July,0.058411215,Dorycnium,,,,,
HB_Scotia_July,0.005476051,Draba,,,,,
HB_Scotia_July,0.00182535,Elaeagnus,,,,,
HB_Scotia_July,0.003650701,Eleocharis,,,,,
HB_Scotia_July,0.003650701,Entandrophragma,,,,,
HB_Scotia_July,0.00182535,Ephedra,,,,,
HB_Scotia_July,0.00182535,Epirixanthes,,,,,
HB_Scotia_July,0.010952103,Erigeron,,,,,
HB_Scotia_July,0.00182535,Erophaca,,,,,
HB_Scotia_July,0.00182535,Eucalyptus,,,,,
HB_Scotia_July,0.00182535,Euphrasia,,,,,
HB_Scotia_July,0.00182535,Fagus,,,,,
HB_Scotia_July,0.00182535,Fallopia,,,,,
HB_Scotia_July,0.010952103,Ficus,,,,,
HB_Scotia_July,0.00182535,Galactia,,,,,
HB_Scotia_July,0.003650701,Gasteranthus,,,,,
HB_Scotia_July,0.00182535,Gastrolobium,,,,,
HB_Scotia_July,0.003650701,Gaylussacia,,,,,
HB_Scotia_July,0.003650701,Glandularia,,,,,
HB_Scotia_July,0.00182535,Glechon,,,,,
HB_Scotia_July,0.003650701,Glycine,,,,,
HB_Scotia_July,0.003650701,Gontscharovia,,,,,
HB_Scotia_July,0.003650701,Grevillea,,,,,
HB_Scotia_July,0.00182535,Griffinia,,,,,
HB_Scotia_July,0.003650701,Guaiacum,,,,,
HB_Scotia_July,0.00182535,Gymnocladus,,,,,
HB_Scotia_July,0.00182535,Haplophyllum,,,,,
HB_Scotia_July,0.003650701,Hedera,,,,,
HB_Scotia_July,0.00182535,Hesperis,,,,,
HB_Scotia_July,0.009126752,Hessea,,,,,
HB_Scotia_July,0.005476051,Heterostachys,,,,,
HB_Scotia_July,0.00182535,Hoffmannseggia,,,,,
HB_Scotia_July,1.09521028,Hovenia,,,,,
HB_Scotia_July,0.003650701,Humbertia,,,,,
HB_Scotia_July,0.003650701,Hylotelephium,,,,,
HB_Scotia_July,0.045633762,Hyobanche,,,,,
HB_Scotia_July,0.005476051,Hypericum,,,,,
HB_Scotia_July,0.003650701,Ipomoea,,,,,
HB_Scotia_July,0.00182535,Iris,,,,,
HB_Scotia_July,0.00182535,Isopogon,,,,,
HB_Scotia_July,0.012777453,Jacquemontia,,,,,
HB_Scotia_July,0.005476051,Junellia,,,,,
HB_Scotia_July,0.016428154,Kingiodendron,,,,,
HB_Scotia_July,0.023729556,Krameria,,,,,
HB_Scotia_July,0.00182535,Lembocarpus,,,,,
HB_Scotia_July,0.00182535,Leptoderris,,,,,
HB_Scotia_July,0.005476051,Leptoglossis,,,,,
HB_Scotia_July,0.07849007,Leptolobium,,,,,
HB_Scotia_July,0.00182535,Leucadendron,,,,,
HB_Scotia_July,0.005476051,Leucaena,,,,,
HB_Scotia_July,0.009126752,Leucanthemum,,,,,
HB_Scotia_July,0.003650701,Leucopogon,,,,,
HB_Scotia_July,0.00182535,Ligularia,,,,,
HB_Scotia_July,0.003650701,Lilium,,,,,
HB_Scotia_July,0.00182535,Liparia,,,,,
HB_Scotia_July,0.005476051,Liriodendron,,,,,
HB_Scotia_July,0.00182535,Lomatium,,,,,
HB_Scotia_July,0.00182535,Lophogyne,,,,,
HB_Scotia_July,0.052935164,Lotononis,,,,,
HB_Scotia_July,84.41150701,Lotus,,,,,
HB_Scotia_July,0.00182535,Lysipomia,,,,,
HB_Scotia_July,0.00182535,Magnolia,,,,,
HB_Scotia_July,0.012777453,Maireana,,,,,
HB_Scotia_July,0.00182535,Malus,,,,,
HB_Scotia_July,0.003650701,Mandragora,,,,,
HB_Scotia_July,0.206264603,Meryta,,,,,
HB_Scotia_July,0.003650701,Microlaena,,,,,
HB_Scotia_July,0.00182535,Mimusops,,,,,
HB_Scotia_July,0.014602804,Muehlenbeckia,,,,,
HB_Scotia_July,0.014602804,Myrmeconauclea,,,,,
HB_Scotia_July,0.003650701,Nepenthes,,,,,
HB_Scotia_July,0.003650701,Nepeta,,,,,
HB_Scotia_July,0.00182535,Neurada,,,,,
HB_Scotia_July,0.003650701,Nicotiana,,,,,
HB_Scotia_July,0.003650701,Nissolia,,,,,
HB_Scotia_July,0.005476051,Nitraria,,,,,
HB_Scotia_July,0.005476051,Notothlaspi,,,,,
HB_Scotia_July,0.003650701,Nymphoides,,,,,
HB_Scotia_July,0.003650701,Onosma,,,,,
HB_Scotia_July,0.009126752,Orobanche,,,,,
HB_Scotia_July,0.00182535,Padbruggea,,,,,
HB_Scotia_July,0.00182535,Palicourea,,,,,
HB_Scotia_July,0.00182535,Parrotia,,,,,
HB_Scotia_July,0.003650701,Peperomia,,,,,
HB_Scotia_July,0.003650701,Perideridia,,,,,
HB_Scotia_July,0.003650701,Petradoria,,,,,
HB_Scotia_July,0.009126752,Phleum,,,,,
HB_Scotia_July,0.00182535,Phyllocladus,,,,,
HB_Scotia_July,0.00182535,Phytolacca,,,,,
HB_Scotia_July,0.00182535,Pinguicula,,,,,
HB_Scotia_July,0.003650701,Piper,,,,,
HB_Scotia_July,0.00182535,Planchonella,,,,,
HB_Scotia_July,0.021904206,Plantago,,,,,
HB_Scotia_July,0.00182535,Pleuricospora,,,,,
HB_Scotia_July,0.005476051,Poa,,,,,
HB_Scotia_July,0.00182535,Podocarpus,,,,,
HB_Scotia_July,0.003650701,Podolotus,,,,,
HB_Scotia_July,0.005476051,Polyscias,,,,,
HB_Scotia_July,0.009126752,Pomaria,,,,,
HB_Scotia_July,0.00182535,Prainea,,,,,
HB_Scotia_July,0.010952103,Prunus,,,,,
HB_Scotia_July,0.003650701,Pseudognaphalium,,,,,
HB_Scotia_July,0.00182535,Psychotria,,,,,
HB_Scotia_July,0.007301402,Quercus,,,,,
HB_Scotia_July,0.00182535,Rhododendron,,,,,
HB_Scotia_July,0.027380257,Rhynchocorys,,,,,
HB_Scotia_July,0.003650701,Ribes,,,,,
HB_Scotia_July,0.00182535,Rosa,,,,,
HB_Scotia_July,0.00182535,Rotala,,,,,
HB_Scotia_July,0.014602804,Rubus,,,,,
HB_Scotia_July,0.003650701,Sabulina,,,,,
HB_Scotia_July,0.003650701,Salvadora,,,,,
HB_Scotia_July,0.016428154,Sambucus,,,,,
HB_Scotia_July,0.003650701,Sanicula,,,,,
HB_Scotia_July,0.00182535,Santalum,,,,,
HB_Scotia_July,0.003650701,Schismatoglottis,,,,,
HB_Scotia_July,0.045633762,Schottarum,,,,,
HB_Scotia_July,0.483717874,Securigera,,,,,
HB_Scotia_July,0.003650701,Sedum,,,,,
HB_Scotia_July,0.009126752,Senegalia,,,,,
HB_Scotia_July,0.00182535,Senna,,,,,
HB_Scotia_July,0.00182535,Sesbania,,,,,
HB_Scotia_July,0.005476051,Sideroxylon,,,,,
HB_Scotia_July,0.003650701,Silphium,,,,,
HB_Scotia_July,0.012777453,Solanum,,,,,
HB_Scotia_July,1.142669393,Spergularia,,,,,
HB_Scotia_July,0.003650701,Spondias,,,,,
HB_Scotia_July,0.00182535,Stachytarpheta,,,,,
HB_Scotia_July,0.007301402,Stackhousia,,,,,
HB_Scotia_July,0.00182535,Stirtonanthus,,,,,
HB_Scotia_July,0.005476051,Streptocarpus,,,,,
HB_Scotia_July,0.00182535,Strumaria,,,,,
HB_Scotia_July,0.00182535,Styrax,,,,,
HB_Scotia_July,0.00182535,Tamarix,,,,,
HB_Scotia_July,0.003650701,Tarenaya,,,,,
HB_Scotia_July,0.005476051,Teucrium,,,,,
HB_Scotia_July,0.003650701,Thermopsis,,,,,
HB_Scotia_July,0.00182535,Tigridia,,,,,
HB_Scotia_July,0.009126752,Tilia,,,,,
HB_Scotia_July,0.00182535,Tiquilia,,,,,
HB_Scotia_July,0.003650701,Tovomitopsis,,,,,
HB_Scotia_July,0.003650701,Toxicodendron,,,,,
HB_Scotia_July,0.018253505,Trifolium,,,,,
HB_Scotia_July,0.007301402,Triosteum,,,,,
HB_Scotia_July,0.00182535,Triphysaria,,,,,
HB_Scotia_July,0.00182535,Tulipa,,,,,
HB_Scotia_July,0.00182535,Tzeltalia,,,,,
HB_Scotia_July,0.00182535,Umbilicus,,,,,
HB_Scotia_July,0.00182535,Vella,,,,,
HB_Scotia_July,0.003650701,Veronica,,,,,
HB_Scotia_July,0.00182535,Viburnum,,,,,
HB_Scotia_July,0.005476051,Villarsia,,,,,
HB_Scotia_July,0.00182535,Vuralia,,,,,
HB_Scotia_July,0.00182535,Wellstedia,,,,,
HB_Scotia_July,0.00182535,Wiborgiella,,,,,
BB_Colyer_June,0.003123146,Acaena,,,,,
BB_Colyer_June,0.001561573,Acalypha,,,,,
BB_Colyer_June,0.003123146,Acanthocalyx,,,,,
BB_Colyer_June,0.004684718,Acer,,,,,
BB_Colyer_June,0.014054155,Achimenes,,,,,
BB_Colyer_June,0.001561573,Actinocheita,,,,,
BB_Colyer_June,0.001561573,Aganope,,,,,
BB_Colyer_June,0.003123146,Agonandra,,,,,
BB_Colyer_June,0.006246291,Aidia,,,,,
BB_Colyer_June,0.004684718,Aizoon,,,,,
BB_Colyer_June,0.001561573,Alchemilla,,,,,
BB_Colyer_June,0.004684718,Allophylus,,,,,
BB_Colyer_June,0.012492583,Alternanthera,,,,,
BB_Colyer_June,0.007807864,Alyssum,,,,,
BB_Colyer_June,0.001561573,Ammodaucus,,,,,
BB_Colyer_June,0.001561573,Amorphophallus,,,,,
BB_Colyer_June,0.157718854,Amphithalea,,,,,
BB_Colyer_June,0.009369437,Andersonglossum,,,,,
BB_Colyer_June,0.003123146,Anemone,,,,,
BB_Colyer_June,0.001561573,Anthyllis,,,,,
BB_Colyer_June,0.004684718,Antiphytum,,,,,
BB_Colyer_June,0.031231456,Antirrhinum,,,,,
BB_Colyer_June,0.003123146,Antopetitia,,,,,
BB_Colyer_June,0.003123146,Aphananthe,,,,,
BB_Colyer_June,0.001561573,Arquita,,,,,
BB_Colyer_June,0.003123146,Arrhenatherum,,,,,
BB_Colyer_June,0.003123146,Astilbe,,,,,
BB_Colyer_June,0.001561573,Atocion,,,,,
BB_Colyer_June,0.001561573,Atraphaxis,,,,,
BB_Colyer_June,0.001561573,Atriplex,,,,,
BB_Colyer_June,0.007807864,Austrocallerya,,,,,
BB_Colyer_June,0.003123146,Averrhoa,,,,,
BB_Colyer_June,0.001561573,Behaimia,,,,,
BB_Colyer_June,0.001561573,Bejaria,,,,,
BB_Colyer_June,0.003123146,Betula,,,,,
BB_Colyer_June,0.012492583,Brachybotrys,,,,,
BB_Colyer_June,0.001561573,Brachyglottis,,,,,
BB_Colyer_June,0.001561573,Brachystelma,,,,,
BB_Colyer_June,0.074955495,Brandisia,,,,,
BB_Colyer_June,0.006246291,Brassica,,,,,
BB_Colyer_June,0.003123146,Bursera,,,,,
BB_Colyer_June,0.003123146,Bussea,,,,,
BB_Colyer_June,0.023423592,Calliandra,,,,,
BB_Colyer_June,0.004684718,Callisia,,,,,
BB_Colyer_June,0.001561573,Calyculogygas,,,,,
BB_Colyer_June,0.003123146,Canavalia,,,,,
BB_Colyer_June,0.001561573,Canthium,,,,,
BB_Colyer_June,0.001561573,Cardamine,,,,,
BB_Colyer_June,0.001561573,Carduus,,,,,
BB_Colyer_June,0.003123146,Caroxylon,,,,,
BB_Colyer_June,0.001561573,Cascaronia,,,,,
BB_Colyer_June,0.004684718,Castanea,,,,,
BB_Colyer_June,0.012492583,Castelnavia,,,,,
BB_Colyer_June,0.009369437,Catalpa,,,,,
BB_Colyer_June,0.113994816,Celastrus,,,,,
BB_Colyer_June,0.03903932,Ceratiola,,,,,
BB_Colyer_June,0.003123146,Chamaecrista,,,,,
BB_Colyer_June,0.003123146,Chelidonium,,,,,
BB_Colyer_June,0.001561573,Chenopodium,,,,,
BB_Colyer_June,0.020300447,Chionanthus,,,,,
BB_Colyer_June,0.001561573,Christisonia,,,,,
BB_Colyer_June,0.009369437,Cicer,,,,,
BB_Colyer_June,0.001561573,Cinnamomum,,,,,
BB_Colyer_June,0.001561573,Cissus,,,,,
BB_Colyer_June,0.001561573,Citharexylum,,,,,
BB_Colyer_June,0.001561573,Cladrastis,,,,,
BB_Colyer_June,0.078078641,Cliffortia,,,,,
BB_Colyer_June,0.003123146,Coffea,,,,,
BB_Colyer_June,0.001561573,Coincya,,,,,
BB_Colyer_June,0.01093101,Colubrina,,,,,
BB_Colyer_June,0.007807864,Combretum,,,,,
BB_Colyer_June,0.001561573,Coptis,,,,,
BB_Colyer_June,0.001561573,Corchorus,,,,,
BB_Colyer_June,0.001561573,Corema,,,,,
BB_Colyer_June,0.001561573,Cornus,,,,,
BB_Colyer_June,0.188950311,Coronilla,,,,,
BB_Colyer_June,0.020300447,Crataegus,,,,,
BB_Colyer_June,0.004684718,Cremosperma,,,,,
BB_Colyer_June,0.001561573,Crepidospermum,,,,,
BB_Colyer_June,0.009369437,Croton,,,,,
BB_Colyer_June,0.001561573,Cuscuta,,,,,
BB_Colyer_June,0.001561573,Cynoglossum,,,,,
BB_Colyer_June,0.009369437,Cyrtandra,,,,,
BB_Colyer_June,0.042162466,Dactylis,,,,,
BB_Colyer_June,0.001561573,Deinbollia,,,,,
BB_Colyer_June,0.001561573,Didymocarpus,,,,,
BB_Colyer_June,0.001561573,Digitalis,,,,,
BB_Colyer_June,0.001561573,Dimorphocalyx,,,,,
BB_Colyer_June,0.001561573,Diplotropis,,,,,
BB_Colyer_June,0.001561573,Dipsacus,,,,,
BB_Colyer_June,0.001561573,Dipteronia,,,,,
BB_Colyer_June,0.001561573,Dischidia,,,,,
BB_Colyer_June,0.001561573,Donatia,,,,,
BB_Colyer_June,0.004684718,Dorstenia,,,,,
BB_Colyer_June,0.001561573,Draba,,,,,
BB_Colyer_June,0.273275243,Drymocallis,,,,,
BB_Colyer_June,0.004684718,Dumasia,,,,,
BB_Colyer_June,0.003123146,Dupontia,,,,,
BB_Colyer_June,0.001561573,Echinophora,,,,,
BB_Colyer_June,0.001561573,Echiochilon,,,,,
BB_Colyer_June,0.021862019,Echium,,,,,
BB_Colyer_June,0.046847184,Elaeagnus,,,,,
BB_Colyer_June,0.004684718,Empetrum,,,,,
BB_Colyer_June,0.029669884,Erica,,,,,
BB_Colyer_June,0.001561573,Erythrina,,,,,
BB_Colyer_June,0.001561573,Euphronia,,,,,
BB_Colyer_June,0.003123146,Fatsia,,,,,
BB_Colyer_June,0.012492583,Festuca,,,,,
BB_Colyer_June,0.004684718,Ficus,,,,,
BB_Colyer_June,0.001561573,Fleroya,,,,,
BB_Colyer_June,0.001561573,Galium,,,,,
BB_Colyer_June,0.001561573,Gastrolobium,,,,,
BB_Colyer_June,0.001561573,Gaylussacia,,,,,
BB_Colyer_June,0.001561573,Geum,,,,,
BB_Colyer_June,0.001561573,Gironniera,,,,,
BB_Colyer_June,0.004684718,Gleditsia,,,,,
BB_Colyer_June,0.001561573,Glycine,,,,,
BB_Colyer_June,0.001561573,Gontscharovia,,,,,
BB_Colyer_June,0.001561573,Grabowskia,,,,,
BB_Colyer_June,0.001561573,Haplophyllum,,,,,
BB_Colyer_June,0.015615728,Harveya,,,,,
BB_Colyer_June,0.043724039,Hedera,,,,,
BB_Colyer_June,0.001561573,Hedysarum,,,,,
BB_Colyer_June,0.003123146,Heliotropium,,,,,
BB_Colyer_June,0.001561573,Heracleum,,,,,
BB_Colyer_June,0.50438802,Hesperis,,,,,
BB_Colyer_June,0.006246291,Hibiscus,,,,,
BB_Colyer_June,0.001561573,Holcus,,,,,
BB_Colyer_June,0.024985165,Hovenia,,,,,
BB_Colyer_June,0.001561573,Hydnophytum,,,,,
BB_Colyer_June,0.003123146,Hydrangea,,,,,
BB_Colyer_June,0.059339767,Hyobanche,,,,,
BB_Colyer_June,0.007807864,Hyoscyamus,,,,,
BB_Colyer_June,0.007807864,Hypericum,,,,,
BB_Colyer_June,0.001561573,Indigofera,,,,,
BB_Colyer_June,0.001561573,Ipomoea,,,,,
BB_Colyer_June,0.001561573,Isodon,,,,,
BB_Colyer_June,0.006246291,Jacobaea,,,,,
BB_Colyer_June,0.001561573,Jatropha,,,,,
BB_Colyer_June,10.98254162,Kalmia,,,,,
BB_Colyer_June,0.006246291,Kolkwitzia,,,,,
BB_Colyer_June,0.007807864,Krameria,,,,,
BB_Colyer_June,0.001561573,Lens,,,,,
BB_Colyer_June,0.001561573,Lepisanthes,,,,,
BB_Colyer_June,0.001561573,Leptoderris,,,,,
BB_Colyer_June,0.001561573,Leucanthemum,,,,,
BB_Colyer_June,1.456947437,Ligustrum,,,,,
BB_Colyer_June,0.004684718,Liparophyllum,,,,,
BB_Colyer_June,4.334926138,Liriodendron,,,,,
BB_Colyer_June,0.227989631,Lonicera,,,,,
BB_Colyer_June,0.076517068,Lotus,,,,,
BB_Colyer_June,0.34354602,Lyonia,,,,,
BB_Colyer_June,0.001561573,Lysimachia,,,,,
BB_Colyer_June,0.001561573,Lysipomia,,,,,
BB_Colyer_June,0.003123146,Macaranga,,,,,
BB_Colyer_June,0.001561573,Macleania,,,,,
BB_Colyer_June,0.001561573,Madhuca,,,,,
BB_Colyer_June,0.651175864,Magnolia,,,,,
BB_Colyer_June,0.003123146,Maireana,,,,,
BB_Colyer_June,0.001561573,Malacomeles,,,,,
BB_Colyer_June,0.001561573,Mammea,,,,,
BB_Colyer_June,0.001561573,Marcetella,,,,,
BB_Colyer_June,0.001561573,Markea,,,,,
BB_Colyer_June,0.001561573,Matudaea,,,,,
BB_Colyer_June,0.003123146,Maytenus,,,,,
BB_Colyer_June,0.001561573,Monanthes,,,,,
BB_Colyer_June,0.003123146,Mulguraea,,,,,
BB_Colyer_June,0.003123146,Mussaenda,,,,,
BB_Colyer_June,0.034354602,Myrmeconauclea,,,,,
BB_Colyer_June,0.001561573,Nauclea,,,,,
BB_Colyer_June,0.004684718,Neoschumannia,,,,,
BB_Colyer_June,0.001561573,Neotorularia,,,,,
BB_Colyer_June,0.001561573,Nepenthes,,,,,
BB_Colyer_June,0.001561573,Nestegis,,,,,
BB_Colyer_June,0.078078641,Nicotiana,,,,,
BB_Colyer_June,0.001561573,Nitraria,,,,,
BB_Colyer_June,0.001561573,Notothlaspi,,,,,
BB_Colyer_June,0.001561573,Nymphaea,,,,,
BB_Colyer_June,0.007807864,Nyssa,,,,,
BB_Colyer_June,0.146787845,Onosma,,,,,
BB_Colyer_June,0.118679534,Oreocarya,,,,,
BB_Colyer_June,0.001561573,Origanum,,,,,
BB_Colyer_June,0.01093101,Osmanthus,,,,,
BB_Colyer_June,0.001561573,Ostericum,,,,,
BB_Colyer_June,0.001561573,Paraboea,,,,,
BB_Colyer_June,0.001561573,Peltaea,,,,,
BB_Colyer_June,0.001561573,Peplidium,,,,,
BB_Colyer_June,1.675567632,Phalaris,,,,,
BB_Colyer_June,0.001561573,Phippsia,,,,,
BB_Colyer_June,0.004684718,Photinia,,,,,
BB_Colyer_June,0.001561573,Phyllostylon,,,,,
BB_Colyer_June,0.024985165,Physaria,,,,,
BB_Colyer_June,0.007807864,Phytolacca,,,,,
BB_Colyer_June,0.001561573,Pieris,,,,,
BB_Colyer_June,0.001561573,Pimelea,,,,,
BB_Colyer_June,0.001561573,Pinus,,,,,
BB_Colyer_June,0.001561573,Pipturus,,,,,
BB_Colyer_June,0.001561573,Plagiobothrys,,,,,
BB_Colyer_June,0.006246291,Planchonella,,,,,
BB_Colyer_June,0.032793029,Plantago,,,,,
BB_Colyer_June,0.001561573,Poa,,,,,
BB_Colyer_June,0.001561573,Podolotus,,,,,
BB_Colyer_June,0.054655049,Polycnemum,,,,,
BB_Colyer_June,0.001561573,Polygonum,,,,,
BB_Colyer_June,0.014054155,Polylepis,,,,,
BB_Colyer_June,0.001561573,Polypogon,,,,,
BB_Colyer_June,0.001561573,Polyscias,,,,,
BB_Colyer_June,0.004684718,Pomaria,,,,,
BB_Colyer_June,0.01093101,Potentilla,,,,,
BB_Colyer_June,0.001561573,Pouteria,,,,,
BB_Colyer_June,0.001561573,Pradosia,,,,,
BB_Colyer_June,0.001561573,Protium,,,,,
BB_Colyer_June,0.03903932,Prunus,,,,,
BB_Colyer_June,0.014054155,Psychotria,,,,,
BB_Colyer_June,0.007807864,Psylliostachys,,,,,
BB_Colyer_June,0.003123146,Quercus,,,,,
BB_Colyer_June,0.120241107,Rhododendron,,,,,
BB_Colyer_June,0.023423592,Rhus,,,,,
BB_Colyer_June,0.023423592,Ribes,,,,,
BB_Colyer_June,0.006246291,Robinia,,,,,
BB_Colyer_June,28.8547425,Rosa,,,,,
BB_Colyer_June,0.001561573,Rotala,,,,,
BB_Colyer_June,0.446609825,Rubus,,,,,
BB_Colyer_June,0.004684718,Salix,,,,,
BB_Colyer_June,0.003123146,Salpiglossis,,,,,
BB_Colyer_June,0.003123146,Salsola,,,,,
BB_Colyer_June,0.028108311,Sambucus,,,,,
BB_Colyer_June,0.006246291,Sanguisorba,,,,,
BB_Colyer_June,0.001561573,Sanicula,,,,,
BB_Colyer_June,0.003123146,Scaevola,,,,,
BB_Colyer_June,0.001561573,Schultesianthus,,,,,
BB_Colyer_June,43.91142759,Securigera,,,,,
BB_Colyer_June,0.004684718,Sedum,,,,,
BB_Colyer_June,0.001561573,Senecio,,,,,
BB_Colyer_June,0.031231456,Senegalia,,,,,
BB_Colyer_June,0.131172117,Silene,,,,,
BB_Colyer_June,0.007807864,Sinocrassula,,,,,
BB_Colyer_June,0.018738874,Sinojohnstonia,,,,,
BB_Colyer_June,0.376339049,Solanum,,,,,
BB_Colyer_June,0.012492583,Spergularia,,,,,
BB_Colyer_June,0.004684718,Spiraea,,,,,
BB_Colyer_June,0.001561573,Stachys,,,,,
BB_Colyer_June,0.001561573,Stylosanthes,,,,,
BB_Colyer_June,0.001561573,Suregada,,,,,
BB_Colyer_June,3.021643399,Symphytum,,,,,
BB_Colyer_June,0.001561573,Syringa,,,,,
BB_Colyer_June,0.001561573,Tara,,,,,
BB_Colyer_June,0.001561573,Thapsia,,,,,
BB_Colyer_June,0.001561573,Thesium,,,,,
BB_Colyer_June,0.001561573,Tournefortia,,,,,
BB_Colyer_June,0.001561573,Tragia,,,,,
BB_Colyer_June,0.001561573,Tragiella,,,,,
BB_Colyer_June,0.001561573,Trevesia,,,,,
BB_Colyer_June,0.009369437,Trichogonia,,,,,
BB_Colyer_June,0.029669884,Trifolium,,,,,
BB_Colyer_June,0.001561573,Trymalium,,,,,
BB_Colyer_June,0.001561573,Turritis,,,,,
BB_Colyer_June,0.015615728,Tzeltalia,,,,,
BB_Colyer_June,0.012492583,Urceola,,,,,
BB_Colyer_June,0.001561573,Utricularia,,,,,
BB_Colyer_June,0.001561573,Vaccinium,,,,,
BB_Colyer_June,0.004684718,Vasconcellea,,,,,
BB_Colyer_June,0.001561573,Vella,,,,,
BB_Colyer_June,0.007807864,Vicia,,,,,
BB_Colyer_June,0.003123146,Viola,,,,,
BB_Colyer_June,0.131172117,Vitis,,,,,
BB_Colyer_June,0.001561573,Warneckea,,,,,
BB_Colyer_June,0.003123146,Wikstroemia,,,,,
BB_Colyer_June,0.004684718,Xeroderris,,,,,
BB_Colyer_June,0.003123146,Xylosma,,,,,
BB_Colyer_June,0.001561573,Ziziphus,,,,,
BB_Colyer_June,0.003123146,Zostera,,,,,
BB_FB_June,0.000794363,Acacia,,,,,
BB_FB_June,0.003177453,Acaena,,,,,
BB_FB_June,0.000794363,Acalypha,,,,,
BB_FB_June,0.011518266,Acanthocalyx,,,,,
BB_FB_June,0.000397182,Acanthopale,,,,,
BB_FB_June,0.006752087,Acer,,,,,
BB_FB_June,0.00238309,Achimenes,,,,,
BB_FB_June,0.000397182,Acleisanthes,,,,,
BB_FB_June,0.000794363,Adesmia,,,,,
BB_FB_June,0.000397182,Adinandra,,,,,
BB_FB_June,0.000397182,Adonis,,,,,
BB_FB_June,0.001191545,Aegopodium,,,,,
BB_FB_June,0.001588726,Agonandra,,,,,
BB_FB_June,0.000397182,Aizoanthemum,,,,,
BB_FB_June,0.001191545,Alangium,,,,,
BB_FB_June,0.001191545,Alchemilla,,,,,
BB_FB_June,0.001588726,Alectra,,,,,
BB_FB_June,0.001191545,Alnus,,,,,
BB_FB_June,0.000397182,Alphitonia,,,,,
BB_FB_June,0.003971816,Alseis,,,,,
BB_FB_June,0.004368998,Althaea,,,,,
BB_FB_June,0.000794363,Ammannia,,,,,
BB_FB_June,0.17634863,Ammodaucus,,,,,
BB_FB_June,0.003177453,Amphidasya,,,,,
BB_FB_June,0.000794363,Amphithalea,,,,,
BB_FB_June,0.000794363,Anemone,,,,,
BB_FB_June,0.00238309,Anthriscus,,,,,
BB_FB_June,0.000397182,Anthyllis,,,,,
BB_FB_June,0.004766179,Antopetitia,,,,,
BB_FB_June,0.000397182,Aphanamixis,,,,,
BB_FB_June,0.00238309,Aphananthe,,,,,
BB_FB_June,0.00238309,Arabis,,,,,
BB_FB_June,0.005560542,Aralia,,,,,
BB_FB_June,0.001588726,Argophyllum,,,,,
BB_FB_June,0.000397182,Artocarpus,,,,,
BB_FB_June,0.000397182,Asarina,,,,,
BB_FB_June,0.000397182,Asteranthera,,,,,
BB_FB_June,0.001985908,Astragalus,,,,,
BB_FB_June,0.014298538,Ateleia,,,,,
BB_FB_June,0.000397182,Atraphaxis,,,,,
BB_FB_June,0.000794363,Atriplex,,,,,
BB_FB_June,0.000397182,Atroxima,,,,,
BB_FB_June,0.000397182,Aucuba,,,,,
BB_FB_June,0.000794363,Auranticarpa,,,,,
BB_FB_June,0.000397182,Aureliana,,,,,
BB_FB_June,0.000397182,Badusa,,,,,
BB_FB_June,0.006354906,Baliospermum,,,,,
BB_FB_June,0.001191545,Ballota,,,,,
BB_FB_June,0.000397182,Baptisia,,,,,
BB_FB_June,0.000397182,Bauhinia,,,,,
BB_FB_June,0.000794363,Behaimia,,,,,
BB_FB_June,0.001191545,Bertiera,,,,,
BB_FB_June,0.000397182,Betonica,,,,,
BB_FB_June,0.000397182,Betula,,,,,
BB_FB_June,0.00754645,Blepharis,,,,,
BB_FB_June,0.000397182,Brachysola,,,,,
BB_FB_June,0.01747599,Brachystelma,,,,,
BB_FB_June,0.114388301,Brandisia,,,,,
BB_FB_June,0.003574634,Brassaiopsis,,,,,
BB_FB_June,0.000397182,Bromus,,,,,
BB_FB_June,0.000397182,Broussonetia,,,,,
BB_FB_June,0.001191545,Brunfelsia,,,,,
BB_FB_June,0.002780271,Bupleurum,,,,,
BB_FB_June,0.000397182,Bursaria,,,,,
BB_FB_June,0.000397182,Bursera,,,,,
BB_FB_June,0.00238309,Cabomba,,,,,
BB_FB_June,0.000397182,Calceolaria,,,,,
BB_FB_June,0.000794363,Callerya,,,,,
BB_FB_June,0.000397182,Callirhoe,,,,,
BB_FB_June,0.000397182,Callisia,,,,,
BB_FB_June,0.001191545,Calyculogygas,,,,,
BB_FB_June,0.001588726,Camellia,,,,,
BB_FB_June,0.000397182,Canavalia,,,,,
BB_FB_June,0.001191545,Canthium,,,,,
BB_FB_June,0.000397182,Capraria,,,,,
BB_FB_June,0.000794363,Capsella,,,,,
BB_FB_June,0.001985908,Capsicum,,,,,
BB_FB_June,0.001985908,Caragana,,,,,
BB_FB_June,0.000397182,Carduus,,,,,
BB_FB_June,0.003177453,Carmichaelia,,,,,
BB_FB_June,0.000397182,Carnarvonia,,,,,
BB_FB_June,0.003971816,Caroxylon,,,,,
BB_FB_June,0.000397182,Carpodetus,,,,,
BB_FB_June,0.000397182,Carya,,,,,
BB_FB_June,0.000397182,Castanea,,,,,
BB_FB_June,0.000397182,Castelnavia,,,,,
BB_FB_June,0.000794363,Catesbaea,,,,,
BB_FB_June,0.000794363,Cedronella,,,,,
BB_FB_June,0.022639351,Celastrus,,,,,
BB_FB_June,0.002780271,Celtis,,,,,
BB_FB_June,0.001191545,Centaurea,,,,,
BB_FB_June,0.002780271,Cerastium,,,,,
BB_FB_June,0.000397182,Chaetocalyx,,,,,
BB_FB_June,0.006354906,Chamaecrista,,,,,
BB_FB_June,0.000397182,Chamaesium,,,,,
BB_FB_June,0.000397182,Chapmannia,,,,,
BB_FB_June,0.556054239,Chelidonium,,,,,
BB_FB_June,0.000397182,Chelonopsis,,,,,
BB_FB_June,0.000397182,Chesneya,,,,,
BB_FB_June,0.000794363,Chionanthus,,,,,
BB_FB_June,0.000794363,Chionophila,,,,,
BB_FB_June,0.000397182,Chlorella,,,,,
BB_FB_June,0.001191545,Chomelia,,,,,
BB_FB_June,0.003971816,Christisonia,,,,,
BB_FB_June,0.000794363,Chrysophyllum,,,,,
BB_FB_June,0.027802712,Chuquiraga,,,,,
BB_FB_June,0.595375217,Cicer,,,,,
BB_FB_June,0.000397182,Cineraria,,,,,
BB_FB_June,0.000794363,Cinnamomum,,,,,
BB_FB_June,0.003574634,Cissus,,,,,
BB_FB_June,0.000397182,Citharexylum,,,,,
BB_FB_June,0.000397182,Clematis,,,,,
BB_FB_June,0.000794363,Cleonia,,,,,
BB_FB_June,0.017078809,Cliffortia,,,,,
BB_FB_June,0.003574634,Clinopodium,,,,,
BB_FB_June,0.000794363,Clusia,,,,,
BB_FB_June,0.000397182,Codonanthopsis,,,,,
BB_FB_June,0.003574634,Coffea,,,,,
BB_FB_June,0.000794363,Colea,,,,,
BB_FB_June,0.000397182,Coleogyne,,,,,
BB_FB_June,0.000397182,Colliguaja,,,,,
BB_FB_June,0.000397182,Colubrina,,,,,
BB_FB_June,0.000397182,Coluria,,,,,
BB_FB_June,0.000397182,Condalia,,,,,
BB_FB_June,0.001985908,Conium,,,,,
BB_FB_June,0.000397182,Convolvulus,,,,,
BB_FB_June,0.000794363,Corchoropsis,,,,,
BB_FB_June,6.59083146,Cornus,,,,,
BB_FB_June,0.000794363,Coronilla,,,,,
BB_FB_June,0.000794363,Cotyledon,,,,,
BB_FB_June,0.000794363,Crassula,,,,,
BB_FB_June,0.094132039,Crataegus,,,,,
BB_FB_June,0.000397182,Craterocapsa,,,,,
BB_FB_June,0.005163361,Cremosperma,,,,,
BB_FB_June,0.000397182,Crotalaria,,,,,
BB_FB_June,0.003574634,Cubanola,,,,,
BB_FB_June,0.000397182,Cuphea,,,,,
BB_FB_June,0.000397182,Cuscuta,,,,,
BB_FB_June,0.000397182,Cuttsia,,,,,
BB_FB_June,0.000794363,Cyananthus,,,,,
BB_FB_June,0.000397182,Cymbalaria,,,,,
BB_FB_June,0.000397182,Cynoglossum,,,,,
BB_FB_June,0.000397182,Cypripedium,,,,,
BB_FB_June,0.000397182,Cyrilla,,,,,
BB_FB_June,0.001985908,Cyrtandra,,,,,
BB_FB_June,0.000397182,Cytisus,,,,,
BB_FB_June,0.004368998,Dactylis,,,,,
BB_FB_June,0.000397182,Danais,,,,,
BB_FB_June,0.001191545,Dasyphyllum,,,,,
BB_FB_June,0.000794363,Delarbrea,,,,,
BB_FB_June,0.000794363,Delphinium,,,,,
BB_FB_June,0.00238309,Dendropanax,,,,,
BB_FB_June,0.000397182,Dendrotrophe,,,,,
BB_FB_June,0.000397182,Depanthus,,,,,
BB_FB_June,0.000794363,Deprea,,,,,
BB_FB_June,0.000794363,Desmodium,,,,,
BB_FB_June,0.001985908,Diabelia,,,,,
BB_FB_June,0.000794363,Dicranostigma,,,,,
BB_FB_June,0.000397182,Digitalis,,,,,
BB_FB_June,0.000794363,Diostea,,,,,
BB_FB_June,0.005163361,Dipsacus,,,,,
BB_FB_June,0.001191545,Donatia,,,,,
BB_FB_June,0.001588726,Dorstenia,,,,,
BB_FB_June,0.001985908,Dracocephalum,,,,,
BB_FB_June,0.005957724,Drymocallis,,,,,
BB_FB_June,0.001191545,Ducrosia,,,,,
BB_FB_June,0.000794363,Dysphania,,,,,
BB_FB_June,0.000794363,Echeveria,,,,,
BB_FB_June,0.000794363,Ekimia,,,,,
BB_FB_June,0.003971816,Elaeagnus,,,,,
BB_FB_June,0.000397182,Eleocharis,,,,,
BB_FB_June,0.009135177,Eleutherococcus,,,,,
BB_FB_June,0.000397182,Englerophytum,,,,,
BB_FB_June,0.000397182,Epirixanthes,,,,,
BB_FB_June,0.000397182,Episcia,,,,,
BB_FB_June,0.001191545,Eremophila,,,,,
BB_FB_June,0.000397182,Erigeron,,,,,
BB_FB_June,0.00238309,Eriodictyon,,,,,
BB_FB_June,0.000794363,Erythranthe,,,,,
BB_FB_June,0.000397182,Erythrina,,,,,
BB_FB_June,0.000397182,Eschweilera,,,,,
BB_FB_June,0.001985908,Eucrypta,,,,,
BB_FB_June,0.000397182,Eugenia,,,,,
BB_FB_June,0.013901356,Euphorbia,,,,,
BB_FB_June,0.001985908,Eurypetalum,,,,,
BB_FB_June,0.000794363,Fagonia,,,,,
BB_FB_June,0.056796969,Fatsia,,,,,
BB_FB_June,0.000794363,Ferula,,,,,
BB_FB_June,0.001191545,Festuca,,,,,
BB_FB_June,0.004368998,Ficus,,,,,
BB_FB_June,0.000397182,Foeniculum,,,,,
BB_FB_June,0.00238309,Forsythia,,,,,
BB_FB_June,0.000397182,Franklinia,,,,,
BB_FB_June,0.000397182,Gagea,,,,,
BB_FB_June,0.000397182,Galium,,,,,
BB_FB_June,0.000397182,Gasteranthus,,,,,
BB_FB_June,0.001191545,Gastrolobium,,,,,
BB_FB_June,0.001588726,Gentiana,,,,,
BB_FB_June,0.003177453,Geum,,,,,
BB_FB_June,0.000794363,Giliastrum,,,,,
BB_FB_June,0.000397182,Gingidia,,,,,
BB_FB_June,0.000794363,Glandularia,,,,,
BB_FB_June,0.016284446,Gleditsia,,,,,
BB_FB_June,0.001191545,Glycine,,,,,
BB_FB_June,0.001588726,Gmelina,,,,,
BB_FB_June,0.001588726,Gontscharovia,,,,,
BB_FB_June,0.00238309,Goodenia,,,,,
BB_FB_June,0.001191545,Goodia,,,,,
BB_FB_June,0.001191545,Grabowskia,,,,,
BB_FB_June,0.01231263,Greuteria,,,,,
BB_FB_June,0.000397182,Grewia,,,,,
BB_FB_June,0.000794363,Griffinia,,,,,
BB_FB_June,0.002780271,Gymnocladus,,,,,
BB_FB_June,0.000794363,Gynochthodes,,,,,
BB_FB_June,0.001588726,Haberlea,,,,,
BB_FB_June,0.000397182,Halophytum,,,,,
BB_FB_June,0.000794363,Haloragis,,,,,
BB_FB_June,0.000397182,Handroanthus,,,,,
BB_FB_June,0.000397182,Haplocarpha,,,,,
BB_FB_June,0.001588726,Hardwickia,,,,,
BB_FB_June,0.001191545,Harleyodendron,,,,,
BB_FB_June,0.000794363,Harveya,,,,,
BB_FB_June,0.146957192,Hedera,,,,,
BB_FB_June,0.001191545,Hedyotis,,,,,
BB_FB_June,0.000397182,Hedysarum,,,,,
BB_FB_June,0.004368998,Helleborus,,,,,
BB_FB_June,0.000794363,Heracleum,,,,,
BB_FB_June,0.001588726,Hesperis,,,,,
BB_FB_June,0.000397182,Hibiscus,,,,,
BB_FB_June,0.000794363,Hoehnea,,,,,
BB_FB_June,0.000794363,Hoffmannseggia,,,,,
BB_FB_June,0.000397182,Holocheila,,,,,
BB_FB_June,0.000794363,Holographis,,,,,
BB_FB_June,0.000397182,Hovenia,,,,,
BB_FB_June,0.005163361,Howellia,,,,,
BB_FB_June,0.000794363,Humbertia,,,,,
BB_FB_June,0.000397182,Humulus,,,,,
BB_FB_June,0.00754645,Hydnophytum,,,,,
BB_FB_June,0.001985908,Hylomecon,,,,,
BB_FB_June,0.003177453,Hylotelephium,,,,,
BB_FB_June,0.000397182,Hymenocoleus,,,,,
BB_FB_June,0.083010954,Hyobanche,,,,,
BB_FB_June,1.067624139,Hyoscyamus,,,,,
BB_FB_June,0.001588726,Hypericum,,,,,
BB_FB_June,0.000397182,Hypocalyptus,,,,,
BB_FB_June,0.00238309,Hyptis,,,,,
BB_FB_June,0.000397182,Ianthopappus,,,,,
BB_FB_June,0.004766179,Indigofera,,,,,
BB_FB_June,0.002780271,Ipomoea,,,,,
BB_FB_June,0.008340814,Isodon,,,,,
BB_FB_June,0.000397182,Jacobaea,,,,,
BB_FB_June,0.000397182,Jacquemontia,,,,,
BB_FB_June,0.015092901,Jatropha,,,,,
BB_FB_June,0.001588726,Juglans,,,,,
BB_FB_June,0.000397182,Justicia,,,,,
BB_FB_June,0.000397182,Kalopanax,,,,,
BB_FB_June,0.001985908,Knautia,,,,,
BB_FB_June,0.000397182,Koenigia,,,,,
BB_FB_June,0.005560542,Kohleria,,,,,
BB_FB_June,0.000794363,Kolkwitzia,,,,,
BB_FB_June,0.000794363,Krameria,,,,,
BB_FB_June,0.000397182,Laportea,,,,,
BB_FB_June,0.001588726,Lardizabala,,,,,
BB_FB_June,0.000397182,Lasianthus,,,,,
BB_FB_June,0.000397182,Lasiodiscus,,,,,
BB_FB_June,0.010326722,Lathyrus,,,,,
BB_FB_June,0.001588726,Lens,,,,,
BB_FB_June,0.000397182,Lepechinia,,,,,
BB_FB_June,0.000397182,Lepidium,,,,,
BB_FB_June,0.000794363,Leptadenia,,,,,
BB_FB_June,0.001588726,Leptoderris,,,,,
BB_FB_June,0.000794363,Leptoglossis,,,,,
BB_FB_June,0.001191545,Lespedeza,,,,,
BB_FB_June,0.000397182,Leucaena,,,,,
BB_FB_June,0.000397182,Leucophysalis,,,,,
BB_FB_June,0.000794363,Libidibia,,,,,
BB_FB_June,2.877977869,Ligustrum,,,,,
BB_FB_June,0.000794363,Lilium,,,,,
BB_FB_June,0.001191545,Linanthus,,,,,
BB_FB_June,0.000397182,Lindenbergia,,,,,
BB_FB_June,0.276041212,Liriodendron,,,,,
BB_FB_June,0.000397182,Lobelia,,,,,
BB_FB_June,0.001191545,Lomatium,,,,,
BB_FB_June,0.000794363,Lonchocarpus,,,,,
BB_FB_June,0.009532358,Lonicera,,,,,
BB_FB_June,0.000794363,Lophozonia,,,,,
BB_FB_June,0.000397182,Loropetalum,,,,,
BB_FB_June,0.003574634,Lotus,,,,,
BB_FB_June,0.003177453,Lycium,,,,,
BB_FB_June,0.000397182,Lycoris,,,,,
BB_FB_June,0.000397182,Lysimachia,,,,,
BB_FB_June,0.003177453,Lysipomia,,,,,
BB_FB_June,0.001191545,Maackia,,,,,
BB_FB_June,0.019064717,Macaranga,,,,,
BB_FB_June,0.008340814,Maclura,,,,,
BB_FB_June,0.043292794,Magnolia,,,,,
BB_FB_June,0.000397182,Magoniella,,,,,
BB_FB_June,0.000397182,Maianthemum,,,,,
BB_FB_June,0.004766179,Maingaya,,,,,
BB_FB_June,0.000397182,Malacocera,,,,,
BB_FB_June,0.000397182,Malacomeles,,,,,
BB_FB_June,0.000794363,Mallotus,,,,,
BB_FB_June,0.000794363,Malus,,,,,
BB_FB_June,0.000397182,Mammea,,,,,
BB_FB_June,0.000794363,Marcetella,,,,,
BB_FB_June,0.000397182,Margyricarpus,,,,,
BB_FB_June,0.004368998,Matudaea,,,,,
BB_FB_June,0.000397182,Maytenus,,,,,
BB_FB_June,0.001588726,Medicago,,,,,
BB_FB_June,0.000397182,Melasma,,,,,
BB_FB_June,0.000397182,Melosperma,,,,,
BB_FB_June,0.000397182,Meriania,,,,,
BB_FB_June,0.03733507,Merremia,,,,,
BB_FB_June,0.000397182,Merrilliopanax,,,,,
BB_FB_June,0.000397182,Meryta,,,,,
BB_FB_June,0.000397182,Mespilus,,,,,
BB_FB_June,0.000397182,Miconia,,,,,
BB_FB_June,0.000397182,Microcos,,,,,
BB_FB_June,0.001588726,Micromeria,,,,,
BB_FB_June,0.000397182,Mimusops,,,,,
BB_FB_June,0.000397182,Mitrasacme,,,,,
BB_FB_June,0.000397182,Monanthes,,,,,
BB_FB_June,0.001191545,Monopteryx,,,,,
BB_FB_June,0.000397182,Mouriri,,,,,
BB_FB_June,0.000397182,Muehlenbeckia,,,,,
BB_FB_June,0.001588726,Mulguraea,,,,,
BB_FB_June,0.001985908,Mussaenda,,,,,
BB_FB_June,0.000397182,Myoporum,,,,,
BB_FB_June,0.000397182,Myosurus,,,,,
BB_FB_June,0.000794363,Myriophyllum,,,,,
BB_FB_June,0.063151874,Myrmeconauclea,,,,,
BB_FB_June,0.003574634,Myrospermum,,,,,
BB_FB_June,0.001985908,Nama,,,,,
BB_FB_June,0.001985908,Napeanthus,,,,,
BB_FB_June,0.000794363,Nauclea,,,,,
BB_FB_June,0.000794363,Neillia,,,,,
BB_FB_June,0.000397182,Neohemsleya,,,,,
BB_FB_June,0.000397182,Neolaugeria,,,,,
BB_FB_June,0.005163361,Neoschumannia,,,,,
BB_FB_June,0.000397182,Nepenthes,,,,,
BB_FB_June,0.000397182,Nephrophyllidium,,,,,
BB_FB_June,0.73994932,Nicotiana,,,,,
BB_FB_June,0.001191545,Noltea,,,,,
BB_FB_June,0.000397182,Notothlaspi,,,,,
BB_FB_June,0.000397182,Nymphaea,,,,,
BB_FB_June,0.001191545,Nyssa,,,,,
BB_FB_June,0.001588726,Ocimum,,,,,
BB_FB_June,0.000397182,Odontites,,,,,
BB_FB_June,0.000397182,Oemleria,,,,,
BB_FB_June,0.002780271,Ononis,,,,,
BB_FB_June,0.000397182,Opercularia,,,,,
BB_FB_June,0.000397182,Ophiopogon,,,,,
BB_FB_June,0.000794363,Ophiorrhiza,,,,,
BB_FB_June,0.000397182,Oreobolus,,,,,
BB_FB_June,0.001985908,Origanum,,,,,
BB_FB_June,0.000397182,Orobanche,,,,,
BB_FB_June,0.001191545,Orostachys,,,,,
BB_FB_June,0.001985908,Orthanthera,,,,,
BB_FB_June,0.000794363,Osmanthus,,,,,
BB_FB_June,0.000397182,Osmorhiza,,,,,
BB_FB_June,0.003574634,Osmoxylon,,,,,
BB_FB_June,0.000794363,Ostrearia,,,,,
BB_FB_June,0.015092901,Oxera,,,,,
BB_FB_June,0.009135177,Oxyphyllum,,,,,
BB_FB_June,0.001191545,Oxytropis,,,,,
BB_FB_June,0.007149269,Padbruggea,,,,,
BB_FB_June,0.000397182,Panax,,,,,
BB_FB_June,0.001191545,Parochetus,,,,,
BB_FB_June,0.000794363,Parodianthus,,,,,
BB_FB_June,0.000794363,Pedicularis,,,,,
BB_FB_June,0.00238309,Peltodon,,,,,
BB_FB_June,0.004368998,Peperomia,,,,,
BB_FB_June,0.000397182,Pereskia,,,,,
BB_FB_June,0.000397182,Petradoria,,,,,
BB_FB_June,0.001588726,Phaseolus,,,,,
BB_FB_June,0.00238309,Philadelphus,,,,,
BB_FB_June,0.001191545,Phlomoides,,,,,
BB_FB_June,0.000397182,Phlox,,,,,
BB_FB_June,0.002780271,Photinia,,,,,
BB_FB_June,0.000397182,Phyla,,,,,
BB_FB_June,0.000397182,Phyllanthus,,,,,
BB_FB_June,0.000397182,Phyllarthron,,,,,
BB_FB_June,0.000397182,Phyllospadix,,,,,
BB_FB_June,0.003971816,Physalis,,,,,
BB_FB_June,0.001588726,Phytolacca,,,,,
BB_FB_June,0.000397182,Pichonia,,,,,
BB_FB_June,0.001588726,Pieris,,,,,
BB_FB_June,0.001191545,Piloblephis,,,,,
BB_FB_June,0.000397182,Pilosella,,,,,
BB_FB_June,0.000397182,Pimelea,,,,,
BB_FB_June,0.001191545,Pinus,,,,,
BB_FB_June,0.01985908,Pittosporum,,,,,
BB_FB_June,0.00238309,Pityrodia,,,,,
BB_FB_June,0.001588726,Plagiomnium,,,,,
BB_FB_June,0.002780271,Planchonella,,,,,
BB_FB_June,0.000794363,Plantago,,,,,
BB_FB_June,0.000397182,Pleioluma,,,,,
BB_FB_June,0.001191545,Poa,,,,,
BB_FB_June,0.001191545,Podostemaceae,,,,,
BB_FB_June,0.001985908,Polycnemum,,,,,
BB_FB_June,0.054811061,Polygala,,,,,
BB_FB_June,0.000794363,Polygonum,,,,,
BB_FB_June,0.000397182,Polypogon,,,,,
BB_FB_June,0.023433714,Polyscias,,,,,
BB_FB_June,0.002780271,Pomaria,,,,,
BB_FB_June,0.001588726,Posoqueria,,,,,
BB_FB_June,0.000794363,Potamogeton,,,,,
BB_FB_June,0.001191545,Potentilla,,,,,
BB_FB_June,0.001985908,Pouteria,,,,,
BB_FB_June,0.000397182,Primula,,,,,
BB_FB_June,0.005957724,Primulina,,,,,
BB_FB_June,0.000397182,Prinsepia,,,,,
BB_FB_June,0.000397182,Proboscidea,,,,,
BB_FB_June,0.000397182,Protium,,,,,
BB_FB_June,0.018667535,Prunus,,,,,
BB_FB_June,0.001588726,Psorothamnus,,,,,
BB_FB_June,0.001588726,Psychotria,,,,,
BB_FB_June,0.000397182,Psylliostachys,,,,,
BB_FB_June,0.000397182,Pultenaea,,,,,
BB_FB_June,0.000397182,Pyracantha,,,,,
BB_FB_June,0.001985908,Quercus,,,,,
BB_FB_June,0.013504174,Ranunculus,,,,,
BB_FB_June,0.000397182,Raphiocarpus,,,,,
BB_FB_June,0.000397182,Rhipsalis,,,,,
BB_FB_June,0.000794363,Rhodotypos,,,,,
BB_FB_June,0.001588726,Rhynchocorys,,,,,
BB_FB_June,0.000397182,Rhytidophyllum,,,,,
BB_FB_June,0.002780271,Ribes,,,,,
BB_FB_June,2.213095872,Rosa,,,,,
BB_FB_June,0.000397182,Rubia,,,,,
BB_FB_June,1.296797922,Rubus,,,,,
BB_FB_June,0.000794363,Rumex,,,,,
BB_FB_June,0.000397182,Sagittaria,,,,,
BB_FB_June,0.000794363,Sairocarpus,,,,,
BB_FB_June,0.000397182,Salpichroa,,,,,
BB_FB_June,0.000794363,Salpiglossis,,,,,
BB_FB_June,0.001588726,Salvia,,,,,
BB_FB_June,3.998427161,Sambucus,,,,,
BB_FB_June,0.000794363,Samolus,,,,,
BB_FB_June,0.000397182,Sanguisorba,,,,,
BB_FB_June,0.001588726,Sanicula,,,,,
BB_FB_June,0.000794363,Santalum,,,,,
BB_FB_June,0.000397182,Sarcobatus,,,,,
BB_FB_June,0.00238309,Saxifraga,,,,,
BB_FB_June,0.015092901,Scaevola,,,,,
BB_FB_June,0.000794363,Schizanthus,,,,,
BB_FB_June,0.000397182,Schizocodon,,,,,
BB_FB_June,0.000397182,Sclerochiton,,,,,
BB_FB_June,0.000794363,Scrophularia,,,,,
BB_FB_June,0.003971816,Securigera,,,,,
BB_FB_June,0.006354906,Sedum,,,,,
BB_FB_June,0.000794363,Seguieria,,,,,
BB_FB_June,0.000794363,Senecio,,,,,
BB_FB_June,0.05957724,Senegalia,,,,,
BB_FB_June,0.000397182,Sesbania,,,,,
BB_FB_June,0.000397182,Seseli,,,,,
BB_FB_June,0.001588726,Sidalcea,,,,,
BB_FB_June,0.000794363,Silene,,,,,
BB_FB_June,0.000397182,Silphiodaucus,,,,,
BB_FB_June,0.000397182,Sinningia,,,,,
BB_FB_June,0.001191545,Sinocrassula,,,,,
BB_FB_June,0.000794363,Solandra,,,,,
BB_FB_June,45.75174561,Solanum,,,,,
BB_FB_June,0.002780271,Solori,,,,,
BB_FB_June,0.000794363,Sopubia,,,,,
BB_FB_June,0.006354906,Spergularia,,,,,
BB_FB_June,0.000397182,Sphaerostylis,,,,,
BB_FB_June,0.00754645,Spiraea,,,,,
BB_FB_June,0.00238309,Stachys,,,,,
BB_FB_June,0.001191545,Stellaria,,,,,
BB_FB_June,0.000397182,Stenandrium,,,,,
BB_FB_June,0.001191545,Stewartia,,,,,
BB_FB_June,0.001985908,Streptocarpus,,,,,
BB_FB_June,0.000397182,Striga,,,,,
BB_FB_June,0.000397182,Stylosanthes,,,,,
BB_FB_June,0.001191545,Sulla,,,,,
BB_FB_June,0.002780271,Sutherlandia,,,,,
BB_FB_June,0.001191545,Symphoricarpos,,,,,
BB_FB_June,0.000397182,Symphyotrichum,,,,,
BB_FB_June,0.010723903,Syringa,,,,,
BB_FB_June,0.007943632,Tara,,,,,
BB_FB_June,0.000794363,Taraxacum,,,,,
BB_FB_June,0.000397182,Tecoma,,,,,
BB_FB_June,0.000397182,Tetraberlinia,,,,,
BB_FB_June,0.000794363,Tetracentron,,,,,
BB_FB_June,0.000397182,Tetrastigma,,,,,
BB_FB_June,0.000794363,Thamnea,,,,,
BB_FB_June,0.00238309,Thapsia,,,,,
BB_FB_June,0.000794363,Tigridia,,,,,
BB_FB_June,0.000794363,Tilia,,,,,
BB_FB_June,0.000397182,Tirpitzia,,,,,
BB_FB_June,0.001191545,Tordylium,,,,,
BB_FB_June,0.002780271,Torminalis,,,,,
BB_FB_June,0.003177453,Tournefortia,,,,,
BB_FB_June,0.001985908,Toxicodendron,,,,,
BB_FB_June,0.000397182,Tragia,,,,,
BB_FB_June,0.004368998,Tragiella,,,,,
BB_FB_June,0.000794363,Trema,,,,,
BB_FB_June,0.003177453,Trevesia,,,,,
BB_FB_June,31.46075449,Trifolium,,,,,
BB_FB_June,0.003971816,Trigonella,,,,,
BB_FB_June,0.00238309,Triosteum,,,,,
BB_FB_June,0.000794363,Trompettia,,,,,
BB_FB_June,0.002780271,Tylosema,,,,,
BB_FB_June,0.274849667,Tzeltalia,,,,,
BB_FB_June,0.000397182,Utricularia,,,,,
BB_FB_June,0.001191545,Vaccinium,,,,,
BB_FB_June,0.001588726,Valeriana,,,,,
BB_FB_June,0.001588726,Van-royena,,,,,
BB_FB_June,0.000397182,Vancouveria,,,,,
BB_FB_June,0.001191545,Vasconcellea,,,,,
BB_FB_June,0.000397182,Verbena,,,,,
BB_FB_June,0.002780271,Vernicia,,,,,
BB_FB_June,0.000397182,Vesper,,,,,
BB_FB_June,0.121934751,Viburnum,,,,,
BB_FB_June,0.004766179,Vicia,,,,,
BB_FB_June,0.001588726,Viola,,,,,
BB_FB_June,0.009532358,Virectaria,,,,,
BB_FB_June,0.001191545,Vitex,,,,,
BB_FB_June,0.246252592,Vitis,,,,,
BB_FB_June,0.000397182,Wigandia,,,,,
BB_FB_June,0.000397182,Xantolis,,,,,
BB_FB_June,0.00238309,Ximenia,,,,,
BB_FB_June,0.000397182,Yeatesia,,,,,
BB_FB_June,0.000397182,Ziziphora,,,,,
BB_FB_June,0.000397182,Ziziphus,,,,,
BB_Hyner_June,0.017408966,Acacia,,,,,
BB_Hyner_June,0.059964215,Acaena,,,,,
BB_Hyner_June,0.000967165,Acanthocalyx,,,,,
BB_Hyner_June,0.002901494,Acanthus,,,,,
BB_Hyner_June,0.012573142,Acer,,,,,
BB_Hyner_June,0.00193433,Achimenes,,,,,
BB_Hyner_June,0.004835824,Acmispon,,,,,
BB_Hyner_June,0.000967165,Acronema,,,,,
BB_Hyner_June,0.002901494,Actaea,,,,,
BB_Hyner_June,0.000967165,Adina,,,,,
BB_Hyner_June,0.000967165,Aglaia,,,,,
BB_Hyner_June,0.008704483,Agrostis,,,,,
BB_Hyner_June,0.00193433,Aidia,,,,,
BB_Hyner_June,0.000967165,Aizoon,,,,,
BB_Hyner_June,0.000967165,Alectra,,,,,
BB_Hyner_June,0.00193433,Allophylus,,,,,
BB_Hyner_June,0.006770153,Alseis,,,,,
BB_Hyner_June,0.002901494,Alternanthera,,,,,
BB_Hyner_June,0.000967165,Amelanchier,,,,,
BB_Hyner_June,0.00193433,Amicia,,,,,
BB_Hyner_June,0.045456744,Ammodaucus,,,,,
BB_Hyner_June,0.000967165,Ammothamnus,,,,,
BB_Hyner_June,0.000967165,Ampelocissus,,,,,
BB_Hyner_June,0.000967165,Amphidasya,,,,,
BB_Hyner_June,0.243725519,Amphithalea,,,,,
BB_Hyner_June,0.000967165,Anemone,,,,,
BB_Hyner_June,0.000967165,Antidesma,,,,,
BB_Hyner_June,0.000967165,Antiphytum,,,,,
BB_Hyner_June,0.007737318,Antirrhinum,,,,,
BB_Hyner_June,0.002901494,Antopetitia,,,,,
BB_Hyner_June,0.000967165,Aphananthe,,,,,
BB_Hyner_June,0.177958315,Apocynum,,,,,
BB_Hyner_June,0.000967165,Arabis,,,,,
BB_Hyner_June,0.002901494,Aremonia,,,,,
BB_Hyner_June,0.000967165,Aristotelia,,,,,
BB_Hyner_June,0.00193433,Artemisia,,,,,
BB_Hyner_June,0.000967165,Asparagus,,,,,
BB_Hyner_June,0.000967165,Astragalus,,,,,
BB_Hyner_June,0.000967165,Ateleia,,,,,
BB_Hyner_June,0.000967165,Atocion,,,,,
BB_Hyner_June,0.000967165,Atraphaxis,,,,,
BB_Hyner_June,0.00193433,Baliospermum,,,,,
BB_Hyner_June,0.00193433,Ballota,,,,,
BB_Hyner_June,0.002901494,Baptisia,,,,,
BB_Hyner_June,0.000967165,Barnebya,,,,,
BB_Hyner_June,0.000967165,Berlinia,,,,,
BB_Hyner_June,0.000967165,Betula,,,,,
BB_Hyner_June,0.175056821,Brandisia,,,,,
BB_Hyner_June,0.000967165,Brassaiopsis,,,,,
BB_Hyner_June,0.000967165,Brunfelsia,,,,,
BB_Hyner_June,0.000967165,Bupleurum,,,,,
BB_Hyner_June,0.002901494,Bursera,,,,,
BB_Hyner_June,0.022244789,Calliandra,,,,,
BB_Hyner_June,0.000967165,Calycophyllum,,,,,
BB_Hyner_June,0.000967165,Calyculogygas,,,,,
BB_Hyner_June,0.00193433,Campanula,,,,,
BB_Hyner_June,0.000967165,Canthium,,,,,
BB_Hyner_June,0.000967165,Carex,,,,,
BB_Hyner_June,0.00193433,Carmichaelia,,,,,
BB_Hyner_June,0.000967165,Caroxylon,,,,,
BB_Hyner_June,0.019343295,Castanea,,,,,
BB_Hyner_June,0.002901494,Castelnavia,,,,,
BB_Hyner_June,0.000967165,Cedrela,,,,,
BB_Hyner_June,0.083176169,Celastrus,,,,,
BB_Hyner_June,0.000967165,Celtis,,,,,
BB_Hyner_June,0.000967165,Centaurea,,,,,
BB_Hyner_June,0.506794332,Cephalanthus,,,,,
BB_Hyner_June,0.000967165,Cerastium,,,,,
BB_Hyner_June,0.00193433,Chaenomeles,,,,,
BB_Hyner_June,0.000967165,Chamabainia,,,,,
BB_Hyner_June,0.000967165,Chamaebatiaria,,,,,
BB_Hyner_June,0.00193433,Chamaecrista,,,,,
BB_Hyner_June,0.000967165,Cheiranthera,,,,,
BB_Hyner_June,0.00193433,Chenopodium,,,,,
BB_Hyner_June,0.00193433,Chrysanthemum,,,,,
BB_Hyner_June,0.183761304,Cicer,,,,,
BB_Hyner_June,0.000967165,Cinnamomum,,,,,
BB_Hyner_June,0.026113448,Cirsium,,,,,
BB_Hyner_June,0.000967165,Clarkia,,,,,
BB_Hyner_June,0.000967165,Clathrotropis,,,,,
BB_Hyner_June,0.004835824,Clematis,,,,,
BB_Hyner_June,0.002901494,Cliffortia,,,,,
BB_Hyner_June,0.000967165,Clinopodium,,,,,
BB_Hyner_June,0.000967165,Clusia,,,,,
BB_Hyner_June,0.000967165,Coffea,,,,,
BB_Hyner_June,0.000967165,Colombobalanus,,,,,
BB_Hyner_June,0.019343295,Colubrina,,,,,
BB_Hyner_June,0.000967165,Coluria,,,,,
BB_Hyner_June,0.008704483,Combretum,,,,,
BB_Hyner_June,0.000967165,Conyza,,,,,
BB_Hyner_June,0.000967165,Cormus,,,,,
BB_Hyner_June,0.00193433,Cornus,,,,,
BB_Hyner_June,0.002901494,Coronanthera,,,,,
BB_Hyner_June,0.059964215,Coronilla,,,,,
BB_Hyner_June,0.023211954,Cotoneaster,,,,,
BB_Hyner_June,0.000967165,Cotyledon,,,,,
BB_Hyner_June,0.000967165,Coursetia,,,,,
BB_Hyner_June,0.000967165,Crataegus,,,,,
BB_Hyner_June,0.000967165,Croton,,,,,
BB_Hyner_June,0.00193433,Cryptandra,,,,,
BB_Hyner_June,0.000967165,Cubanola,,,,,
BB_Hyner_June,0.000967165,Cupania,,,,,
BB_Hyner_June,0.000967165,Cuphea,,,,,
BB_Hyner_June,0.006770153,Cuscuta,,,,,
BB_Hyner_June,0.000967165,Cynara,,,,,
BB_Hyner_June,0.000967165,Cyrtandra,,,,,
BB_Hyner_June,0.00193433,Cytisopsis,,,,,
BB_Hyner_June,0.000967165,Daucus,,,,,
BB_Hyner_June,0.00193433,Deinbollia,,,,,
BB_Hyner_June,0.000967165,Denisophytum,,,,,
BB_Hyner_June,0.019343295,Dianthus,,,,,
BB_Hyner_June,0.003868659,Dichotomanthes,,,,,
BB_Hyner_June,0.000967165,Digitalis,,,,,
BB_Hyner_June,0.000967165,Diospyros,,,,,
BB_Hyner_June,0.002901494,Dipteronia,,,,,
BB_Hyner_June,0.00193433,Distimake,,,,,
BB_Hyner_June,0.000967165,Drymocallis,,,,,
BB_Hyner_June,0.000967165,Drymonia,,,,,
BB_Hyner_June,0.000967165,Ducrosia,,,,,
BB_Hyner_June,0.007737318,Echium,,,,,
BB_Hyner_June,0.022244789,Elaeagnus,,,,,
BB_Hyner_June,0.000967165,Elsholtzia,,,,,
BB_Hyner_June,0.005802989,Elymus,,,,,
BB_Hyner_June,0.00193433,Endospermum,,,,,
BB_Hyner_June,0.01837613,Erigeron,,,,,
BB_Hyner_June,0.290149427,Eriobotrya,,,,,
BB_Hyner_June,0.00193433,Erythroxylum,,,,,
BB_Hyner_June,0.000967165,Eugenia,,,,,
BB_Hyner_June,0.000967165,Euphrosyne,,,,,
BB_Hyner_June,0.00193433,Euploca,,,,,
BB_Hyner_June,0.000967165,Evolvulus,,,,,
BB_Hyner_June,0.000967165,Ezosciadium,,,,,
BB_Hyner_June,0.00193433,Fatsia,,,,,
BB_Hyner_June,0.000967165,Festuca,,,,,
BB_Hyner_June,0.009671648,Ficus,,,,,
BB_Hyner_June,0.000967165,Filipendula,,,,,
BB_Hyner_June,0.002901494,Flemingia,,,,,
BB_Hyner_June,0.00193433,Fleroya,,,,,
BB_Hyner_June,0.000967165,Forsythia,,,,,
BB_Hyner_June,0.002901494,Fragaria,,,,,
BB_Hyner_June,0.004835824,Frangula,,,,,
BB_Hyner_June,0.003868659,Garcinia,,,,,
BB_Hyner_June,0.000967165,Gastrolobium,,,,,
BB_Hyner_June,0.004835824,Gaultheria,,,,,
BB_Hyner_June,0.004835824,Geranium,,,,,
BB_Hyner_June,0.000967165,Geum,,,,,
BB_Hyner_June,0.000967165,Gillenia,,,,,
BB_Hyner_June,0.000967165,Gingidia,,,,,
BB_Hyner_June,0.000967165,Gleditsia,,,,,
BB_Hyner_June,0.002901494,Glycine,,,,,
BB_Hyner_June,0.00193433,Gontscharovia,,,,,
BB_Hyner_June,0.002901494,Greuteria,,,,,
BB_Hyner_June,0.000967165,Griffinia,,,,,
BB_Hyner_June,0.000967165,Gunniopsis,,,,,
BB_Hyner_June,0.000967165,Haplophyllum,,,,,
BB_Hyner_June,0.006770153,Harveya,,,,,
BB_Hyner_June,0.003868659,Hedera,,,,,
BB_Hyner_June,0.000967165,Hedysarum,,,,,
BB_Hyner_June,0.000967165,Helinus,,,,,
BB_Hyner_June,0.006770153,Helleborus,,,,,
BB_Hyner_June,0.00193433,Hesperis,,,,,
BB_Hyner_June,0.000967165,Heterotheca,,,,,
BB_Hyner_June,0.000967165,Heynea,,,,,
BB_Hyner_June,0.000967165,Hladnikia,,,,,
BB_Hyner_June,0.002901494,Hoffmannseggia,,,,,
BB_Hyner_June,0.395570385,Holodiscus,,,,,
BB_Hyner_June,0.000967165,Houstonia,,,,,
BB_Hyner_June,0.009671648,Hovenia,,,,,
BB_Hyner_June,0.000967165,Hubertia,,,,,
BB_Hyner_June,0.003868659,Hydrangea,,,,,
BB_Hyner_June,0.000967165,Hylotelephium,,,,,
BB_Hyner_June,0.169253832,Hyobanche,,,,,
BB_Hyner_June,0.000967165,Hyoscyamus,,,,,
BB_Hyner_June,0.000967165,Hypecoum,,,,,
BB_Hyner_June,0.023211954,Hypericum,,,,,
BB_Hyner_June,0.00193433,Indigofera,,,,,
BB_Hyner_June,0.021277625,Ipomoea,,,,,
BB_Hyner_June,0.000967165,Iris,,,,,
BB_Hyner_June,0.000967165,Isotropis,,,,,
BB_Hyner_June,0.000967165,Ixodonerium,,,,,
BB_Hyner_June,0.002901494,Jacobaea,,,,,
BB_Hyner_June,0.00193433,Jaffrea,,,,,
BB_Hyner_June,0.000967165,Jasione,,,,,
BB_Hyner_June,0.00193433,Jatropha,,,,,
BB_Hyner_June,0.000967165,Juglans,,,,,
BB_Hyner_June,0.000967165,Justicia,,,,,
BB_Hyner_June,0.000967165,Kanaloa,,,,,
BB_Hyner_June,0.000967165,Kingiodendron,,,,,
BB_Hyner_June,0.00193433,Koenigia,,,,,
BB_Hyner_June,0.000967165,Kohleria,,,,,
BB_Hyner_June,0.000967165,Kolkwitzia,,,,,
BB_Hyner_June,0.006770153,Krameria,,,,,
BB_Hyner_June,0.000967165,Lathyrus,,,,,
BB_Hyner_June,0.000967165,Lepisanthes,,,,,
BB_Hyner_June,0.000967165,Leptoderris,,,,,
BB_Hyner_June,0.141206054,Leucanthemum,,,,,
BB_Hyner_June,0.000967165,Linanthus,,,,,
BB_Hyner_June,0.000967165,Liparophyllum,,,,,
BB_Hyner_June,0.00193433,Liriodendron,,,,,
BB_Hyner_June,0.000967165,Lissocarpa,,,,,
BB_Hyner_June,0.003868659,Lobelia,,,,,
BB_Hyner_June,0.000967165,Lomatium,,,,,
BB_Hyner_June,0.1179941,Lotus,,,,,
BB_Hyner_June,0.000967165,Lycoris,,,,,
BB_Hyner_June,0.000967165,Lyonothamnus,,,,,
BB_Hyner_June,0.00193433,Lysipomia,,,,,
BB_Hyner_June,0.000967165,Macaranga,,,,,
BB_Hyner_June,0.000967165,Magnoliophyta,,,,,
BB_Hyner_June,0.00193433,Maireana,,,,,
BB_Hyner_June,0.017408966,Malus,,,,,
BB_Hyner_June,0.000967165,Mammea,,,,,
BB_Hyner_June,0.003868659,Maytenus,,,,,
BB_Hyner_June,0.004835824,Medicago,,,,,
BB_Hyner_June,0.000967165,Micropholis,,,,,
BB_Hyner_June,0.000967165,Minuartia,,,,,
BB_Hyner_June,0.000967165,Molinaea,,,,,
BB_Hyner_June,0.00193433,Muehlenbeckia,,,,,
BB_Hyner_June,0.325934523,Myrmeconauclea,,,,,
BB_Hyner_June,0.005802989,Nauclea,,,,,
BB_Hyner_June,0.000967165,Nerisyrenia,,,,,
BB_Hyner_June,0.000967165,Nichallea,,,,,
BB_Hyner_June,0.005802989,Nicotiana,,,,,
BB_Hyner_June,0.000967165,Nissolia,,,,,
BB_Hyner_June,0.000967165,Nitraria,,,,,
BB_Hyner_June,0.004835824,Nothofagus,,,,,
BB_Hyner_June,0.000967165,Notothlaspi,,,,,
BB_Hyner_June,0.005802989,Nyssa,,,,,
BB_Hyner_June,0.000967165,Ohwia,,,,,
BB_Hyner_June,0.000967165,Oldenlandia,,,,,
BB_Hyner_June,0.023211954,Onosma,,,,,
BB_Hyner_June,0.000967165,Opocunonia,,,,,
BB_Hyner_June,0.000967165,Oreobliton,,,,,
BB_Hyner_June,0.000967165,Ornithopus,,,,,
BB_Hyner_June,0.000967165,Osmoxylon,,,,,
BB_Hyner_June,0.000967165,Osmundea,,,,,
BB_Hyner_June,0.000967165,Oxalis,,,,,
BB_Hyner_June,0.000967165,Oxera,,,,,
BB_Hyner_June,0.000967165,Oxytropis,,,,,
BB_Hyner_June,0.000967165,Padbruggea,,,,,
BB_Hyner_June,0.000967165,Paubrasilia,,,,,
BB_Hyner_June,0.000967165,Paullinia,,,,,
BB_Hyner_June,0.000967165,Pedicularis,,,,,
BB_Hyner_June,0.009671648,Pentactina,,,,,
BB_Hyner_June,0.000967165,Peperomia,,,,,
BB_Hyner_June,0.000967165,Peplidium,,,,,
BB_Hyner_June,0.000967165,Philadelphus,,,,,
BB_Hyner_June,0.000967165,Philenoptera,,,,,
BB_Hyner_June,0.013540307,Phleum,,,,,
BB_Hyner_June,0.008704483,Photinia,,,,,
BB_Hyner_June,0.00193433,Phylica,,,,,
BB_Hyner_June,0.039653755,Physaria,,,,,
BB_Hyner_June,0.000967165,Phytolacca,,,,,
BB_Hyner_June,0.000967165,Pimelea,,,,,
BB_Hyner_June,0.000967165,Pipturus,,,,,
BB_Hyner_June,0.000967165,Pittosporum,,,,,
BB_Hyner_June,0.000967165,Planchonella,,,,,
BB_Hyner_June,0.017408966,Plantago,,,,,
BB_Hyner_June,0.000967165,Podolotus,,,,,
BB_Hyner_June,0.00193433,Poecilanthe,,,,,
BB_Hyner_June,0.000967165,Poiretia,,,,,
BB_Hyner_June,0.087044828,Polycnemum,,,,,
BB_Hyner_June,0.01837613,Polygala,,,,,
BB_Hyner_June,0.000967165,Polygonum,,,,,
BB_Hyner_June,0.000967165,Polyscias,,,,,
BB_Hyner_June,0.009671648,Pomaria,,,,,
BB_Hyner_June,0.00193433,Potamogeton,,,,,
BB_Hyner_June,0.00193433,Potentilla,,,,,
BB_Hyner_June,0.000967165,Prestonia,,,,,
BB_Hyner_June,0.000967165,Primulina,,,,,
BB_Hyner_June,0.00193433,Prosopis,,,,,
BB_Hyner_June,0.000967165,Prunella,,,,,
BB_Hyner_June,0.113158277,Prunus,,,,,
BB_Hyner_June,0.002901494,Psychotria,,,,,
BB_Hyner_June,0.007737318,Psylliostachys,,,,,
BB_Hyner_June,0.000967165,Pterocarpus,,,,,
BB_Hyner_June,0.000967165,Pterocaulon,,,,,
BB_Hyner_June,0.569660042,Pygeum,,,,,
BB_Hyner_June,0.00193433,Pyracantha,,,,,
BB_Hyner_June,0.008704483,Pyrus,,,,,
BB_Hyner_June,0.003868659,Quercus,,,,,
BB_Hyner_June,0.000967165,Ramorinoa,,,,,
BB_Hyner_June,0.100585135,Ranunculus,,,,,
BB_Hyner_June,0.00193433,Raphanus,,,,,
BB_Hyner_June,0.000967165,Rhinotropis,,,,,
BB_Hyner_June,0.00193433,Rhodanthemum,,,,,
BB_Hyner_June,0.000967165,Rhododendron,,,,,
BB_Hyner_June,0.006770153,Rosa,,,,,
BB_Hyner_June,0.058029885,Rubus,,,,,
BB_Hyner_June,0.00193433,Rumex,,,,,
BB_Hyner_June,0.004835824,Salix,,,,,
BB_Hyner_June,0.006770153,Salsola,,,,,
BB_Hyner_June,0.000967165,Sambucus,,,,,
BB_Hyner_June,0.007737318,Sanguisorba,,,,,
BB_Hyner_June,0.00193433,Sanicula,,,,,
BB_Hyner_June,0.00193433,Santalum,,,,,
BB_Hyner_June,0.004835824,Saxifraga,,,,,
BB_Hyner_June,0.000967165,Schistocarpaea,,,,,
BB_Hyner_June,29.98887761,Securigera,,,,,
BB_Hyner_June,0.00193433,Sedum,,,,,
BB_Hyner_June,0.005802989,Senecio,,,,,
BB_Hyner_June,0.102519464,Senegalia,,,,,
BB_Hyner_June,0.003868659,Sesbania,,,,,
BB_Hyner_June,0.000967165,Sidalcea,,,,,
BB_Hyner_June,0.00193433,Sideritis,,,,,
BB_Hyner_June,0.000967165,Silene,,,,,
BB_Hyner_June,0.000967165,Sinapis,,,,,
BB_Hyner_June,0.240824024,Solanum,,,,,
BB_Hyner_June,0.005802989,Solori,,,,,
BB_Hyner_June,0.002901494,Sopubia,,,,,
BB_Hyner_June,0.187629963,Sorbaria,,,,,
BB_Hyner_June,0.006770153,Sorbus,,,,,
BB_Hyner_June,0.013540307,Spergularia,,,,,
BB_Hyner_June,53.49775134,Spiraea,,,,,
BB_Hyner_June,0.00193433,Stachys,,,,,
BB_Hyner_June,0.000967165,Stackhousia,,,,,
BB_Hyner_June,0.000967165,Stigmaphyllon,,,,,
BB_Hyner_June,0.000967165,Stranvaesia,,,,,
BB_Hyner_June,0.004835824,Streptocarpus,,,,,
BB_Hyner_June,0.000967165,Sutherlandia,,,,,
BB_Hyner_June,0.002901494,Thalictrum,,,,,
BB_Hyner_June,0.000967165,Thamnea,,,,,
BB_Hyner_June,0.087044828,Tilia,,,,,
BB_Hyner_June,0.000967165,Tiquilia,,,,,
BB_Hyner_June,0.003868659,Torminalis,,,,,
BB_Hyner_June,0.000967165,Trema,,,,,
BB_Hyner_June,0.000967165,Trianthema,,,,,
BB_Hyner_June,0.000967165,Trichogonia,,,,,
BB_Hyner_June,10.98409014,Trifolium,,,,,
BB_Hyner_June,0.004835824,Trigonella,,,,,
BB_Hyner_June,0.000967165,Tropaeolum,,,,,
BB_Hyner_June,0.000967165,Trymalium,,,,,
BB_Hyner_June,0.000967165,Trymatococcus,,,,,
BB_Hyner_June,0.00193433,Turnera,,,,,
BB_Hyner_June,0.00193433,Tzeltalia,,,,,
BB_Hyner_June,0.000967165,Uvedalia,,,,,
BB_Hyner_June,0.000967165,Vachellia,,,,,
BB_Hyner_June,0.000967165,Van-royena,,,,,
BB_Hyner_June,0.000967165,Vatairea,,,,,
BB_Hyner_June,0.000967165,Ventia,,,,,
BB_Hyner_June,0.003868659,Verbascum,,,,,
BB_Hyner_June,0.003868659,Vicia,,,,,
BB_Hyner_June,0.000967165,Viola,,,,,
BB_Hyner_June,0.000967165,Xanthocercis,,,,,
BB_Hyner_June,0.00193433,Xanthostemon,,,,,
BB_Hyner_June,0.000967165,Zostera,,,,,
BB_RR2_June,0.001608545,Acacia,,,,,
BB_RR2_June,0.001608545,Acaena,,,,,
BB_RR2_June,0.012868357,Acanthocalyx,,,,,
BB_RR2_June,0.012868357,Acer,,,,,
BB_RR2_June,0.022519624,Achimenes,,,,,
BB_RR2_June,0.012868357,Acleisanthes,,,,,
BB_RR2_June,0.003217089,Acmispon,,,,,
BB_RR2_June,0.004825634,Actinidia,,,,,
BB_RR2_June,0.001608545,Aegopodium,,,,,
BB_RR2_June,0.001608545,Aidia,,,,,
BB_RR2_June,0.001608545,Alchemilla,,,,,
BB_RR2_June,0.001608545,Alectra,,,,,
BB_RR2_June,0.001608545,Alliaria,,,,,
BB_RR2_June,0.003217089,Alnus,,,,,
BB_RR2_June,0.001608545,Alphitonia,,,,,
BB_RR2_June,0.019302535,Alseis,,,,,
BB_RR2_June,0.183374083,Ammodaucus,,,,,
BB_RR2_June,0.001608545,Amphidasya,,,,,
BB_RR2_June,0.014476901,Apocynum,,,,,
BB_RR2_June,0.001608545,Aralia,,,,,
BB_RR2_June,0.001608545,Astragalus,,,,,
BB_RR2_June,0.022519624,Austrocallerya,,,,,
BB_RR2_June,0.001608545,Azara,,,,,
BB_RR2_June,0.01769399,Baliospermum,,,,,
BB_RR2_June,0.001608545,Ballota,,,,,
BB_RR2_June,0.001608545,Bertiera,,,,,
BB_RR2_June,0.003217089,Betula,,,,,
BB_RR2_June,0.003217089,Brachystelma,,,,,
BB_RR2_June,0.067558873,Brandisia,,,,,
BB_RR2_June,0.003217089,Brassaiopsis,,,,,
BB_RR2_June,0.001608545,Brassica,,,,,
BB_RR2_June,0.001608545,Bromus,,,,,
BB_RR2_June,0.001608545,Brunia,,,,,
BB_RR2_June,0.001608545,Bupleurum,,,,,
BB_RR2_June,0.001608545,Calceolaria,,,,,
BB_RR2_June,0.004825634,Camellia,,,,,
BB_RR2_June,0.003217089,Caragana,,,,,
BB_RR2_June,0.003217089,Cardamine,,,,,
BB_RR2_June,0.006434178,Carmichaelia,,,,,
BB_RR2_June,0.001608545,Carpodetus,,,,,
BB_RR2_June,0.009651268,Castanea,,,,,
BB_RR2_June,0.001608545,Castelnavia,,,,,
BB_RR2_June,0.830009008,Celastrus,,,,,
BB_RR2_June,0.001608545,Centaurea,,,,,
BB_RR2_June,0.006434178,Cephalanthus,,,,,
BB_RR2_June,0.057907605,Ceratiola,,,,,
BB_RR2_June,0.003217089,Cestrum,,,,,
BB_RR2_June,0.016085446,Chelidonium,,,,,
BB_RR2_June,0.001608545,Christisonia,,,,,
BB_RR2_June,0.599987132,Cicer,,,,,
BB_RR2_June,0.001608545,Cirsium,,,,,
BB_RR2_June,0.02091108,Cladrastis,,,,,
BB_RR2_June,0.072384506,Cliffortia,,,,,
BB_RR2_June,0.001608545,Condalia,,,,,
BB_RR2_June,0.001608545,Corema,,,,,
BB_RR2_June,2.559194441,Cornus,,,,,
BB_RR2_June,0.001608545,Coronilla,,,,,
BB_RR2_June,0.554947883,Crataegus,,,,,
BB_RR2_June,0.001608545,Crossopetalum,,,,,
BB_RR2_June,0.001608545,Cuphea,,,,,
BB_RR2_June,0.003217089,Cuscuta,,,,,
BB_RR2_June,0.001608545,Cynoglossum,,,,,
BB_RR2_June,0.003217089,Cyrtandra,,,,,
BB_RR2_June,0.012868357,Dactylis,,,,,
BB_RR2_June,1.753313602,Diervilla,,,,,
BB_RR2_June,0.001608545,Digitalis,,,,,
BB_RR2_June,0.001608545,Dinizia,,,,,
BB_RR2_June,0.006434178,Diospyros,,,,,
BB_RR2_June,0.001608545,Diplotropis,,,,,
BB_RR2_June,0.004825634,Dorstenia,,,,,
BB_RR2_June,0.048256338,Drymocallis,,,,,
BB_RR2_June,0.001608545,Dumasia,,,,,
BB_RR2_June,0.117423755,Elaeagnus,,,,,
BB_RR2_June,0.001608545,Eleocharis,,,,,
BB_RR2_June,0.012868357,Empetrum,,,,,
BB_RR2_June,0.028953803,Erica,,,,,
BB_RR2_June,0.003217089,Erigeron,,,,,
BB_RR2_June,0.001608545,Eriobotrya,,,,,
BB_RR2_June,0.001608545,Erophaca,,,,,
BB_RR2_June,0.009651268,Eucrypta,,,,,
BB_RR2_June,0.001608545,Euonymus,,,,,
BB_RR2_June,0.001608545,Euphrosyne,,,,,
BB_RR2_June,0.02091108,Fatsia,,,,,
BB_RR2_June,0.009651268,Festuca,,,,,
BB_RR2_June,0.003217089,Ficus,,,,,
BB_RR2_June,0.001608545,Frangula,,,,,
BB_RR2_June,0.001608545,Galium,,,,,
BB_RR2_June,0.004825634,Gaylussacia,,,,,
BB_RR2_June,0.012868357,Geranium,,,,,
BB_RR2_June,0.001608545,Glandularia,,,,,
BB_RR2_June,0.014476901,Gleditsia,,,,,
BB_RR2_June,0.001608545,Glycyrrhiza,,,,,
BB_RR2_June,0.004825634,Greuteria,,,,,
BB_RR2_June,0.001608545,Gymnocladus,,,,,
BB_RR2_June,0.001608545,Gypothamnium,,,,,
BB_RR2_June,0.001608545,Haloragis,,,,,
BB_RR2_June,0.036996526,Harveya,,,,,
BB_RR2_June,0.049864882,Hedera,,,,,
BB_RR2_June,0.006434178,Helleborus,,,,,
BB_RR2_June,0.004825634,Hemiphora,,,,,
BB_RR2_June,0.003217089,Heracleum,,,,,
BB_RR2_June,0.028953803,Hesperis,,,,,
BB_RR2_June,0.003217089,Hibiscus,,,,,
BB_RR2_June,0.406961781,Hydrophyllum,,,,,
BB_RR2_June,0.008042723,Hylotelephium,,,,,
BB_RR2_June,0.064341784,Hyobanche,,,,,
BB_RR2_June,0.001608545,Indigofera,,,,,
BB_RR2_June,0.004825634,Ipomoea,,,,,
BB_RR2_June,0.001608545,Iris,,,,,
BB_RR2_June,17.6730794,Kalmia,,,,,
BB_RR2_June,0.001608545,Kingiodendron,,,,,
BB_RR2_June,0.001608545,Knautia,,,,,
BB_RR2_June,0.001608545,Kohleria,,,,,
BB_RR2_June,0.056299061,Kolkwitzia,,,,,
BB_RR2_June,0.001608545,Krameria,,,,,
BB_RR2_June,0.001608545,Lantana,,,,,
BB_RR2_June,0.016085446,Lathyrus,,,,,
BB_RR2_June,0.001608545,Lens,,,,,
BB_RR2_June,0.001608545,Leonurus,,,,,
BB_RR2_June,0.001608545,Leucaena,,,,,
BB_RR2_June,0.064341784,Ligustrum,,,,,
BB_RR2_June,0.001608545,Linanthus,,,,,
BB_RR2_June,0.003217089,Lindera,,,,,
BB_RR2_June,0.019302535,Liparophyllum,,,,,
BB_RR2_June,0.566207695,Liriodendron,,,,,
BB_RR2_June,0.001608545,Lithospermum,,,,,
BB_RR2_June,0.299189294,Lonicera,,,,,
BB_RR2_June,0.001608545,Lophozonia,,,,,
BB_RR2_June,0.001608545,Lycoris,,,,,
BB_RR2_June,0.379616523,Lyonia,,,,,
BB_RR2_June,0.001608545,Lysipomia,,,,,
BB_RR2_June,0.001608545,Macaranga,,,,,
BB_RR2_June,0.001608545,Macleania,,,,,
BB_RR2_June,0.001608545,Maclura,,,,,
BB_RR2_June,0.001608545,Macropanax,,,,,
BB_RR2_June,0.073993051,Magnolia,,,,,
BB_RR2_June,0.001608545,Magnoliophyta,,,,,
BB_RR2_June,0.001608545,Malus,,,,,
BB_RR2_June,0.004825634,Mammea,,,,,
BB_RR2_June,0.001608545,Marina,,,,,
BB_RR2_June,0.001608545,Martynia,,,,,
BB_RR2_June,0.02091108,Maytenus,,,,,
BB_RR2_June,0.003217089,Medicago,,,,,
BB_RR2_June,0.001608545,Monopteryx,,,,,
BB_RR2_June,0.003217089,Morella,,,,,
BB_RR2_June,0.001608545,Mussaenda,,,,,
BB_RR2_June,0.003217089,Myosotis,,,,,
BB_RR2_June,0.004825634,Myriophyllum,,,,,
BB_RR2_June,0.035387981,Myrmeconauclea,,,,,
BB_RR2_June,0.006434178,Myrospermum,,,,,
BB_RR2_June,0.001608545,Narcissus,,,,,
BB_RR2_June,0.001608545,Neillia,,,,,
BB_RR2_June,0.001608545,Neoschumannia,,,,,
BB_RR2_June,0.088469952,Nicotiana,,,,,
BB_RR2_June,0.001608545,Nissolia,,,,,
BB_RR2_June,0.078818685,Nyssa,,,,,
BB_RR2_June,0.001608545,Ophiopogon,,,,,
BB_RR2_June,0.001608545,Oplopanax,,,,,
BB_RR2_June,0.001608545,Osmoxylon,,,,,
BB_RR2_June,0.001608545,Oxalis,,,,,
BB_RR2_June,0.001608545,Oxera,,,,,
BB_RR2_June,0.003217089,Oxytropis,,,,,
BB_RR2_June,0.001608545,Padbruggea,,,,,
BB_RR2_June,0.001608545,Paliurus,,,,,
BB_RR2_June,0.001608545,Panax,,,,,
BB_RR2_June,0.001608545,Paradrymonia,,,,,
BB_RR2_June,0.001608545,Pellionia,,,,,
BB_RR2_June,0.001608545,Pereskia,,,,,
BB_RR2_June,0.003217089,Phalaris,,,,,
BB_RR2_June,0.001608545,Phaseolus,,,,,
BB_RR2_June,0.006434178,Philadelphus,,,,,
BB_RR2_June,0.001608545,Phlox,,,,,
BB_RR2_June,0.001608545,Phormium,,,,,
BB_RR2_June,0.024128169,Photinia,,,,,
BB_RR2_June,0.001608545,Phyla,,,,,
BB_RR2_June,0.001608545,Phyllostylon,,,,,
BB_RR2_June,0.001608545,Physalis,,,,,
BB_RR2_June,0.001608545,Physospermum,,,,,
BB_RR2_June,0.008042723,Phytolacca,,,,,
BB_RR2_June,0.003217089,Pieris,,,,,
BB_RR2_June,0.001608545,Pilosella,,,,,
BB_RR2_June,0.003217089,Pinus,,,,,
BB_RR2_June,0.004825634,Pittosporum,,,,,
BB_RR2_June,0.001608545,Pityrodia,,,,,
BB_RR2_June,0.011259812,Plantago,,,,,
BB_RR2_June,0.090078497,Poa,,,,,
BB_RR2_June,0.001608545,Pogostemon,,,,,
BB_RR2_June,0.001608545,Polycnemum,,,,,
BB_RR2_June,0.051473427,Polygala,,,,,
BB_RR2_June,0.001608545,Polygonum,,,,,
BB_RR2_June,0.001608545,Polyscias,,,,,
BB_RR2_June,0.001608545,Pomaria,,,,,
BB_RR2_June,0.001608545,Posoqueria,,,,,
BB_RR2_June,0.014476901,Potentilla,,,,,
BB_RR2_June,0.003217089,Poupartia,,,,,
BB_RR2_June,0.001608545,Primulina,,,,,
BB_RR2_June,0.001608545,Prionosciadium,,,,,
BB_RR2_June,0.154420281,Prunus,,,,,
BB_RR2_June,0.001608545,Psychotria,,,,,
BB_RR2_June,0.001608545,Psylliostachys,,,,,
BB_RR2_June,0.001608545,Pultenaea,,,,,
BB_RR2_June,0.012868357,Quercus,,,,,
BB_RR2_June,0.003217089,Ranunculus,,,,,
BB_RR2_June,0.257367134,Rhododendron,,,,,
BB_RR2_June,0.001608545,Rhynchocorys,,,,,
BB_RR2_June,0.043430704,Ribes,,,,,
BB_RR2_June,10.69038734,Rosa,,,,,
BB_RR2_June,12.59329559,Rubus,,,,,
BB_RR2_June,0.073993051,Rumex,,,,,
BB_RR2_June,0.016085446,Salix,,,,,
BB_RR2_June,0.001608545,Salsola,,,,,
BB_RR2_June,0.001608545,Salvia,,,,,
BB_RR2_June,0.09812122,Sambucus,,,,,
BB_RR2_June,0.001608545,Sanguisorba,,,,,
BB_RR2_June,0.001608545,Saxifraga,,,,,
BB_RR2_June,0.001608545,Scadoxus,,,,,
BB_RR2_June,0.001608545,Schizocodon,,,,,
BB_RR2_June,0.001608545,Secale,,,,,
BB_RR2_June,0.009651268,Securigera,,,,,
BB_RR2_June,0.001608545,Seguieria,,,,,
BB_RR2_June,0.032170892,Senegalia,,,,,
BB_RR2_June,0.001608545,Sibbaldia,,,,,
BB_RR2_June,0.001608545,Sideritis,,,,,
BB_RR2_June,0.001608545,Sieversia,,,,,
BB_RR2_June,0.001608545,Silene,,,,,
BB_RR2_June,0.001608545,Sinapis,,,,,
BB_RR2_June,0.016085446,Sinocrassula,,,,,
BB_RR2_June,0.001608545,Sloanea,,,,,
BB_RR2_June,0.001608545,Smilax,,,,,
BB_RR2_June,0.154420281,Solanum,,,,,
BB_RR2_June,0.014476901,Solori,,,,,
BB_RR2_June,0.001608545,Sophora,,,,,
BB_RR2_June,0.001608545,Spiraea,,,,,
BB_RR2_June,0.001608545,Streptocarpus,,,,,
BB_RR2_June,0.001608545,Stuckenia,,,,,
BB_RR2_June,0.006434178,Tara,,,,,
BB_RR2_June,0.003217089,Tetraberlinia,,,,,
BB_RR2_June,0.001608545,Tigridia,,,,,
BB_RR2_June,0.033779436,Torminalis,,,,,
BB_RR2_June,0.011259812,Toxicodendron,,,,,
BB_RR2_June,0.006434178,Trevesia,,,,,
BB_RR2_June,45.05372539,Trifolium,,,,,
BB_RR2_June,0.003217089,Trigonella,,,,,
BB_RR2_June,0.001608545,Tylosema,,,,,
BB_RR2_June,0.009651268,Tzeltalia,,,,,
BB_RR2_June,0.004825634,Vaccinium,,,,,
BB_RR2_June,0.011259812,Vernicia,,,,,
BB_RR2_June,0.001608545,Veronica,,,,,
BB_RR2_June,0.003217089,Viburnum,,,,,
BB_RR2_June,0.004825634,Vicia,,,,,
BB_RR2_June,0.003217089,Vigna,,,,,
BB_RR2_June,0.001608545,Vitis,,,,,
BB_RR2_June,2.990284391,Weigela,,,,,
BB_RS_June,0.000682114,Acacia,,,,,
BB_RS_June,0.002728457,Acaena,,,,,
BB_RS_June,0.004092686,Acalypha,,,,,
BB_RS_June,0.006139029,Acanthocalyx,,,,,
BB_RS_June,0.000682114,Acer,,,,,
BB_RS_June,0.000682114,Achimenes,,,,,
BB_RS_June,0.003410571,Acleisanthes,,,,,
BB_RS_June,0.002728457,Acmispon,,,,,
BB_RS_June,0.000682114,Acronychia,,,,,
BB_RS_June,0.000682114,Adesmia,,,,,
BB_RS_June,0.001364229,Aethionema,,,,,
BB_RS_June,0.000682114,Aganope,,,,,
BB_RS_June,0.000682114,Agastache,,,,,
BB_RS_June,0.001364229,Agonandra,,,,,
BB_RS_June,0.002728457,Agoseris,,,,,
BB_RS_June,0.002046343,Alchemilla,,,,,
BB_RS_June,0.000682114,Alectra,,,,,
BB_RS_June,0.001364229,Alnus,,,,,
BB_RS_June,0.015006514,Alseis,,,,,
BB_RS_June,0.000682114,Althaea,,,,,
BB_RS_June,0.041608971,Alyssum,,,,,
BB_RS_June,0.001364229,Amicia,,,,,
BB_RS_June,0.423592969,Ammodaucus,,,,,
BB_RS_June,0.000682114,Amphithalea,,,,,
BB_RS_June,0.000682114,Anemone,,,,,
BB_RS_June,0.000682114,Anthriscus,,,,,
BB_RS_June,0.000682114,Anthyllis,,,,,
BB_RS_June,0.001364229,Antopetitia,,,,,
BB_RS_June,0.001364229,Aphananthe,,,,,
BB_RS_June,0.000682114,Aphanostephus,,,,,
BB_RS_June,0.001364229,Arabis,,,,,
BB_RS_June,0.001364229,Aralia,,,,,
BB_RS_June,0.000682114,Astilbe,,,,,
BB_RS_June,0.002046343,Astragalus,,,,,
BB_RS_June,0.005456914,Ateleia,,,,,
BB_RS_June,0.001364229,Atriplex,,,,,
BB_RS_June,0.000682114,Austrocallerya,,,,,
BB_RS_June,0.0047748,Azara,,,,,
BB_RS_June,0.001364229,Baliospermum,,,,,
BB_RS_June,0.002728457,Ballota,,,,,
BB_RS_June,0.000682114,Baptisia,,,,,
BB_RS_June,0.000682114,Beguea,,,,,
BB_RS_June,0.000682114,Bellium,,,,,
BB_RS_June,0.002728457,Betula,,,,,
BB_RS_June,0.000682114,Boechera,,,,,
BB_RS_June,0.001364229,Botschantzevia,,,,,
BB_RS_June,0.005456914,Brachystelma,,,,,
BB_RS_June,0.057979714,Brandisia,,,,,
BB_RS_June,0.000682114,Brassaiopsis,,,,,
BB_RS_June,0.000682114,Brassica,,,,,
BB_RS_June,0.000682114,Braya,,,,,
BB_RS_June,0.005456914,Bromus,,,,,
BB_RS_June,0.000682114,Brosimum,,,,,
BB_RS_June,0.000682114,Brunfelsia,,,,,
BB_RS_June,0.000682114,Bulbinella,,,,,
BB_RS_June,0.000682114,Bunias,,,,,
BB_RS_June,0.004092686,Bupleurum,,,,,
BB_RS_June,0.000682114,Burmannia,,,,,
BB_RS_June,0.0525228,Bursera,,,,,
BB_RS_June,0.000682114,Bussea,,,,,
BB_RS_June,0.001364229,Cabomba,,,,,
BB_RS_June,0.001364229,Callirhoe,,,,,
BB_RS_June,0.001364229,Calyculogygas,,,,,
BB_RS_June,0.004092686,Camellia,,,,,
BB_RS_June,0.000682114,Capsicum,,,,,
BB_RS_June,0.002728457,Caragana,,,,,
BB_RS_June,0.000682114,Carapa,,,,,
BB_RS_June,0.021145543,Cardamine,,,,,
BB_RS_June,0.000682114,Carex,,,,,
BB_RS_June,0.000682114,Carlowrightia,,,,,
BB_RS_June,0.006139029,Carmichaelia,,,,,
BB_RS_June,0.001364229,Caroxylon,,,,,
BB_RS_June,0.000682114,Carpinus,,,,,
BB_RS_June,0.000682114,Carpolobia,,,,,
BB_RS_June,0.000682114,Carum,,,,,
BB_RS_June,0.000682114,Caryopteris,,,,,
BB_RS_June,0.002728457,Castanea,,,,,
BB_RS_June,0.001364229,Castelnavia,,,,,
BB_RS_June,0.000682114,Catesbaea,,,,,
BB_RS_June,0.003410571,Caulanthus,,,,,
BB_RS_June,0.000682114,Celastraceae,,,,,
BB_RS_June,0.300812398,Celastrus,,,,,
BB_RS_June,0.001364229,Celtis,,,,,
BB_RS_June,0.000682114,Centrosolenia,,,,,
BB_RS_June,0.000682114,Cephalanthus,,,,,
BB_RS_June,0.000682114,Cerastium,,,,,
BB_RS_June,0.000682114,Ceratocephala,,,,,
BB_RS_June,0.002728457,Chamaecrista,,,,,
BB_RS_June,0.002046343,Chelidonium,,,,,
BB_RS_June,0.001364229,Chionanthus,,,,,
BB_RS_June,0.002728457,Chlorella,,,,,
BB_RS_June,0.000682114,Christisonia,,,,,
BB_RS_June,0.001364229,Chuquiraga,,,,,
BB_RS_June,1.407201763,Cicer,,,,,
BB_RS_June,0.001364229,Cinnamomum,,,,,
BB_RS_June,0.003410571,Cladrastis,,,,,
BB_RS_June,0.000682114,Cleome,,,,,
BB_RS_June,0.0286488,Cliffortia,,,,,
BB_RS_June,0.001364229,Clinopodium,,,,,
BB_RS_June,0.001364229,Clusia,,,,,
BB_RS_June,0.000682114,Coffea,,,,,
BB_RS_June,0.001364229,Colliguaja,,,,,
BB_RS_June,0.000682114,Coluria,,,,,
BB_RS_June,0.000682114,Combretum,,,,,
BB_RS_June,0.001364229,Commiphora,,,,,
BB_RS_June,0.005456914,Cornus,,,,,
BB_RS_June,0.000682114,Coronilla,,,,,
BB_RS_June,0.000682114,Cotyledon,,,,,
BB_RS_June,0.000682114,Crambe,,,,,
BB_RS_June,0.006821143,Crataegus,,,,,
BB_RS_June,0.004092686,Cremosperma,,,,,
BB_RS_June,0.000682114,Crossopetalum,,,,,
BB_RS_June,0.000682114,Crotalaria,,,,,
BB_RS_June,0.000682114,Croton,,,,,
BB_RS_June,0.000682114,Cubanola,,,,,
BB_RS_June,0.000682114,Cuminum,,,,,
BB_RS_June,0.002728457,Cuphea,,,,,
BB_RS_June,0.002728457,Cuscuta,,,,,
BB_RS_June,0.003410571,Cusickiella,,,,,
BB_RS_June,0.001364229,Cuttsia,,,,,
BB_RS_June,0.000682114,Cyclamen,,,,,
BB_RS_June,0.000682114,Cyclolobium,,,,,
BB_RS_June,0.000682114,Cydonia,,,,,
BB_RS_June,0.003410571,Cyphocardamum,,,,,
BB_RS_June,0.000682114,Cypripedium,,,,,
BB_RS_June,0.0047748,Cyrtandra,,,,,
BB_RS_June,0.000682114,Dalechampia,,,,,
BB_RS_June,0.000682114,Delphinium,,,,,
BB_RS_June,0.001364229,Dendrotrophe,,,,,
BB_RS_June,0.001364229,Diospyros,,,,,
BB_RS_June,0.001364229,Dipsacus,,,,,
BB_RS_June,0.001364229,Discolobium,,,,,
BB_RS_June,0.003410571,Douepea,,,,,
BB_RS_June,0.000682114,Dracocephalum,,,,,
BB_RS_June,0.000682114,Drymaria,,,,,
BB_RS_June,0.0334236,Drymocallis,,,,,
BB_RS_June,0.000682114,Echidnopsis,,,,,
BB_RS_June,0.000682114,Eigia,,,,,
BB_RS_June,0.038880514,Elaeagnus,,,,,
BB_RS_June,0.000682114,Elaeodendron,,,,,
BB_RS_June,0.000682114,Eleocharis,,,,,
BB_RS_June,0.002728457,Eleutherococcus,,,,,
BB_RS_June,0.000682114,Enemion,,,,,
BB_RS_June,0.000682114,Eremophyton,,,,,
BB_RS_June,0.003410571,Erigeron,,,,,
BB_RS_June,0.000682114,Eriobotrya,,,,,
BB_RS_June,0.131648056,Erysimum,,,,,
BB_RS_June,0.000682114,Eugenia,,,,,
BB_RS_June,0.000682114,Eumachia,,,,,
BB_RS_June,0.002046343,Fatsia,,,,,
BB_RS_June,0.026602457,Festuca,,,,,
BB_RS_June,0.005456914,Ficus,,,,,
BB_RS_June,0.000682114,Fleroya,,,,,
BB_RS_June,0.003410571,Forsythia,,,,,
BB_RS_June,0.001364229,Fragaria,,,,,
BB_RS_June,0.005456914,Galium,,,,,
BB_RS_June,0.000682114,Gentiana,,,,,
BB_RS_June,0.0047748,Geranium,,,,,
BB_RS_June,0.0047748,Geum,,,,,
BB_RS_June,0.001364229,Glechoma,,,,,
BB_RS_June,0.006139029,Gleditsia,,,,,
BB_RS_June,0.000682114,Gontscharovia,,,,,
BB_RS_June,0.001364229,Goodenia,,,,,
BB_RS_June,0.001364229,Grabowskia,,,,,
BB_RS_June,0.0047748,Greuteria,,,,,
BB_RS_June,0.000682114,Haberlea,,,,,
BB_RS_June,0.000682114,Halimione,,,,,
BB_RS_June,0.002046343,Halimolobos,,,,,
BB_RS_June,0.000682114,Haloragis,,,,,
BB_RS_June,0.004092686,Harveya,,,,,
BB_RS_June,0.044337428,Hedera,,,,,
BB_RS_June,0.000682114,Helicia,,,,,
BB_RS_June,0.015006514,Helleborus,,,,,
BB_RS_June,0.000682114,Helminthotheca,,,,,
BB_RS_June,0.000682114,Hemilophia,,,,,
BB_RS_June,12.28556032,Hesperis,,,,,
BB_RS_June,0.001364229,Hibiscus,,,,,
BB_RS_June,0.001364229,Holodiscus,,,,,
BB_RS_June,0.000682114,Holographis,,,,,
BB_RS_June,0.000682114,Howellia,,,,,
BB_RS_June,0.000682114,Hubertia,,,,,
BB_RS_June,0.0047748,Hydnophytum,,,,,
BB_RS_June,0.049112228,Hyobanche,,,,,
BB_RS_June,0.0763968,Hyoscyamus,,,,,
BB_RS_June,0.008867486,Hypericum,,,,,
BB_RS_June,0.004092686,Indigofera,,,,,
BB_RS_June,0.002728457,Ipomoea,,,,,
BB_RS_June,0.000682114,Irania,,,,,
BB_RS_June,0.000682114,Iris,,,,,
BB_RS_June,0.000682114,Isodon,,,,,
BB_RS_June,0.001364229,Jacquemontia,,,,,
BB_RS_June,0.000682114,Jatropha,,,,,
BB_RS_June,0.010231714,Kalmia,,,,,
BB_RS_June,0.000682114,Kingiodendron,,,,,
BB_RS_June,0.002046343,Knautia,,,,,
BB_RS_June,0.000682114,Krameria,,,,,
BB_RS_June,0.000682114,Lamium,,,,,
BB_RS_June,0.000682114,Lamprocapnos,,,,,
BB_RS_June,0.094131771,Lathyrus,,,,,
BB_RS_June,0.147336685,Lens,,,,,
BB_RS_June,0.002046343,Leonurus,,,,,
BB_RS_June,0.019781314,Lepidium,,,,,
BB_RS_June,0.002046343,Lepisanthes,,,,,
BB_RS_June,0.003410571,Leptoderris,,,,,
BB_RS_June,0.000682114,Leptoglossis,,,,,
BB_RS_June,0.000682114,Leucaena,,,,,
BB_RS_June,0.003410571,Leucanthemum,,,,,
BB_RS_June,2.2878113,Ligustrum,,,,,
BB_RS_June,0.002046343,Liparophyllum,,,,,
BB_RS_June,0.004092686,Liriodendron,,,,,
BB_RS_June,0.006139029,Lolium,,,,,
BB_RS_June,0.000682114,Lomatium,,,,,
BB_RS_June,0.000682114,Lonicera,,,,,
BB_RS_June,0.001364229,Lophozonia,,,,,
BB_RS_June,0.010913829,Lotus,,,,,
BB_RS_June,0.000682114,Lycium,,,,,
BB_RS_June,0.001364229,Lycoris,,,,,
BB_RS_June,0.000682114,Lyonia,,,,,
BB_RS_June,0.0095496,Macaranga,,,,,
BB_RS_June,0.001364229,Magnolia,,,,,
BB_RS_June,0.000682114,Magnoliophyta,,,,,
BB_RS_June,0.001364229,Maianthemum,,,,,
BB_RS_June,0.002728457,Maingaya,,,,,
BB_RS_June,0.003410571,Malus,,,,,
BB_RS_June,0.006821143,Maytenus,,,,,
BB_RS_June,0.032741486,Medicago,,,,,
BB_RS_June,0.000682114,Melampodium,,,,,
BB_RS_June,0.000682114,Mesosphaerum,,,,,
BB_RS_June,0.000682114,Mezilaurus,,,,,
BB_RS_June,0.000682114,Microlaena,,,,,
BB_RS_June,0.000682114,Millettia,,,,,
BB_RS_June,0.002728457,Mimetes,,,,,
BB_RS_June,0.000682114,Mirbelia,,,,,
BB_RS_June,0.000682114,Monnina,,,,,
BB_RS_June,0.000682114,Monopteryx,,,,,
BB_RS_June,0.000682114,Monsonia,,,,,
BB_RS_June,0.001364229,Mulguraea,,,,,
BB_RS_June,0.000682114,Mussaenda,,,,,
BB_RS_June,0.043655314,Myrmeconauclea,,,,,
BB_RS_June,0.002046343,Myrospermum,,,,,
BB_RS_June,0.001364229,Nasturtium,,,,,
BB_RS_June,0.000682114,Nauclea,,,,,
BB_RS_June,0.0047748,Neoschumannia,,,,,
BB_RS_June,0.019781314,Neotorularia,,,,,
BB_RS_June,0.001364229,Nepenthes,,,,,
BB_RS_June,0.003410571,Nerisyrenia,,,,,
BB_RS_June,0.187581427,Nicotiana,,,,,
BB_RS_June,0.000682114,Niphaea,,,,,
BB_RS_June,0.000682114,Notothlaspi,,,,,
BB_RS_June,0.002046343,Nymphaea,,,,,
BB_RS_June,0.012278057,Nyssa,,,,,
BB_RS_June,0.002728457,Ononis,,,,,
BB_RS_June,0.000682114,Opercularia,,,,,
BB_RS_June,0.000682114,Ophiopogon,,,,,
BB_RS_June,0.000682114,Origanum,,,,,
BB_RS_June,0.005456914,Ornithopus,,,,,
BB_RS_June,0.003410571,Orostachys,,,,,
BB_RS_June,0.000682114,Orthanthera,,,,,
BB_RS_June,0.002046343,Osmanthus,,,,,
BB_RS_June,0.000682114,Ostericum,,,,,
BB_RS_June,0.001364229,Oxyphyllum,,,,,
BB_RS_June,0.001364229,Oxytropis,,,,,
BB_RS_June,0.002728457,Pachycladon,,,,,
BB_RS_June,0.004092686,Padbruggea,,,,,
BB_RS_June,0.000682114,Parasenegalia,,,,,
BB_RS_June,0.001364229,Parochetus,,,,,
BB_RS_June,0.001364229,Parodianthus,,,,,
BB_RS_June,0.000682114,Peltodon,,,,,
BB_RS_June,0.000682114,Peltogyne,,,,,
BB_RS_June,0.002046343,Penstemon,,,,,
BB_RS_June,0.001364229,Peperomia,,,,,
BB_RS_June,0.000682114,Pereskia,,,,,
BB_RS_June,0.001364229,Persoonia,,,,,
BB_RS_June,0.000682114,Petrocodon,,,,,
BB_RS_June,0.051158571,Philadelphus,,,,,
BB_RS_June,0.023191886,Phleum,,,,,
BB_RS_June,0.000682114,Phlomoides,,,,,
BB_RS_June,0.001364229,Physalis,,,,,
BB_RS_June,0.000682114,Physocarpus,,,,,
BB_RS_June,0.000682114,Phytolacca,,,,,
BB_RS_June,0.000682114,Pieris,,,,,
BB_RS_June,0.011595943,Pilosella,,,,,
BB_RS_June,0.006139029,Pimelea,,,,,
BB_RS_June,0.000682114,Pinguicula,,,,,
BB_RS_June,0.001364229,Pinus,,,,,
BB_RS_June,0.000682114,Piper,,,,,
BB_RS_June,0.007503257,Pittosporum,,,,,
BB_RS_June,0.000682114,Planchonella,,,,,
BB_RS_June,0.0047748,Plantago,,,,,
BB_RS_June,0.000682114,Platanus,,,,,
BB_RS_June,0.001364229,Plectritis,,,,,
BB_RS_June,3.492425121,Poa,,,,,
BB_RS_June,0.001364229,Podostemaceae,,,,,
BB_RS_June,0.001364229,Polycnemum,,,,,
BB_RS_June,0.147336685,Polygala,,,,,
BB_RS_June,0.000682114,Polygonum,,,,,
BB_RS_June,0.001364229,Polylepis,,,,,
BB_RS_June,0.000682114,Polypogon,,,,,
BB_RS_June,0.002046343,Polyscias,,,,,
BB_RS_June,0.001364229,Pomaria,,,,,
BB_RS_June,0.001364229,Posoqueria,,,,,
BB_RS_June,0.000682114,Potentilla,,,,,
BB_RS_June,0.000682114,Poupartia,,,,,
BB_RS_June,0.001364229,Pouteria,,,,,
BB_RS_June,0.015006514,Primulina,,,,,
BB_RS_June,0.000682114,Prinsepia,,,,,
BB_RS_June,0.000682114,Proboscidea,,,,,
BB_RS_June,0.036834171,Prunus,,,,,
BB_RS_June,0.000682114,Pterolobium,,,,,
BB_RS_June,0.003410571,Quercus,,,,,
BB_RS_June,0.017734971,Ranunculus,,,,,
BB_RS_June,0.000682114,Raphanus,,,,,
BB_RS_June,0.001364229,Raphiocarpus,,,,,
BB_RS_June,0.000682114,Rhamnus,,,,,
BB_RS_June,0.003410571,Ribes,,,,,
BB_RS_June,5.151327053,Rosa,,,,,
BB_RS_June,0.097542342,Rubus,,,,,
BB_RS_June,0.002728457,Rumex,,,,,
BB_RS_June,0.000682114,Sagittaria,,,,,
BB_RS_June,0.006139029,Salix,,,,,
BB_RS_June,0.000682114,Sambucus,,,,,
BB_RS_June,0.001364229,Sanguisorba,,,,,
BB_RS_June,0.000682114,Sanicula,,,,,
BB_RS_June,0.001364229,Santalum,,,,,
BB_RS_June,0.000682114,Saxifraga,,,,,
BB_RS_June,0.001364229,Scaevola,,,,,
BB_RS_June,0.010231714,Scambopus,,,,,
BB_RS_June,0.000682114,Schaefferia,,,,,
BB_RS_June,0.000682114,Schinus,,,,,
BB_RS_June,0.000682114,Sclerochiton,,,,,
BB_RS_June,0.003410571,Scoliaxon,,,,,
BB_RS_June,0.017734971,Securigera,,,,,
BB_RS_June,0.001364229,Sedum,,,,,
BB_RS_June,0.000682114,Seguieria,,,,,
BB_RS_June,0.001364229,Semaphyllanthe,,,,,
BB_RS_June,0.000682114,Senecio,,,,,
BB_RS_June,0.070939885,Senegalia,,,,,
BB_RS_June,0.000682114,Sesbania,,,,,
BB_RS_June,0.000682114,Sherardia,,,,,
BB_RS_June,0.000682114,Sibbaldia,,,,,
BB_RS_June,0.002046343,Sidalcea,,,,,
BB_RS_June,0.000682114,Sieversia,,,,,
BB_RS_June,0.001364229,Sinapis,,,,,
BB_RS_June,0.001364229,Sinocrassula,,,,,
BB_RS_June,0.003410571,Sisymbrium,,,,,
BB_RS_June,0.000682114,Smelowskia,,,,,
BB_RS_June,7.344324468,Solanum,,,,,
BB_RS_June,0.0190992,Solori,,,,,
BB_RS_June,0.000682114,Sorbaria,,,,,
BB_RS_June,0.000682114,Sorghum,,,,,
BB_RS_June,0.001364229,Spergularia,,,,,
BB_RS_June,0.000682114,Sphaerocoma,,,,,
BB_RS_June,0.018417086,Spiraea,,,,,
BB_RS_June,0.001364229,Stachys,,,,,
BB_RS_June,0.000682114,Stackhousia,,,,,
BB_RS_June,0.000682114,Streblus,,,,,
BB_RS_June,0.000682114,Streptanthus,,,,,
BB_RS_June,0.002046343,Streptocarpus,,,,,
BB_RS_June,0.000682114,Stuhlmannia,,,,,
BB_RS_June,0.002046343,Sulla,,,,,
BB_RS_June,0.002728457,Syringa,,,,,
BB_RS_June,0.003410571,Tara,,,,,
BB_RS_June,0.000682114,Tetraberlinia,,,,,
BB_RS_June,0.001364229,Teucrium,,,,,
BB_RS_June,0.000682114,Thysanocarpus,,,,,
BB_RS_June,0.000682114,Tilia,,,,,
BB_RS_June,0.000682114,Tirpitzia,,,,,
BB_RS_June,0.000682114,Torminalis,,,,,
BB_RS_June,0.013642286,Toxicodendron,,,,,
BB_RS_June,0.000682114,Trema,,,,,
BB_RS_June,35.39218161,Trifolium,,,,,
BB_RS_June,0.019781314,Trigonella,,,,,
BB_RS_June,0.001364229,Trisetum,,,,,
BB_RS_June,0.000682114,Trompettia,,,,,
BB_RS_June,0.000682114,Tropaeolum,,,,,
BB_RS_June,0.002728457,Tulipa,,,,,
BB_RS_June,0.017052857,Turritis,,,,,
BB_RS_June,0.073668342,Tzeltalia,,,,,
BB_RS_June,0.004092686,Vaccinium,,,,,
BB_RS_June,0.000682114,Valeriana,,,,,
BB_RS_June,0.000682114,Van-royena,,,,,
BB_RS_June,0.086628514,Vella,,,,,
BB_RS_June,0.002728457,Viburnum,,,,,
BB_RS_June,29.38070844,Vicia,,,,,
BB_RS_June,0.001364229,Viola,,,,,
BB_RS_June,0.012960171,Vitis,,,,,
BB_RS_June,0.002728457,Ximenia,,,,,
BB_RS_June,0.000682114,Yeatesia,,,,,
BB_RS_June,0.000682114,Yinshania,,,,,
BB_RS_June,0.001364229,Zerdana,,,,,
BB_RS_June,0.000682114,Zingeria,,,,,
HB_Colyer_June,0.017570762,Acaena,,,,,
HB_Colyer_June,0.017570762,Acanthocalyx,,,,,
HB_Colyer_June,0.003194684,Acer,,,,,
HB_Colyer_June,0.001597342,Achillea,,,,,
HB_Colyer_June,0.001597342,Achimenes,,,,,
HB_Colyer_June,0.009584052,Aegopodium,,,,,
HB_Colyer_June,0.001597342,Ainsworthia,,,,,
HB_Colyer_June,0.001597342,Aizoon,,,,,
HB_Colyer_June,0.001597342,Albizia,,,,,
HB_Colyer_June,0.009584052,Alchemilla,,,,,
HB_Colyer_June,0.001597342,Alliaria,,,,,
HB_Colyer_June,0.001597342,Althaea,,,,,
HB_Colyer_June,0.003194684,Alyssum,,,,,
HB_Colyer_June,0.004792026,Ammodaucus,,,,,
HB_Colyer_June,0.001597342,Amphidasya,,,,,
HB_Colyer_June,0.003194684,Anthoxanthum,,,,,
HB_Colyer_June,0.003194684,Antopetitia,,,,,
HB_Colyer_June,0.011181394,Aphananthe,,,,,
HB_Colyer_June,0.003194684,Ateleia,,,,,
HB_Colyer_June,0.004792026,Baliospermum,,,,,
HB_Colyer_June,0.004792026,Betula,,,,,
HB_Colyer_June,0.001597342,Brachyglottis,,,,,
HB_Colyer_June,0.003194684,Brachystelma,,,,,
HB_Colyer_June,0.060698997,Brandisia,,,,,
HB_Colyer_June,0.001597342,Brassaiopsis,,,,,
HB_Colyer_June,0.003194684,Brassica,,,,,
HB_Colyer_June,0.001597342,Bupleurum,,,,,
HB_Colyer_June,0.001597342,Bursera,,,,,
HB_Colyer_June,0.004792026,Bussea,,,,,
HB_Colyer_June,0.006389368,Calceolaria,,,,,
HB_Colyer_June,0.001597342,Carmichaelia,,,,,
HB_Colyer_June,0.003194684,Caroxylon,,,,,
HB_Colyer_June,0.001597342,Carya,,,,,
HB_Colyer_June,0.177304965,Celastrus,,,,,
HB_Colyer_June,0.001597342,Celtis,,,,,
HB_Colyer_June,0.027154814,Cephalanthus,,,,,
HB_Colyer_June,0.001597342,Cercis,,,,,
HB_Colyer_June,0.001597342,Cercocarpus,,,,,
HB_Colyer_June,0.004792026,Cestrum,,,,,
HB_Colyer_June,0.001597342,Chlorella,,,,,
HB_Colyer_June,0.001597342,Chomelia,,,,,
HB_Colyer_June,0.001597342,Christisonia,,,,,
HB_Colyer_June,0.012778736,Cicer,,,,,
HB_Colyer_June,0.201265095,Cliffortia,,,,,
HB_Colyer_June,0.001597342,Coluria,,,,,
HB_Colyer_June,0.001597342,Condalia,,,,,
HB_Colyer_June,0.001597342,Convolvulus,,,,,
HB_Colyer_June,0.001597342,Cordia,,,,,
HB_Colyer_June,34.65752987,Cornus,,,,,
HB_Colyer_June,8.63842566,Crataegus,,,,,
HB_Colyer_June,0.001597342,Cyclolobium,,,,,
HB_Colyer_June,0.001597342,Cyrtandra,,,,,
HB_Colyer_June,0.003194684,Dasyphyllum,,,,,
HB_Colyer_June,0.001597342,Davidia,,,,,
HB_Colyer_June,0.001597342,Delphinium,,,,,
HB_Colyer_June,0.001597342,Dendrotrophe,,,,,
HB_Colyer_June,0.001597342,Depanthus,,,,,
HB_Colyer_June,0.009584052,Diospyros,,,,,
HB_Colyer_June,0.001597342,Distimake,,,,,
HB_Colyer_June,0.001597342,Donatia,,,,,
HB_Colyer_June,0.322663089,Drymocallis,,,,,
HB_Colyer_June,0.001597342,Ducrosia,,,,,
HB_Colyer_June,0.001597342,Ekimia,,,,,
HB_Colyer_June,0.006389368,Elaeagnus,,,,,
HB_Colyer_June,0.001597342,Eleocharis,,,,,
HB_Colyer_June,0.001597342,Empleuridium,,,,,
HB_Colyer_June,0.001597342,Entandrophragma,,,,,
HB_Colyer_June,0.001597342,Erica,,,,,
HB_Colyer_June,0.004792026,Erigeron,,,,,
HB_Colyer_June,0.001597342,Eriodictyon,,,,,
HB_Colyer_June,0.001597342,Erysimum,,,,,
HB_Colyer_June,0.001597342,Erythrostemon,,,,,
HB_Colyer_June,0.001597342,Falcaria,,,,,
HB_Colyer_June,0.001597342,Fallugia,,,,,
HB_Colyer_June,0.006389368,Fatsia,,,,,
HB_Colyer_June,0.001597342,Festuca,,,,,
HB_Colyer_June,0.001597342,Ficus,,,,,
HB_Colyer_June,0.001597342,Filipendula,,,,,
HB_Colyer_June,0.001597342,Fuscospora,,,,,
HB_Colyer_June,0.014376078,Galium,,,,,
HB_Colyer_June,0.001597342,Garcinia,,,,,
HB_Colyer_June,0.001597342,Geranium,,,,,
HB_Colyer_June,0.004792026,Gironniera,,,,,
HB_Colyer_June,0.00798671,Gleditsia,,,,,
HB_Colyer_June,0.001597342,Gmelina,,,,,
HB_Colyer_June,0.001597342,Gronovia,,,,,
HB_Colyer_June,0.001597342,Gymnocladus,,,,,
HB_Colyer_June,0.001597342,Haematostemon,,,,,
HB_Colyer_June,0.003194684,Harveya,,,,,
HB_Colyer_June,0.070283049,Hedera,,,,,
HB_Colyer_June,0.001597342,Hemiphora,,,,,
HB_Colyer_June,0.311481694,Hesperis,,,,,
HB_Colyer_June,0.00798671,Hibiscus,,,,,
HB_Colyer_June,0.001597342,Holodiscus,,,,,
HB_Colyer_June,0.001597342,Hubertia,,,,,
HB_Colyer_June,0.004792026,Hylotelephium,,,,,
HB_Colyer_June,0.020765446,Hyobanche,,,,,
HB_Colyer_June,0.00798671,Hyoscyamus,,,,,
HB_Colyer_June,0.004792026,Hypericum,,,,,
HB_Colyer_June,0.003194684,Ipomoea,,,,,
HB_Colyer_June,0.001597342,Isodon,,,,,
HB_Colyer_June,0.001597342,Jacobaea,,,,,
HB_Colyer_June,0.001597342,Jasminanthes,,,,,
HB_Colyer_June,0.001597342,Jatropha,,,,,
HB_Colyer_June,0.011181394,Juglans,,,,,
HB_Colyer_June,0.022362788,Kalmia,,,,,
HB_Colyer_June,0.004792026,Kalopanax,,,,,
HB_Colyer_June,0.001597342,Knautia,,,,,
HB_Colyer_June,0.001597342,Lamprocapnos,,,,,
HB_Colyer_June,0.003194684,Lecythis,,,,,
HB_Colyer_June,0.001597342,Lespedeza,,,,,
HB_Colyer_June,0.765126829,Ligustrum,,,,,
HB_Colyer_June,0.003194684,Lindleya,,,,,
HB_Colyer_June,0.001597342,Liparophyllum,,,,,
HB_Colyer_June,0.122995336,Liriodendron,,,,,
HB_Colyer_June,0.003194684,Lolium,,,,,
HB_Colyer_June,0.022362788,Lonicera,,,,,
HB_Colyer_June,0.001597342,Loropetalum,,,,,
HB_Colyer_June,0.001597342,Lotus,,,,,
HB_Colyer_June,0.001597342,Maackia,,,,,
HB_Colyer_June,0.009584052,Maclura,,,,,
HB_Colyer_June,0.001597342,Macropanax,,,,,
HB_Colyer_June,0.020765446,Magnolia,,,,,
HB_Colyer_June,0.01597342,Malacomeles,,,,,
HB_Colyer_June,0.001597342,Marcetella,,,,,
HB_Colyer_June,0.001597342,Martianthus,,,,,
HB_Colyer_June,0.001597342,Maytenus,,,,,
HB_Colyer_June,0.001597342,Melampyrum,,,,,
HB_Colyer_June,0.006389368,Mespilus,,,,,
HB_Colyer_June,0.001597342,Microseris,,,,,
HB_Colyer_June,0.003194684,Monopteryx,,,,,
HB_Colyer_June,0.02396013,Morella,,,,,
HB_Colyer_June,0.001597342,Mulguraea,,,,,
HB_Colyer_June,0.001597342,Musineon,,,,,
HB_Colyer_June,0.027154814,Myosotis,,,,,
HB_Colyer_June,0.027154814,Myrmeconauclea,,,,,
HB_Colyer_June,0.006389368,Myrospermum,,,,,
HB_Colyer_June,0.006389368,Neillia,,,,,
HB_Colyer_June,0.003194684,Neotorularia,,,,,
HB_Colyer_June,0.182096991,Nicotiana,,,,,
HB_Colyer_June,0.001597342,Notelaea,,,,,
HB_Colyer_June,0.017570762,Nyssa,,,,,
HB_Colyer_June,0.001597342,Ophiopogon,,,,,
HB_Colyer_June,0.001597342,Osmoxylon,,,,,
HB_Colyer_June,0.003194684,Oxera,,,,,
HB_Colyer_June,0.001597342,Panax,,,,,
HB_Colyer_June,0.001597342,Pastinaca,,,,,
HB_Colyer_June,0.089451153,Phalaris,,,,,
HB_Colyer_June,0.533512236,Photinia,,,,,
HB_Colyer_June,0.003194684,Phyllanthus,,,,,
HB_Colyer_June,0.00798671,Phyllostylon,,,,,
HB_Colyer_June,0.001597342,Physaria,,,,,
HB_Colyer_June,0.001597342,Pilea,,,,,
HB_Colyer_June,0.001597342,Pimelea,,,,,
HB_Colyer_June,0.001597342,Pittosporum,,,,,
HB_Colyer_June,0.001597342,Pityrodia,,,,,
HB_Colyer_June,0.003194684,Poa,,,,,
HB_Colyer_June,0.001597342,Polygala,,,,,
HB_Colyer_June,0.001597342,Polylepis,,,,,
HB_Colyer_June,0.001597342,Polymeria,,,,,
HB_Colyer_June,0.001597342,Polyscias,,,,,
HB_Colyer_June,0.001597342,Posoqueria,,,,,
HB_Colyer_June,0.022362788,Potentilla,,,,,
HB_Colyer_June,0.004792026,Pouteria,,,,,
HB_Colyer_June,0.02396013,Prunus,,,,,
HB_Colyer_June,0.001597342,Rhodanthemum,,,,,
HB_Colyer_June,0.00798671,Rhus,,,,,
HB_Colyer_June,0.003194684,Robinia,,,,,
HB_Colyer_June,49.01603731,Rosa,,,,,
HB_Colyer_June,0.236406619,Rubus,,,,,
HB_Colyer_June,0.001597342,Rumex,,,,,
HB_Colyer_June,0.003194684,Salix,,,,,
HB_Colyer_June,0.003194684,Salpiglossis,,,,,
HB_Colyer_June,1.162864993,Sambucus,,,,,
HB_Colyer_June,0.003194684,Samolus,,,,,
HB_Colyer_June,0.009584052,Sanguisorba,,,,,
HB_Colyer_June,0.044725577,Scaevola,,,,,
HB_Colyer_June,0.006389368,Schizocodon,,,,,
HB_Colyer_June,0.001597342,Schoenoplectus,,,,,
HB_Colyer_June,0.028752156,Securigera,,,,,
HB_Colyer_June,0.022362788,Senegalia,,,,,
HB_Colyer_June,0.004792026,Sibbaldia,,,,,
HB_Colyer_June,0.003194684,Sidalcea,,,,,
HB_Colyer_June,0.001597342,Sieversia,,,,,
HB_Colyer_June,0.003194684,Sinocrassula,,,,,
HB_Colyer_June,0.247588014,Solanum,,,,,
HB_Colyer_June,0.004792026,Sorbus,,,,,
HB_Colyer_June,0.001597342,Sphaerosacme,,,,,
HB_Colyer_June,0.022362788,Spiraea,,,,,
HB_Colyer_June,0.001597342,Stachyurus,,,,,
HB_Colyer_June,0.001597342,Sterigmapetalum,,,,,
HB_Colyer_June,0.003194684,Tara,,,,,
HB_Colyer_June,0.001597342,Tetradymia,,,,,
HB_Colyer_June,0.006389368,Tilia,,,,,
HB_Colyer_June,0.001597342,Tipuana,,,,,
HB_Colyer_June,0.693246438,Torminalis,,,,,
HB_Colyer_June,0.014376078,Toxicodendron,,,,,
HB_Colyer_June,1.464762635,Trifolium,,,,,
HB_Colyer_June,0.001597342,Tropaeolum,,,,,
HB_Colyer_June,0.003194684,Trymalium,,,,,
HB_Colyer_June,0.001597342,Turritis,,,,,
HB_Colyer_June,0.001597342,Tylosema,,,,,
HB_Colyer_June,0.043128235,Tzeltalia,,,,,
HB_Colyer_June,0.003194684,Valeriana,,,,,
HB_Colyer_June,0.003194684,Vauquelinia,,,,,
HB_Colyer_June,0.047920261,Vernicia,,,,,
HB_Colyer_June,0.001597342,Veronica,,,,,
HB_Colyer_June,0.001597342,Vicia,,,,,
HB_Colyer_June,0.001597342,Virectaria,,,,,
HB_Colyer_June,0.003194684,Vitis,,,,,
HB_Colyer_June,0.001597342,Xanthocercis,,,,,
HB_FB_June,0.001986689,Acaena,,,,,
HB_FB_June,0.001986689,Acer,,,,,
HB_FB_June,0.003973378,Acleisanthes,,,,,
HB_FB_June,0.001986689,Acmispon,,,,,
HB_FB_June,0.001986689,Actaea,,,,,
HB_FB_June,0.001986689,Aeschynomene,,,,,
HB_FB_June,0.011920135,Alseis,,,,,
HB_FB_June,0.470845336,Ammodaucus,,,,,
HB_FB_June,0.001986689,Amphithalea,,,,,
HB_FB_June,0.003973378,Anthriscus,,,,,
HB_FB_June,0.001986689,Antopetitia,,,,,
HB_FB_June,0.001986689,Artocarpus,,,,,
HB_FB_June,0.001986689,Asparagus,,,,,
HB_FB_June,0.005960068,Astragalus,,,,,
HB_FB_June,0.003973378,Azara,,,,,
HB_FB_June,0.001986689,Ballota,,,,,
HB_FB_June,0.059600675,Brandisia,,,,,
HB_FB_June,0.001986689,Brassaiopsis,,,,,
HB_FB_June,0.015893513,Brassica,,,,,
HB_FB_June,0.001986689,Bursera,,,,,
HB_FB_June,0.007946757,Camellia,,,,,
HB_FB_June,0.003973378,Caragana,,,,,
HB_FB_June,0.003973378,Carmichaelia,,,,,
HB_FB_June,0.007946757,Castanea,,,,,
HB_FB_June,0.003973378,Castelnavia,,,,,
HB_FB_June,0.001986689,Cedrela,,,,,
HB_FB_June,0.21853581,Celastrus,,,,,
HB_FB_June,0.001986689,Celtis,,,,,
HB_FB_June,0.007946757,Cerastium,,,,,
HB_FB_June,0.001986689,Cestrum,,,,,
HB_FB_June,0.001986689,Chamaecrista,,,,,
HB_FB_June,0.003973378,Chelidonium,,,,,
HB_FB_June,1.744313102,Cicer,,,,,
HB_FB_June,0.001986689,Cirsium,,,,,
HB_FB_June,0.001986689,Clematis,,,,,
HB_FB_June,0.017880203,Cleome,,,,,
HB_FB_June,0.001986689,Coffea,,,,,
HB_FB_June,0.001986689,Colombobalanus,,,,,
HB_FB_June,0.02384027,Cornus,,,,,
HB_FB_June,0.001986689,Coronilla,,,,,
HB_FB_June,0.009933446,Crataegus,,,,,
HB_FB_June,0.001986689,Cubanola,,,,,
HB_FB_June,0.001986689,Cyrtandra,,,,,
HB_FB_June,0.007946757,Dactylis,,,,,
HB_FB_June,0.013906824,Dasymaschalon,,,,,
HB_FB_June,0.001986689,Deinbollia,,,,,
HB_FB_June,0.003973378,Delphinium,,,,,
HB_FB_June,0.003973378,Diospyros,,,,,
HB_FB_June,0.001986689,Dipsacus,,,,,
HB_FB_June,0.003973378,Discolobium,,,,,
HB_FB_June,0.001986689,Dolichlasium,,,,,
HB_FB_June,0.001986689,Drymaria,,,,,
HB_FB_June,0.061587365,Elaeagnus,,,,,
HB_FB_June,0.003973378,Elatostema,,,,,
HB_FB_June,0.015893513,Eschscholzia,,,,,
HB_FB_June,0.001986689,Euonymus,,,,,
HB_FB_June,0.003973378,Fallopia,,,,,
HB_FB_June,0.001986689,Fatsia,,,,,
HB_FB_June,0.003973378,Festuca,,,,,
HB_FB_June,0.001986689,Fleroya,,,,,
HB_FB_June,0.001986689,Garcinia,,,,,
HB_FB_June,0.001986689,Glandularia,,,,,
HB_FB_June,0.019866892,Gleditsia,,,,,
HB_FB_June,0.013906824,Greuteria,,,,,
HB_FB_June,0.005960068,Harveya,,,,,
HB_FB_June,0.009933446,Hedera,,,,,
HB_FB_June,0.019866892,Helleborus,,,,,
HB_FB_June,0.009933446,Hesperis,,,,,
HB_FB_June,0.001986689,Hydnophytum,,,,,
HB_FB_June,0.059600675,Hyobanche,,,,,
HB_FB_June,0.003973378,Indigofera,,,,,
HB_FB_June,0.003973378,Ipomoea,,,,,
HB_FB_June,0.001986689,Iris,,,,,
HB_FB_June,0.015893513,Jacquemontia,,,,,
HB_FB_June,0.005960068,Kalmia,,,,,
HB_FB_June,0.001986689,Kingiodendron,,,,,
HB_FB_June,0.003973378,Krameria,,,,,
HB_FB_June,0.001986689,Lagochilus,,,,,
HB_FB_June,0.013906824,Lathyrus,,,,,
HB_FB_June,0.013906824,Lens,,,,,
HB_FB_June,0.005960068,Leptoderris,,,,,
HB_FB_June,0.186748783,Ligustrum,,,,,
HB_FB_June,0.003973378,Liparophyllum,,,,,
HB_FB_June,0.02384027,Liriodendron,,,,,
HB_FB_June,0.001986689,Lolium,,,,,
HB_FB_June,0.001986689,Lonicera,,,,,
HB_FB_June,0.001986689,Lophozonia,,,,,
HB_FB_June,0.011920135,Lotus,,,,,
HB_FB_June,0.001986689,Lycoris,,,,,
HB_FB_June,0.009933446,Maclura,,,,,
HB_FB_June,0.001986689,Magnolia,,,,,
HB_FB_June,0.003973378,Magnoliophyta,,,,,
HB_FB_June,0.005960068,Maianthemum,,,,,
HB_FB_June,0.001986689,Malus,,,,,
HB_FB_June,0.001986689,Maytenus,,,,,
HB_FB_June,0.003973378,Medicago,,,,,
HB_FB_June,0.005960068,Metalasia,,,,,
HB_FB_June,0.001986689,Mimetes,,,,,
HB_FB_June,0.001986689,Monopteryx,,,,,
HB_FB_June,0.001986689,Munronia,,,,,
HB_FB_June,0.035760405,Myrmeconauclea,,,,,
HB_FB_June,0.001986689,Myrospermum,,,,,
HB_FB_June,0.001986689,Nauclea,,,,,
HB_FB_June,0.003973378,Neillia,,,,,
HB_FB_June,0.009933446,Nicotiana,,,,,
HB_FB_June,0.003973378,Nissolia,,,,,
HB_FB_June,0.015893513,Nyssa,,,,,
HB_FB_June,0.001986689,Ononis,,,,,
HB_FB_June,0.001986689,Ophiopogon,,,,,
HB_FB_June,0.001986689,Oreobolus,,,,,
HB_FB_June,0.007946757,Ornithopus,,,,,
HB_FB_June,0.001986689,Ostericum,,,,,
HB_FB_June,0.009933446,Oxytropis,,,,,
HB_FB_June,0.001986689,Padbruggea,,,,,
HB_FB_June,0.003973378,Parochetus,,,,,
HB_FB_June,0.001986689,Parrotia,,,,,
HB_FB_June,0.001986689,Pedicularis,,,,,
HB_FB_June,0.001986689,Persoonia,,,,,
HB_FB_June,0.001986689,Petrocosmea,,,,,
HB_FB_June,0.001986689,Phalaris,,,,,
HB_FB_June,0.001986689,Philadelphus,,,,,
HB_FB_June,0.001986689,Phleum,,,,,
HB_FB_June,0.001986689,Phylloxylon,,,,,
HB_FB_June,0.001986689,Phytolacca,,,,,
HB_FB_June,0.003973378,Pilosella,,,,,
HB_FB_June,0.001986689,Poa,,,,,
HB_FB_June,0.001986689,Podlechiella,,,,,
HB_FB_June,0.017880203,Podostemaceae,,,,,
HB_FB_June,0.162908513,Polygala,,,,,
HB_FB_June,0.007946757,Polyscias,,,,,
HB_FB_June,0.001986689,Potentilla,,,,,
HB_FB_June,0.013906824,Primulina,,,,,
HB_FB_June,0.007946757,Proboscidea,,,,,
HB_FB_June,0.075494189,Prunus,,,,,
HB_FB_June,0.005960068,Quercus,,,,,
HB_FB_June,0.001986689,Ranunculus,,,,,
HB_FB_June,0.003973378,Rhododendron,,,,,
HB_FB_June,0.001986689,Rhus,,,,,
HB_FB_June,0.003973378,Ribes,,,,,
HB_FB_June,0.003973378,Robinia,,,,,
HB_FB_June,0.02384027,Rosa,,,,,
HB_FB_June,0.083440946,Rubus,,,,,
HB_FB_June,0.001986689,Rumex,,,,,
HB_FB_June,0.003973378,Salix,,,,,
HB_FB_June,0.041720473,Sambucus,,,,,
HB_FB_June,0.001986689,Sanicula,,,,,
HB_FB_June,0.003973378,Santalum,,,,,
HB_FB_June,0.001986689,Saussurea,,,,,
HB_FB_June,0.009933446,Securigera,,,,,
HB_FB_June,0.001986689,Sedum,,,,,
HB_FB_June,0.001986689,Semaphyllanthe,,,,,
HB_FB_June,0.001986689,Senecio,,,,,
HB_FB_June,0.045693851,Senegalia,,,,,
HB_FB_June,0.001986689,Smilax,,,,,
HB_FB_June,0.055627297,Solanum,,,,,
HB_FB_June,0.015893513,Solori,,,,,
HB_FB_June,0.007946757,Spiraea,,,,,
HB_FB_June,0.001986689,Stockwellia,,,,,
HB_FB_June,0.005960068,Sulla,,,,,
HB_FB_June,0.005960068,Tarenaya,,,,,
HB_FB_June,0.005960068,Tetraberlinia,,,,,
HB_FB_June,0.003973378,Tilia,,,,,
HB_FB_June,0.005960068,Toxicodendron,,,,,
HB_FB_June,95.86371312,Trifolium,,,,,
HB_FB_June,0.009933446,Trigonella,,,,,
HB_FB_June,0.001986689,Vepris,,,,,
HB_FB_June,0.003973378,Veronica,,,,,
HB_FB_June,0.005960068,Viburnum,,,,,
HB_FB_June,0.013906824,Vicia,,,,,
HB_FB_June,0.007946757,Villarsia,,,,,
HB_FB_June,0.001986689,Viola,,,,,
HB_FB_June,0.003973378,Weigela,,,,,
HB_FB_June,0.001986689,Ximenia,,,,,
HB_Hyner_June,0.001045358,Abrotanella,,,,,
HB_Hyner_June,0.001045358,Acacia,,,,,
HB_Hyner_June,0.001045358,Acaena,,,,,
HB_Hyner_June,0.001045358,Acanthocalyx,,,,,
HB_Hyner_June,0.004181432,Acer,,,,,
HB_Hyner_June,0.003136074,Achillea,,,,,
HB_Hyner_June,0.02195252,Acleisanthes,,,,,
HB_Hyner_June,0.017771087,Acmispon,,,,,
HB_Hyner_June,0.001045358,Actaea,,,,,
HB_Hyner_June,0.001045358,Adesmia,,,,,
HB_Hyner_June,0.001045358,Aeginetia,,,,,
HB_Hyner_June,0.001045358,Afrocalliandra,,,,,
HB_Hyner_June,0.001045358,Agastache,,,,,
HB_Hyner_June,0.001045358,Agonandra,,,,,
HB_Hyner_June,0.004181432,Agoseris,,,,,
HB_Hyner_June,0.002090716,Agrostis,,,,,
HB_Hyner_June,0.001045358,Aichryson,,,,,
HB_Hyner_June,0.001045358,Allophylus,,,,,
HB_Hyner_June,0.003136074,Alseis,,,,,
HB_Hyner_June,0.127533687,Alternanthera,,,,,
HB_Hyner_June,0.002090716,Ammannia,,,,,
HB_Hyner_June,0.246704509,Ammodaucus,,,,,
HB_Hyner_June,0.001045358,Amphicarpaea,,,,,
HB_Hyner_June,0.353331034,Amphithalea,,,,,
HB_Hyner_June,0.001045358,Amphoricarpos,,,,,
HB_Hyner_June,0.001045358,Anemone,,,,,
HB_Hyner_June,0.001045358,Anthyllis,,,,,
HB_Hyner_June,0.028224668,Antirrhinum,,,,,
HB_Hyner_June,0.002090716,Antopetitia,,,,,
HB_Hyner_June,0.001045358,Aphanostephus,,,,,
HB_Hyner_June,0.001045358,Arabis,,,,,
HB_Hyner_June,0.003136074,Aristotelia,,,,,
HB_Hyner_June,0.00522679,Arrhenatherum,,,,,
HB_Hyner_June,0.013589655,Artemisia,,,,,
HB_Hyner_June,0.001045358,Astilbe,,,,,
HB_Hyner_June,0.002090716,Astragalus,,,,,
HB_Hyner_June,0.002090716,Atriplex,,,,,
HB_Hyner_June,0.001045358,Austrocallerya,,,,,
HB_Hyner_June,0.001045358,Azara,,,,,
HB_Hyner_June,0.006272149,Baliospermum,,,,,
HB_Hyner_June,0.001045358,Baptisia,,,,,
HB_Hyner_June,0.001045358,Bossiaea,,,,,
HB_Hyner_June,0.087810079,Brandisia,,,,,
HB_Hyner_June,0.003136074,Brassica,,,,,
HB_Hyner_June,0.001045358,Brunfelsia,,,,,
HB_Hyner_June,0.001045358,Bucquetia,,,,,
HB_Hyner_June,0.003136074,Bupleurum,,,,,
HB_Hyner_June,0.003136074,Bursera,,,,,
HB_Hyner_June,0.034496817,Calliandra,,,,,
HB_Hyner_June,0.001045358,Calyculogygas,,,,,
HB_Hyner_June,0.003136074,Camellia,,,,,
HB_Hyner_June,0.001045358,Camptosema,,,,,
HB_Hyner_June,0.001045358,Caragana,,,,,
HB_Hyner_June,0.015680371,Carduus,,,,,
HB_Hyner_June,0.001045358,Carlina,,,,,
HB_Hyner_June,0.009408223,Carmichaelia,,,,,
HB_Hyner_June,0.001045358,Caroxylon,,,,,
HB_Hyner_June,0.001045358,Carpanthea,,,,,
HB_Hyner_June,0.002090716,Carya,,,,,
HB_Hyner_June,0.6010809,Castanea,,,,,
HB_Hyner_June,0.001045358,Castanopsis,,,,,
HB_Hyner_June,0.016725729,Castelnavia,,,,,
HB_Hyner_June,0.061676127,Celastrus,,,,,
HB_Hyner_June,0.018816446,Celmisia,,,,,
HB_Hyner_June,0.004181432,Centaurea,,,,,
HB_Hyner_June,0.002090716,Cephalanthus,,,,,
HB_Hyner_June,0.001045358,Cercis,,,,,
HB_Hyner_June,0.001045358,Chamaecrista,,,,,
HB_Hyner_June,0.001045358,Chapmannia,,,,,
HB_Hyner_June,0.001045358,Chenolea,,,,,
HB_Hyner_June,0.002090716,Chenopodium,,,,,
HB_Hyner_June,0.002090716,Christisonia,,,,,
HB_Hyner_June,0.034496817,Chrysolepis,,,,,
HB_Hyner_June,0.673210608,Cicer,,,,,
HB_Hyner_June,6.70074534,Cirsium,,,,,
HB_Hyner_June,0.002090716,Coffea,,,,,
HB_Hyner_June,0.002090716,Coincya,,,,,
HB_Hyner_June,0.001045358,Colliguaja,,,,,
HB_Hyner_June,0.013589655,Colombobalanus,,,,,
HB_Hyner_June,0.003136074,Colubrina,,,,,
HB_Hyner_June,0.008362865,Combretum,,,,,
HB_Hyner_June,0.001045358,Convolvulus,,,,,
HB_Hyner_June,0.001045358,Conyza,,,,,
HB_Hyner_June,0.001045358,Coptis,,,,,
HB_Hyner_June,0.001045358,Corchorus,,,,,
HB_Hyner_June,0.001045358,Coreocarpus,,,,,
HB_Hyner_June,0.001045358,Coreopsis,,,,,
HB_Hyner_June,0.004181432,Cornus,,,,,
HB_Hyner_June,0.053313262,Coronilla,,,,,
HB_Hyner_June,0.001045358,Corrigiola,,,,,
HB_Hyner_June,0.001045358,Corymbia,,,,,
HB_Hyner_June,0.001045358,Coursetia,,,,,
HB_Hyner_June,0.002090716,Craibia,,,,,
HB_Hyner_June,0.001045358,Craibiodendron,,,,,
HB_Hyner_June,0.001045358,Cryptandra,,,,,
HB_Hyner_June,0.002090716,Cubanola,,,,,
HB_Hyner_June,0.001045358,Cuphea,,,,,
HB_Hyner_June,0.002090716,Cuscuta,,,,,
HB_Hyner_June,0.003136074,Cyclamen,,,,,
HB_Hyner_June,0.001045358,Cydonia,,,,,
HB_Hyner_June,0.001045358,Cynara,,,,,
HB_Hyner_June,0.001045358,Cyrtandra,,,,,
HB_Hyner_June,0.001045358,Cytisopsis,,,,,
HB_Hyner_June,0.001045358,Dactylis,,,,,
HB_Hyner_June,0.003136074,Daucus,,,,,
HB_Hyner_June,0.003136074,Decaneuropsis,,,,,
HB_Hyner_June,0.001045358,Deinbollia,,,,,
HB_Hyner_June,0.002090716,Dendrotrophe,,,,,
HB_Hyner_June,0.001045358,Denisophytum,,,,,
HB_Hyner_June,0.001045358,Derris,,,,,
HB_Hyner_June,0.001045358,Dipsacus,,,,,
HB_Hyner_June,0.001045358,Discolobium,,,,,
HB_Hyner_June,0.002090716,Dorstenia,,,,,
HB_Hyner_June,0.001045358,Dracocephalum,,,,,
HB_Hyner_June,0.001045358,Ducrosia,,,,,
HB_Hyner_June,0.001045358,Echinacea,,,,,
HB_Hyner_June,0.003136074,Echium,,,,,
HB_Hyner_June,0.014635013,Elaeagnus,,,,,
HB_Hyner_June,0.019861804,Erigeron,,,,,
HB_Hyner_June,0.001045358,Erythroxylum,,,,,
HB_Hyner_June,0.001045358,Eucrypta,,,,,
HB_Hyner_June,0.008362865,Fatsia,,,,,
HB_Hyner_June,0.001045358,Festuca,,,,,
HB_Hyner_June,0.002090716,Ficus,,,,,
HB_Hyner_June,0.006272149,Forsythia,,,,,
HB_Hyner_June,0.001045358,Fouquieria,,,,,
HB_Hyner_June,0.001045358,Galatella,,,,,
HB_Hyner_June,0.012544297,Galium,,,,,
HB_Hyner_June,0.001045358,Garciadelia,,,,,
HB_Hyner_June,0.001045358,Gastrocotyle,,,,,
HB_Hyner_June,0.002090716,Gaylussacia,,,,,
HB_Hyner_June,0.002090716,Geranium,,,,,
HB_Hyner_June,0.003136074,Geum,,,,,
HB_Hyner_June,0.00522679,Glycine,,,,,
HB_Hyner_June,0.001045358,Glycyrrhiza,,,,,
HB_Hyner_June,0.026133952,Goodenia,,,,,
HB_Hyner_June,0.001045358,Grabowskia,,,,,
HB_Hyner_June,0.003136074,Greuteria,,,,,
HB_Hyner_June,0.001045358,Haloragis,,,,,
HB_Hyner_June,0.001045358,Hamamelis,,,,,
HB_Hyner_June,0.019861804,Harveya,,,,,
HB_Hyner_June,0.008362865,Hedera,,,,,
HB_Hyner_June,0.003136074,Helinus,,,,,
HB_Hyner_June,0.002090716,Heliotropium,,,,,
HB_Hyner_June,0.008362865,Helleborus,,,,,
HB_Hyner_June,0.001045358,Hesperis,,,,,
HB_Hyner_June,0.002090716,Hieronyma,,,,,
HB_Hyner_June,0.003136074,Hoffmannseggia,,,,,
HB_Hyner_June,0.029270026,Hovenia,,,,,
HB_Hyner_June,0.001045358,Humbertia,,,,,
HB_Hyner_June,0.007317507,Hydrangea,,,,,
HB_Hyner_June,0.070038992,Hyobanche,,,,,
HB_Hyner_June,0.022997878,Hypericum,,,,,
HB_Hyner_June,0.001045358,Hypocalyptus,,,,,
HB_Hyner_June,0.001045358,Impatiens,,,,,
HB_Hyner_June,0.003136074,Indigofera,,,,,
HB_Hyner_June,0.003136074,Ipomoea,,,,,
HB_Hyner_June,0.002090716,Iris,,,,,
HB_Hyner_June,0.001045358,Ixiolaena,,,,,
HB_Hyner_June,0.001045358,Jacobaea,,,,,
HB_Hyner_June,0.002090716,Jatropha,,,,,
HB_Hyner_June,0.001045358,Justicia,,,,,
HB_Hyner_June,0.001045358,Kingiodendron,,,,,
HB_Hyner_June,0.006272149,Kippistia,,,,,
HB_Hyner_June,0.002090716,Klasea,,,,,
HB_Hyner_June,0.002090716,Koehneria,,,,,
HB_Hyner_June,0.001045358,Koenigia,,,,,
HB_Hyner_June,0.00522679,Krameria,,,,,
HB_Hyner_June,0.001045358,Lagenophora,,,,,
HB_Hyner_June,0.001045358,Lamium,,,,,
HB_Hyner_June,0.013589655,Lathyrus,,,,,
HB_Hyner_June,0.006272149,Lens,,,,,
HB_Hyner_June,0.001045358,Leucadendron,,,,,
HB_Hyner_June,0.001045358,Leucaena,,,,,
HB_Hyner_June,0.001045358,Lewisia,,,,,
HB_Hyner_June,0.001045358,Ligusticum,,,,,
HB_Hyner_June,0.003136074,Lilium,,,,,
HB_Hyner_June,0.004181432,Linanthus,,,,,
HB_Hyner_June,0.001045358,Liparia,,,,,
HB_Hyner_June,0.004181432,Liparophyllum,,,,,
HB_Hyner_June,0.001045358,Lissocarpa,,,,,
HB_Hyner_June,0.001045358,Lomatium,,,,,
HB_Hyner_June,0.00522679,Lonicera,,,,,
HB_Hyner_June,0.16934801,Lotus,,,,,
HB_Hyner_June,0.007317507,Lysipomia,,,,,
HB_Hyner_June,0.001045358,Maclura,,,,,
HB_Hyner_June,0.012544297,Magoniella,,,,,
HB_Hyner_June,0.001045358,Mammea,,,,,
HB_Hyner_June,0.001045358,Marcetella,,,,,
HB_Hyner_June,0.003136074,Maytenus,,,,,
HB_Hyner_June,0.002090716,Medicago,,,,,
HB_Hyner_June,0.001045358,Melasma,,,,,
HB_Hyner_June,0.00522679,Melilotus,,,,,
HB_Hyner_June,0.001045358,Meryta,,,,,
HB_Hyner_June,0.001045358,Microlaena,,,,,
HB_Hyner_June,0.001045358,Mimetes,,,,,
HB_Hyner_June,0.001045358,Mirbelia,,,,,
HB_Hyner_June,0.001045358,Monotropa,,,,,
HB_Hyner_June,0.001045358,Myosurus,,,,,
HB_Hyner_June,0.016725729,Myriophyllum,,,,,
HB_Hyner_June,0.050177188,Myrmeconauclea,,,,,
HB_Hyner_June,0.002090716,Nauclea,,,,,
HB_Hyner_June,0.001045358,Neoapaloxylon,,,,,
HB_Hyner_June,0.004181432,Nicotiana,,,,,
HB_Hyner_June,0.001045358,Nitraria,,,,,
HB_Hyner_June,0.006272149,Noltea,,,,,
HB_Hyner_June,0.001045358,Nyssa,,,,,
HB_Hyner_June,0.001045358,Omphalogramma,,,,,
HB_Hyner_June,0.004181432,Ononis,,,,,
HB_Hyner_June,0.06585756,Onosma,,,,,
HB_Hyner_June,0.001045358,Oreobliton,,,,,
HB_Hyner_June,0.001045358,Oreobolus,,,,,
HB_Hyner_June,0.001045358,Orostachys,,,,,
HB_Hyner_June,0.003136074,Osmoxylon,,,,,
HB_Hyner_June,0.001045358,Oxytropis,,,,,
HB_Hyner_June,0.001045358,Padbruggea,,,,,
HB_Hyner_June,0.001045358,Pamianthe,,,,,
HB_Hyner_June,0.001045358,Parochetus,,,,,
HB_Hyner_June,0.001045358,Parthenium,,,,,
HB_Hyner_June,0.00522679,Pastinaca,,,,,
HB_Hyner_June,0.001045358,Pedicularis,,,,,
HB_Hyner_June,0.001045358,Peplidium,,,,,
HB_Hyner_June,0.001045358,Petradoria,,,,,
HB_Hyner_June,0.002090716,Petrocodon,,,,,
HB_Hyner_June,0.001045358,Petrocosmea,,,,,
HB_Hyner_June,0.001045358,Phaseolus,,,,,
HB_Hyner_June,0.062721485,Phleum,,,,,
HB_Hyner_June,0.001045358,Phonus,,,,,
HB_Hyner_June,0.001045358,Phyllostylon,,,,,
HB_Hyner_June,0.00522679,Physalis,,,,,
HB_Hyner_June,0.047041114,Physaria,,,,,
HB_Hyner_June,0.002090716,Physospermum,,,,,
HB_Hyner_June,0.001045358,Phytolacca,,,,,
HB_Hyner_June,0.003136074,Pilosella,,,,,
HB_Hyner_June,0.001045358,Pimelea,,,,,
HB_Hyner_June,0.001045358,Pimpinella,,,,,
HB_Hyner_June,0.001045358,Pipturus,,,,,
HB_Hyner_June,0.002090716,Pittosporum,,,,,
HB_Hyner_June,0.002090716,Planchonella,,,,,
HB_Hyner_June,0.047041114,Plantago,,,,,
HB_Hyner_June,0.002090716,Plukenetia,,,,,
HB_Hyner_June,0.001045358,Poa,,,,,
HB_Hyner_June,0.002090716,Podolotus,,,,,
HB_Hyner_June,0.126488329,Polycnemum,,,,,
HB_Hyner_June,0.073175066,Polygala,,,,,
HB_Hyner_June,0.001045358,Polygonum,,,,,
HB_Hyner_June,0.003136074,Polyscias,,,,,
HB_Hyner_June,0.010453581,Pomaria,,,,,
HB_Hyner_June,0.001045358,Potentilla,,,,,
HB_Hyner_June,0.003136074,Pouteria,,,,,
HB_Hyner_June,0.006272149,Primulina,,,,,
HB_Hyner_June,0.003136074,Prunella,,,,,
HB_Hyner_June,0.007317507,Prunus,,,,,
HB_Hyner_June,0.001045358,Psammosilene,,,,,
HB_Hyner_June,0.001045358,Psorospermum,,,,,
HB_Hyner_June,0.002090716,Psychotria,,,,,
HB_Hyner_June,0.012544297,Psylliostachys,,,,,
HB_Hyner_June,0.216389124,Quercus,,,,,
HB_Hyner_June,0.001045358,Raphiocarpus,,,,,
HB_Hyner_June,0.001045358,Reevesia,,,,,
HB_Hyner_June,0.038678249,Remya,,,,,
HB_Hyner_June,0.002090716,Rhaponticum,,,,,
HB_Hyner_June,0.001045358,Rhodiola,,,,,
HB_Hyner_June,0.004181432,Ribes,,,,,
HB_Hyner_June,0.002090716,Roldana,,,,,
HB_Hyner_June,0.013589655,Rosa,,,,,
HB_Hyner_June,0.001045358,Rotala,,,,,
HB_Hyner_June,0.02195252,Rubus,,,,,
HB_Hyner_June,0.002090716,Rudbeckia,,,,,
HB_Hyner_June,0.002090716,Rumex,,,,,
HB_Hyner_June,0.003136074,Salix,,,,,
HB_Hyner_June,0.007317507,Salsola,,,,,
HB_Hyner_June,0.002090716,Sambucus,,,,,
HB_Hyner_June,0.002090716,Sanicula,,,,,
HB_Hyner_June,0.001045358,Santalum,,,,,
HB_Hyner_June,0.06585756,Saussurea,,,,,
HB_Hyner_June,0.003136074,Saxifraga,,,,,
HB_Hyner_June,0.001045358,Scadoxus,,,,,
HB_Hyner_June,0.003136074,Scaevola,,,,,
HB_Hyner_June,0.001045358,Schistocarpaea,,,,,
HB_Hyner_June,0.001045358,Schmardaea,,,,,
HB_Hyner_June,0.001045358,Scleromitrion,,,,,
HB_Hyner_June,42.18228954,Securigera,,,,,
HB_Hyner_June,0.003136074,Sedum,,,,,
HB_Hyner_June,0.012544297,Senecio,,,,,
HB_Hyner_June,0.07108435,Senegalia,,,,,
HB_Hyner_June,0.001045358,Senna,,,,,
HB_Hyner_June,0.002090716,Sesbania,,,,,
HB_Hyner_June,0.002090716,Sidalcea,,,,,
HB_Hyner_June,0.001045358,Silene,,,,,
HB_Hyner_June,0.001045358,Silybum,,,,,
HB_Hyner_June,0.001045358,Sinocrassula,,,,,
HB_Hyner_June,0.001045358,Sinosenecio,,,,,
HB_Hyner_June,0.332423872,Solanum,,,,,
HB_Hyner_June,0.002090716,Solori,,,,,
HB_Hyner_June,0.002090716,Sonchus,,,,,
HB_Hyner_June,0.004181432,Sorbaria,,,,,
HB_Hyner_June,0.001045358,Sorbus,,,,,
HB_Hyner_June,0.014635013,Spergularia,,,,,
HB_Hyner_June,0.002090716,Sphaerocoma,,,,,
HB_Hyner_June,0.053313262,Spiraea,,,,,
HB_Hyner_June,0.001045358,Stachys,,,,,
HB_Hyner_June,0.001045358,Stackhousia,,,,,
HB_Hyner_June,0.002090716,Stenandrium,,,,,
HB_Hyner_June,0.001045358,Stigmaphyllon,,,,,
HB_Hyner_June,0.001045358,Streptoglossa,,,,,
HB_Hyner_June,0.001045358,Suaeda,,,,,
HB_Hyner_June,0.001045358,Sulla,,,,,
HB_Hyner_June,0.001045358,Sutherlandia,,,,,
HB_Hyner_June,0.001045358,Symphoricarpos,,,,,
HB_Hyner_June,0.018816446,Symphyotrichum,,,,,
HB_Hyner_June,0.001045358,Tamarix,,,,,
HB_Hyner_June,0.001045358,Tara,,,,,
HB_Hyner_June,0.004181432,Taraxacum,,,,,
HB_Hyner_June,0.001045358,Testulea,,,,,
HB_Hyner_June,0.001045358,Thouinia,,,,,
HB_Hyner_June,0.063766843,Tilia,,,,,
HB_Hyner_June,0.001045358,Tirpitzia,,,,,
HB_Hyner_June,0.002090716,Toxicodendron,,,,,
HB_Hyner_June,0.002090716,Trema,,,,,
HB_Hyner_June,0.002090716,Trichogonia,,,,,
HB_Hyner_June,46.27695717,Trifolium,,,,,
HB_Hyner_June,0.007317507,Trigonella,,,,,
HB_Hyner_June,0.002090716,Urceola,,,,,
HB_Hyner_June,0.001045358,Urophyllum,,,,,
HB_Hyner_June,0.002090716,Uvedalia,,,,,
HB_Hyner_June,0.004181432,Viburnum,,,,,
HB_Hyner_June,0.004181432,Vicia,,,,,
HB_Hyner_June,0.001045358,Viola,,,,,
HB_Hyner_June,0.001045358,Xymalos,,,,,
HB_Hyner_June,0.001045358,Zostera,,,,,
HB_RR2_June,0.003101448,Acacia,,,,,
HB_RR2_June,0.003101448,Ailanthus,,,,,
HB_RR2_June,0.003101448,Alseis,,,,,
HB_RR2_June,0.024811587,Ammodaucus,,,,,
HB_RR2_June,0.003101448,Amphithalea,,,,,
HB_RR2_June,0.034115932,Anemone,,,,,
HB_RR2_June,0.47762305,Astragalus,,,,,
HB_RR2_June,0.003101448,Brachystelma,,,,,
HB_RR2_June,0.003101448,Brandisia,,,,,
HB_RR2_June,0.009304345,Brassica,,,,,
HB_RR2_June,0.003101448,Carex,,,,,
HB_RR2_June,0.009304345,Castelnavia,,,,,
HB_RR2_June,0.003101448,Catalpa,,,,,
HB_RR2_June,0.058927519,Celastrus,,,,,
HB_RR2_June,0.065130416,Chionanthus,,,,,
HB_RR2_June,0.071333313,Cicer,,,,,
HB_RR2_June,0.003101448,Cladrastis,,,,,
HB_RR2_June,0.003101448,Conyza,,,,,
HB_RR2_June,0.003101448,Cremosperma,,,,,
HB_RR2_June,0.006202897,Cyathostegia,,,,,
HB_RR2_June,0.071333313,Cyrtandra,,,,,
HB_RR2_June,0.009304345,Dactylis,,,,,
HB_RR2_June,0.003101448,Diospyros,,,,,
HB_RR2_June,0.003101448,Dupontia,,,,,
HB_RR2_June,0.003101448,Elaeagnus,,,,,
HB_RR2_June,0.003101448,Eremosparton,,,,,
HB_RR2_June,0.009304345,Erigeron,,,,,
HB_RR2_June,0.012405794,Erythranthe,,,,,
HB_RR2_June,0.003101448,Eschscholzia,,,,,
HB_RR2_June,0.015507242,Euphrasia,,,,,
HB_RR2_June,0.01860869,Festuca,,,,,
HB_RR2_June,0.015507242,Geranium,,,,,
HB_RR2_June,0.009304345,Gleditsia,,,,,
HB_RR2_June,0.003101448,Gmelina,,,,,
HB_RR2_June,0.003101448,Hydnophytum,,,,,
HB_RR2_June,0.003101448,Lecythis,,,,,
HB_RR2_June,0.015507242,Leucanthemum,,,,,
HB_RR2_June,3.622491704,Ligustrum,,,,,
HB_RR2_June,1.104115622,Liriodendron,,,,,
HB_RR2_June,0.003101448,Lonicera,,,,,
HB_RR2_June,0.006202897,Lotus,,,,,
HB_RR2_June,0.120956487,Magnolia,,,,,
HB_RR2_June,0.006202897,Magnoliophyta,,,,,
HB_RR2_June,0.003101448,Medicago,,,,,
HB_RR2_June,0.003101448,Melilotus,,,,,
HB_RR2_June,0.003101448,Nicotiana,,,,,
HB_RR2_June,0.003101448,Notelaea,,,,,
HB_RR2_June,0.021710139,Nyssa,,,,,
HB_RR2_June,0.003101448,Orthanthera,,,,,
HB_RR2_June,0.027913035,Osmanthus,,,,,
HB_RR2_June,0.012405794,Oxytropis,,,,,
HB_RR2_June,31.16335329,Plantago,,,,,
HB_RR2_June,0.009304345,Podostemaceae,,,,,
HB_RR2_June,0.006202897,Polygala,,,,,
HB_RR2_June,0.015507242,Potentilla,,,,,
HB_RR2_June,0.012405794,Prunus,,,,,
HB_RR2_June,0.003101448,Raphanus,,,,,
HB_RR2_June,0.015507242,Rosa,,,,,
HB_RR2_June,0.024811587,Rubus,,,,,
HB_RR2_June,0.006202897,Sambucus,,,,,
HB_RR2_June,0.027913035,Securigera,,,,,
HB_RR2_June,0.003101448,Solanum,,,,,
HB_RR2_June,0.006202897,Solori,,,,,
HB_RR2_June,0.006202897,Syringa,,,,,
HB_RR2_June,62.75470645,Trifolium,,,,,
HB_RR2_June,0.003101448,Trigonella,,,,,
HB_RR2_June,0.003101448,Vataireopsis,,,,,
HB_RR2_June,0.006202897,Verbena,,,,,
HB_RS_June,0.002713741,Acaena,,,,,
HB_RS_June,0.074627878,Acanthocalyx,,,,,
HB_RS_June,0.005427482,Acleisanthes,,,,,
HB_RS_June,0.001356871,Actinolema,,,,,
HB_RS_June,0.001356871,Aganope,,,,,
HB_RS_June,0.043419856,Agoseris,,,,,
HB_RS_June,0.004070612,Aidia,,,,,
HB_RS_June,0.001356871,Alchemilla,,,,,
HB_RS_June,0.008141223,Alectra,,,,,
HB_RS_June,0.029851151,Alseis,,,,,
HB_RS_June,0.001356871,Amicia,,,,,
HB_RS_June,0.499328349,Ammodaucus,,,,,
HB_RS_June,0.001356871,Amphidasya,,,,,
HB_RS_June,0.001356871,Androsace,,,,,
HB_RS_June,0.006784353,Andryala,,,,,
HB_RS_June,0.002713741,Antopetitia,,,,,
HB_RS_June,0.006784353,Aralia,,,,,
HB_RS_June,0.001356871,Arracacia,,,,,
HB_RS_June,0.002713741,Artocarpus,,,,,
HB_RS_June,0.005427482,Asplenium,,,,,
HB_RS_June,0.009498094,Astragalus,,,,,
HB_RS_June,0.002713741,Ateleia,,,,,
HB_RS_June,0.002713741,Atraphaxis,,,,,
HB_RS_June,0.084125972,Atrichoseris,,,,,
HB_RS_June,0.001356871,Austrocallerya,,,,,
HB_RS_June,0.004070612,Azara,,,,,
HB_RS_June,0.008141223,Baliospermum,,,,,
HB_RS_June,0.001356871,Ballota,,,,,
HB_RS_June,0.002713741,Baptisia,,,,,
HB_RS_June,0.004070612,Barklya,,,,,
HB_RS_June,0.001356871,Bertiera,,,,,
HB_RS_June,0.001356871,Betula,,,,,
HB_RS_June,0.001356871,Brachystelma,,,,,
HB_RS_June,0.107192771,Brandisia,,,,,
HB_RS_June,0.008141223,Brassaiopsis,,,,,
HB_RS_June,0.002713741,Brassica,,,,,
HB_RS_June,0.001356871,Bridelia,,,,,
HB_RS_June,0.005427482,Bromus,,,,,
HB_RS_June,0.005427482,Brunfelsia,,,,,
HB_RS_June,0.001356871,Brunia,,,,,
HB_RS_June,0.009498094,Bupleurum,,,,,
HB_RS_June,0.005427482,Bursera,,,,,
HB_RS_June,0.054274821,Calceolaria,,,,,
HB_RS_June,0.004070612,Camellia,,,,,
HB_RS_June,0.006784353,Caragana,,,,,
HB_RS_June,0.009498094,Carmichaelia,,,,,
HB_RS_June,0.065129785,Caroxylon,,,,,
HB_RS_June,0.002713741,Carpanthea,,,,,
HB_RS_June,0.001356871,Carya,,,,,
HB_RS_June,0.001356871,Castanea,,,,,
HB_RS_June,0.005427482,Castelnavia,,,,,
HB_RS_June,0.225240505,Celastrus,,,,,
HB_RS_June,0.001356871,Celmisia,,,,,
HB_RS_June,0.02578054,Celtis,,,,,
HB_RS_June,0.001356871,Centaurea,,,,,
HB_RS_June,0.020353058,Cestrum,,,,,
HB_RS_June,0.001356871,Chaetanthera,,,,,
HB_RS_June,0.001356871,Chamaecrista,,,,,
HB_RS_June,0.001356871,Chayamaritia,,,,,
HB_RS_June,0.005427482,Chelidonium,,,,,
HB_RS_June,0.001356871,Chorizanthe,,,,,
HB_RS_June,0.005427482,Christisonia,,,,,
HB_RS_June,0.001356871,Chuquiraga,,,,,
HB_RS_June,1.681162567,Cicer,,,,,
HB_RS_June,0.001356871,Cinnamomum,,,,,
HB_RS_June,0.014925576,Cliffortia,,,,,
HB_RS_June,0.001356871,Climacoptera,,,,,
HB_RS_June,0.001356871,Clusia,,,,,
HB_RS_June,0.004070612,Codonanthopsis,,,,,
HB_RS_June,0.002713741,Coffea,,,,,
HB_RS_June,0.002713741,Coincya,,,,,
HB_RS_June,0.001356871,Colliguaja,,,,,
HB_RS_June,0.005427482,Combretum,,,,,
HB_RS_June,0.001356871,Coprosma,,,,,
HB_RS_June,0.031208022,Cornus,,,,,
HB_RS_June,0.001356871,Corymbium,,,,,
HB_RS_June,0.001356871,Couepia,,,,,
HB_RS_June,0.002713741,Craspedia,,,,,
HB_RS_June,11.8861857,Crataegus,,,,,
HB_RS_June,0.008141223,Cremaspora,,,,,
HB_RS_June,0.002713741,Cremosperma,,,,,
HB_RS_June,0.048847338,Crepis,,,,,
HB_RS_June,0.001356871,Cuphea,,,,,
HB_RS_June,0.002713741,Cuscuta,,,,,
HB_RS_June,0.029851151,Cyclamen,,,,,
HB_RS_June,0.001356871,Cypripedium,,,,,
HB_RS_June,0.005427482,Cyrtandra,,,,,
HB_RS_June,0.004070612,Dactylis,,,,,
HB_RS_June,0.001356871,Dendromyza,,,,,
HB_RS_June,0.006784353,Dendrotrophe,,,,,
HB_RS_June,0.001356871,Dicranostigma,,,,,
HB_RS_June,0.001356871,Digitalis,,,,,
HB_RS_June,0.005427482,Diospyros,,,,,
HB_RS_June,0.001356871,Disterigma,,,,,
HB_RS_June,0.001356871,Dorstenia,,,,,
HB_RS_June,0.001356871,Dracocephalum,,,,,
HB_RS_June,0.001356871,Dryas,,,,,
HB_RS_June,0.006784353,Drymocallis,,,,,
HB_RS_June,0.039349245,Elaeagnus,,,,,
HB_RS_June,0.001356871,Eleutherococcus,,,,,
HB_RS_June,0.001356871,Elodea,,,,,
HB_RS_June,0.004070612,Erigeron,,,,,
HB_RS_June,0.001356871,Eriobotrya,,,,,
HB_RS_June,0.008141223,Eriogonum,,,,,
HB_RS_June,0.213028671,Erythroseris,,,,,
HB_RS_June,0.001356871,Eupatorium,,,,,
HB_RS_June,0.001356871,Euphrosyne,,,,,
HB_RS_June,0.001356871,Euthamia,,,,,
HB_RS_June,0.018996187,Fatsia,,,,,
HB_RS_June,0.001356871,Felicia,,,,,
HB_RS_June,0.028494281,Festuca,,,,,
HB_RS_June,0.017639317,Ficus,,,,,
HB_RS_June,0.044776727,Forsythia,,,,,
HB_RS_June,0.001356871,Fortuynia,,,,,
HB_RS_June,0.001356871,Frangula,,,,,
HB_RS_June,0.002713741,Galactia,,,,,
HB_RS_June,0.001356871,Galatella,,,,,
HB_RS_June,0.010854964,Galium,,,,,
HB_RS_June,0.001356871,Gastrolobium,,,,,
HB_RS_June,0.001356871,Gaylussacia,,,,,
HB_RS_June,0.006784353,Geranium,,,,,
HB_RS_June,0.004070612,Geum,,,,,
HB_RS_June,0.055631691,Gleditsia,,,,,
HB_RS_June,0.001356871,Gongylolepis,,,,,
HB_RS_June,0.006784353,Gonocarpus,,,,,
HB_RS_June,0.004070612,Gontscharovia,,,,,
HB_RS_June,0.001356871,Goodenia,,,,,
HB_RS_June,0.012211835,Greuteria,,,,,
HB_RS_June,0.017639317,Gronovia,,,,,
HB_RS_June,0.001356871,Halimione,,,,,
HB_RS_June,0.001356871,Haplocarpha,,,,,
HB_RS_June,0.001356871,Hardwickia,,,,,
HB_RS_June,0.036635504,Harveya,,,,,
HB_RS_June,0.014925576,Hedera,,,,,
HB_RS_June,0.002713741,Hedypnois,,,,,
HB_RS_June,0.031208022,Helleborus,,,,,
HB_RS_June,0.001356871,Hemisteptia,,,,,
HB_RS_June,0.001356871,Henrya,,,,,
HB_RS_June,0.008141223,Hesperis,,,,,
HB_RS_June,0.02713741,Hieracium,,,,,
HB_RS_June,0.001356871,Hippophae,,,,,
HB_RS_June,0.008141223,Howellia,,,,,
HB_RS_June,0.001356871,Humbertia,,,,,
HB_RS_June,0.001356871,Hydrocotyle,,,,,
HB_RS_June,0.02578054,Hylotelephium,,,,,
HB_RS_June,0.070557267,Hyobanche,,,,,
HB_RS_June,0.002713741,Hyoscyamus,,,,,
HB_RS_June,0.004070612,Hypericum,,,,,
HB_RS_June,0.012211835,Hypochaeris,,,,,
HB_RS_June,0.001356871,Ianthopappus,,,,,
HB_RS_June,0.001356871,Indigofera,,,,,
HB_RS_June,0.002713741,Ipomoea,,,,,
HB_RS_June,0.001356871,Ixeridium,,,,,
HB_RS_June,0.001356871,Jasminanthes,,,,,
HB_RS_June,0.002713741,Jatropha,,,,,
HB_RS_June,0.002713741,Juglans,,,,,
HB_RS_June,0.001356871,Kingiodendron,,,,,
HB_RS_June,0.002713741,Koenigia,,,,,
HB_RS_June,0.002713741,Krameria,,,,,
HB_RS_June,0.002713741,Lagochilus,,,,,
HB_RS_June,0.001356871,Lagotis,,,,,
HB_RS_June,0.02713741,Lathyrus,,,,,
HB_RS_June,0.001356871,Lecanthus,,,,,
HB_RS_June,0.010854964,Lens,,,,,
HB_RS_June,0.004070612,Leptoderris,,,,,
HB_RS_June,0.001356871,Leptogonum,,,,,
HB_RS_June,0.037992374,Ligustrum,,,,,
HB_RS_June,0.001356871,Lilium,,,,,
HB_RS_June,0.001356871,Linaria,,,,,
HB_RS_June,0.009498094,Liparophyllum,,,,,
HB_RS_June,0.002713741,Liriodendron,,,,,
HB_RS_June,0.005427482,Lolium,,,,,
HB_RS_June,0.013568705,Lonicera,,,,,
HB_RS_June,0.017639317,Lotus,,,,,
HB_RS_June,0.002713741,Lycoris,,,,,
HB_RS_June,0.001356871,Lygodesmia,,,,,
HB_RS_June,0.013568705,Lysipomia,,,,,
HB_RS_June,0.001356871,Macaranga,,,,,
HB_RS_June,0.001356871,Maingaya,,,,,
HB_RS_June,0.001356871,Maireana,,,,,
HB_RS_June,0.005427482,Malacomeles,,,,,
HB_RS_June,0.006784353,Malacothrix,,,,,
HB_RS_June,0.009498094,Malus,,,,,
HB_RS_June,0.001356871,Marcetella,,,,,
HB_RS_June,0.001356871,Marshalljohnstonia,,,,,
HB_RS_June,0.005427482,Maytenus,,,,,
HB_RS_June,0.004070612,Medicago,,,,,
HB_RS_June,0.001356871,Mentha,,,,,
HB_RS_June,0.024423669,Mespilus,,,,,
HB_RS_June,0.001356871,Microlaena,,,,,
HB_RS_June,0.069200396,Microseris,,,,,
HB_RS_June,0.001356871,Mimetes,,,,,
HB_RS_June,0.001356871,Monnina,,,,,
HB_RS_June,0.001356871,Monopteryx,,,,,
HB_RS_June,0.001356871,Mostacillastrum,,,,,
HB_RS_June,0.005427482,Mouriri,,,,,
HB_RS_June,0.033921763,Musineon,,,,,
HB_RS_June,0.010854964,Myriophyllum,,,,,
HB_RS_June,0.063772914,Myrmeconauclea,,,,,
HB_RS_June,0.001356871,Nama,,,,,
HB_RS_June,0.081412231,Neillia,,,,,
HB_RS_June,0.001356871,Nematanthus,,,,,
HB_RS_June,0.001356871,Nesogenes,,,,,
HB_RS_June,0.02713741,Nicotiana,,,,,
HB_RS_June,0.004070612,Noronhia,,,,,
HB_RS_June,0.001356871,Nothocalais,,,,,
HB_RS_June,0.001356871,Nyssa,,,,,
HB_RS_June,0.001356871,Oldenlandia,,,,,
HB_RS_June,0.001356871,Olearia,,,,,
HB_RS_June,0.009498094,Ononis,,,,,
HB_RS_June,0.002713741,Ophiopogon,,,,,
HB_RS_June,0.001356871,Orobanche,,,,,
HB_RS_June,0.001356871,Osteospermum,,,,,
HB_RS_June,0.109906512,Oxera,,,,,
HB_RS_June,0.002713741,Oxytropis,,,,,
HB_RS_June,0.002713741,Padbruggea,,,,,
HB_RS_June,0.001356871,Paradrymonia,,,,,
HB_RS_June,0.002713741,Parochetus,,,,,
HB_RS_June,0.002713741,Parthenium,,,,,
HB_RS_June,0.002713741,Pedicularis,,,,,
HB_RS_June,0.001356871,Petrocosmea,,,,,
HB_RS_June,0.001356871,Philadelphus,,,,,
HB_RS_June,0.310723348,Photinia,,,,,
HB_RS_June,0.001356871,Phyllostylon,,,,,
HB_RS_June,0.001356871,Physalis,,,,,
HB_RS_June,0.001356871,Phytolacca,,,,,
HB_RS_June,14.16437129,Pilosella,,,,,
HB_RS_June,0.002713741,Pimpinella,,,,,
HB_RS_June,0.001356871,Pinguicula,,,,,
HB_RS_June,0.017639317,Plantago,,,,,
HB_RS_June,0.001356871,Pleurophora,,,,,
HB_RS_June,0.001356871,Poa,,,,,
HB_RS_June,0.004070612,Podostemaceae,,,,,
HB_RS_June,0.001356871,Pogostemon,,,,,
HB_RS_June,0.154683239,Polygala,,,,,
HB_RS_June,0.001356871,Polylepis,,,,,
HB_RS_June,0.010854964,Polyscias,,,,,
HB_RS_June,0.004070612,Potentilla,,,,,
HB_RS_June,0.001356871,Pouteria,,,,,
HB_RS_June,0.008141223,Primula,,,,,
HB_RS_June,0.029851151,Primulina,,,,,
HB_RS_June,0.001356871,Proboscidea,,,,,
HB_RS_June,0.021709928,Proserpinaca,,,,,
HB_RS_June,0.001356871,Proustia,,,,,
HB_RS_June,0.054274821,Prunus,,,,,
HB_RS_June,0.002713741,Pseudopanax,,,,,
HB_RS_June,0.001356871,Pseudosamanea,,,,,
HB_RS_June,0.004070612,Psychotria,,,,,
HB_RS_June,0.010854964,Quercus,,,,,
HB_RS_June,0.001356871,Ranunculus,,,,,
HB_RS_June,0.002713741,Raphiocarpus,,,,,
HB_RS_June,0.001356871,Remya,,,,,
HB_RS_June,0.002713741,Reynosia,,,,,
HB_RS_June,0.001356871,Rhaphiolepis,,,,,
HB_RS_June,0.010854964,Rhododendron,,,,,
HB_RS_June,0.001356871,Rhynchocorys,,,,,
HB_RS_June,0.009498094,Ribes,,,,,
HB_RS_June,0.07869849,Rondeletia,,,,,
HB_RS_June,1.510196882,Rosa,,,,,
HB_RS_June,0.002713741,Rubia,,,,,
HB_RS_June,0.07869849,Rubus,,,,,
HB_RS_June,0.001356871,Salix,,,,,
HB_RS_June,0.001356871,Salsola,,,,,
HB_RS_June,0.032564892,Sambucus,,,,,
HB_RS_June,0.001356871,Santalum,,,,,
HB_RS_June,0.002713741,Saussurea,,,,,
HB_RS_June,0.004070612,Saxifraga,,,,,
HB_RS_June,0.001356871,Scambopus,,,,,
HB_RS_June,0.017639317,Sclerochiton,,,,,
HB_RS_June,0.002713741,Scorzonera,,,,,
HB_RS_June,0.001356871,Secale,,,,,
HB_RS_June,0.018996187,Securigera,,,,,
HB_RS_June,0.002713741,Sedum,,,,,
HB_RS_June,0.001356871,Semaphyllanthe,,,,,
HB_RS_June,0.042062986,Senecio,,,,,
HB_RS_June,0.067843526,Senegalia,,,,,
HB_RS_June,0.002713741,Sideritis,,,,,
HB_RS_June,0.001356871,Sideroxylon,,,,,
HB_RS_June,0.001356871,Simsia,,,,,
HB_RS_June,0.001356871,Sinocrassula,,,,,
HB_RS_June,0.001356871,Sinolimprichtia,,,,,
HB_RS_June,0.109906512,Solanum,,,,,
HB_RS_June,0.001356871,Soldanella,,,,,
HB_RS_June,0.018996187,Solori,,,,,
HB_RS_June,0.005427482,Sonchus,,,,,
HB_RS_June,0.001356871,Sopubia,,,,,
HB_RS_June,0.001356871,Sorbus,,,,,
HB_RS_June,0.001356871,Sphaerosacme,,,,,
HB_RS_June,0.006784353,Spiraea,,,,,
HB_RS_June,0.004070612,Stachys,,,,,
HB_RS_June,0.020353058,Stachytarpheta,,,,,
HB_RS_June,0.001356871,Standleya,,,,,
HB_RS_June,0.001356871,Stephanomeria,,,,,
HB_RS_June,0.001356871,Streptocarpus,,,,,
HB_RS_June,0.001356871,Styrax,,,,,
HB_RS_June,0.001356871,Symphysia,,,,,
HB_RS_June,0.001356871,Syringa,,,,,
HB_RS_June,0.001356871,Tapiphyllum,,,,,
HB_RS_June,0.001356871,Tapirira,,,,,
HB_RS_June,0.016282446,Taraxacum,,,,,
HB_RS_June,0.001356871,Tarenaya,,,,,
HB_RS_June,0.001356871,Tetraberlinia,,,,,
HB_RS_June,0.001356871,Thamnea,,,,,
HB_RS_June,0.002713741,Thunbergia,,,,,
HB_RS_June,0.001356871,Thuspeinanta,,,,,
HB_RS_June,0.001356871,Tigridia,,,,,
HB_RS_June,0.001356871,Tilia,,,,,
HB_RS_June,0.023066799,Tipuana,,,,,
HB_RS_June,0.352786334,Torminalis,,,,,
HB_RS_June,0.156040109,Tourneuxia,,,,,
HB_RS_June,0.023066799,Toxicodendron,,,,,
HB_RS_June,0.002713741,Trichodrymonia,,,,,
HB_RS_June,65.75665884,Trifolium,,,,,
HB_RS_June,0.017639317,Trigonella,,,,,
HB_RS_June,0.001356871,Triphyophyllum,,,,,
HB_RS_June,0.001356871,Trymatococcus,,,,,
HB_RS_June,0.002713741,Tulipa,,,,,
HB_RS_June,0.001356871,Turnera,,,,,
HB_RS_June,0.008141223,Tzeltalia,,,,,
HB_RS_June,0.001356871,Urospermum,,,,,
HB_RS_June,0.001356871,Urtica,,,,,
HB_RS_June,0.001356871,Vaccinium,,,,,
HB_RS_June,0.009498094,Valeriana,,,,,
HB_RS_June,0.001356871,Van-royena,,,,,
HB_RS_June,0.002713741,Vauquelinia,,,,,
HB_RS_June,0.012211835,Vesper,,,,,
HB_RS_June,0.001356871,Viburnum,,,,,
HB_RS_June,0.02578054,Vicia,,,,,
HB_RS_June,0.002713741,Warionia,,,,,
HB_RS_June,0.001356871,Weigela,,,,,
HB_RS_June,0.004070612,Xerospiraea,,,,,
BB_Arb_April,0.00622355,Acaena,,,,,
BB_Arb_April,0.046676624,Acanthocalyx,,,,,
BB_Arb_April,0.087129699,Acer,,,,,
BB_Arb_April,0.003111775,Achillea,,,,,
BB_Arb_April,0.003111775,Ailanthus,,,,,
BB_Arb_April,0.015558875,Alliaria,,,,,
BB_Arb_April,0.062235499,Aralia,,,,,
BB_Arb_April,0.003111775,Archihyoscyamus,,,,,
BB_Arb_April,0.003111775,Austrocallerya,,,,,
BB_Arb_April,0.003111775,Baliospermum,,,,,
BB_Arb_April,0.189818272,Barbarea,,,,,
BB_Arb_April,0.557007717,Betula,,,,,
BB_Arb_April,0.065347274,Brandisia,,,,,
BB_Arb_April,0.003111775,Brassica,,,,,
BB_Arb_April,0.068459049,Brunia,,,,,
BB_Arb_April,0.003111775,Bupleurum,,,,,
BB_Arb_April,0.00622355,Bursera,,,,,
BB_Arb_April,0.009335325,Calceolaria,,,,,
BB_Arb_April,0.003111775,Carduus,,,,,
BB_Arb_April,0.003111775,Caroxylon,,,,,
BB_Arb_April,0.03111775,Carpinus,,,,,
BB_Arb_April,0.261389096,Celastrus,,,,,
BB_Arb_April,0.0248942,Celtis,,,,,
BB_Arb_April,0.00622355,Centaurea,,,,,
BB_Arb_April,0.003111775,Cephalanthus,,,,,
BB_Arb_April,2.539208364,Cercis,,,,,
BB_Arb_April,0.037341299,Cestrum,,,,,
BB_Arb_April,0.00622355,Cirsium,,,,,
BB_Arb_April,0.003111775,Citharexylum,,,,,
BB_Arb_April,0.003111775,Clusia,,,,,
BB_Arb_April,0.003111775,Cornus,,,,,
BB_Arb_April,0.00622355,Corydalis,,,,,
BB_Arb_April,0.00622355,Corylus,,,,,
BB_Arb_April,0.003111775,Craniospermum,,,,,
BB_Arb_April,0.046676624,Cuscuta,,,,,
BB_Arb_April,0.0124471,Diospyros,,,,,
BB_Arb_April,0.003111775,Distimake,,,,,
BB_Arb_April,0.003111775,Dorcoceras,,,,,
BB_Arb_April,0.003111775,Drymocallis,,,,,
BB_Arb_April,0.071570824,Ehrendorferia,,,,,
BB_Arb_April,0.040453074,Elaeagnus,,,,,
BB_Arb_April,0.003111775,Eriope,,,,,
BB_Arb_April,0.003111775,Erysimum,,,,,
BB_Arb_April,0.003111775,Euphronia,,,,,
BB_Arb_April,0.003111775,Euphrosyne,,,,,
BB_Arb_April,0.093353249,Gaylussacia,,,,,
BB_Arb_April,0.021782425,Geranium,,,,,
BB_Arb_April,0.003111775,Gilbertiodendron,,,,,
BB_Arb_April,56.71832213,Glechoma,,,,,
BB_Arb_April,0.046676624,Gleditsia,,,,,
BB_Arb_April,0.003111775,Gomphostemma,,,,,
BB_Arb_April,0.003111775,Gonocarpus,,,,,
BB_Arb_April,0.015558875,Gontscharovia,,,,,
BB_Arb_April,0.003111775,Goodia,,,,,
BB_Arb_April,0.059123724,Griffonia,,,,,
BB_Arb_April,0.003111775,Guapira,,,,,
BB_Arb_April,0.015558875,Halesia,,,,,
BB_Arb_April,0.0124471,Hedera,,,,,
BB_Arb_April,0.003111775,Heliomeris,,,,,
BB_Arb_April,0.00622355,Hesperis,,,,,
BB_Arb_April,0.003111775,Hieronyma,,,,,
BB_Arb_April,0.00622355,Humulus,,,,,
BB_Arb_April,0.052900174,Hylotelephium,,,,,
BB_Arb_April,0.028005975,Hyobanche,,,,,
BB_Arb_April,0.087129699,Hyssopus,,,,,
BB_Arb_April,0.003111775,Idesia,,,,,
BB_Arb_April,0.003111775,Ipomoea,,,,,
BB_Arb_April,0.015558875,Iris,,,,,
BB_Arb_April,0.003111775,Juanulloa,,,,,
BB_Arb_April,0.0124471,Kolkwitzia,,,,,
BB_Arb_April,0.003111775,Krameria,,,,,
BB_Arb_April,0.550784167,Lamium,,,,,
BB_Arb_April,0.003111775,Leontodon,,,,,
BB_Arb_April,0.0248942,Leonurus,,,,,
BB_Arb_April,0.003111775,Lepidium,,,,,
BB_Arb_April,0.00622355,Lindleya,,,,,
BB_Arb_April,0.003111775,Liquidambar,,,,,
BB_Arb_April,0.009335325,Liriodendron,,,,,
BB_Arb_April,0.003111775,Lithocarpus,,,,,
BB_Arb_April,0.003111775,Lobelia,,,,,
BB_Arb_April,3.242469505,Lonicera,,,,,
BB_Arb_April,0.003111775,Lophozonia,,,,,
BB_Arb_April,0.003111775,Ludwigia,,,,,
BB_Arb_April,0.003111775,Lycianthes,,,,,
BB_Arb_April,0.127582773,Lythrum,,,,,
BB_Arb_April,0.003111775,Macleania,,,,,
BB_Arb_April,0.028005975,Magnolia,,,,,
BB_Arb_April,0.136918098,Malacomeles,,,,,
BB_Arb_April,15.95718198,Malus,,,,,
BB_Arb_April,0.01867065,Maytenus,,,,,
BB_Arb_April,0.040453074,Meehania,,,,,
BB_Arb_April,0.003111775,Melissa,,,,,
BB_Arb_April,0.003111775,Microchirita,,,,,
BB_Arb_April,0.003111775,Morella,,,,,
BB_Arb_April,0.105800349,Myosotis,,,,,
BB_Arb_April,0.0248942,Myrmeconauclea,,,,,
BB_Arb_April,0.003111775,Negria,,,,,
BB_Arb_April,0.037341299,Nicotiana,,,,,
BB_Arb_April,0.00622355,Nyssa,,,,,
BB_Arb_April,0.003111775,Osmoxylon,,,,,
BB_Arb_April,0.003111775,Oxera,,,,,
BB_Arb_April,0.003111775,Pachycladon,,,,,
BB_Arb_April,0.015558875,Peltogyne,,,,,
BB_Arb_April,0.009335325,Phippsiomeles,,,,,
BB_Arb_April,0.049788399,Photinia,,,,,
BB_Arb_April,0.258277321,Pieris,,,,,
BB_Arb_April,0.003111775,Planchonella,,,,,
BB_Arb_April,0.034229525,Plantago,,,,,
BB_Arb_April,0.009335325,Platanus,,,,,
BB_Arb_April,0.003111775,Poa,,,,,
BB_Arb_April,0.00622355,Pogostemon,,,,,
BB_Arb_April,0.00622355,Polyscias,,,,,
BB_Arb_April,12.5248942,Prunus,,,,,
BB_Arb_April,0.074682599,Pseudopanax,,,,,
BB_Arb_April,0.003111775,Pygeum,,,,,
BB_Arb_April,0.003111775,Pyramidoptera,,,,,
BB_Arb_April,0.028005975,Pyrus,,,,,
BB_Arb_April,0.239606672,Quercus,,,,,
BB_Arb_April,0.003111775,Ramonda,,,,,
BB_Arb_April,0.003111775,Raphanus,,,,,
BB_Arb_April,0.00622355,Rhaphiolepis,,,,,
BB_Arb_April,0.00622355,Rorippa,,,,,
BB_Arb_April,0.068459049,Rosa,,,,,
BB_Arb_April,0.112023898,Rubus,,,,,
BB_Arb_April,3.450958427,Salix,,,,,
BB_Arb_April,0.021782425,Salvia,,,,,
BB_Arb_April,0.003111775,Saussurea,,,,,
BB_Arb_April,0.003111775,Schizocarpum,,,,,
BB_Arb_April,0.105800349,Schizonepeta,,,,,
BB_Arb_April,0.03111775,Schotia,,,,,
BB_Arb_April,0.037341299,Securigera,,,,,
BB_Arb_April,0.015558875,Sedum,,,,,
BB_Arb_April,0.003111775,Senecio,,,,,
BB_Arb_April,0.028005975,Senegalia,,,,,
BB_Arb_April,0.015558875,Sideritis,,,,,
BB_Arb_April,0.003111775,Sinapis,,,,,
BB_Arb_April,0.046676624,Solanum,,,,,
BB_Arb_April,0.469878018,Sorbus,,,,,
BB_Arb_April,0.0124471,Spathacanthus,,,,,
BB_Arb_April,0.003111775,Spergularia,,,,,
BB_Arb_April,0.034229525,Spiraea,,,,,
BB_Arb_April,0.003111775,Stachys,,,,,
BB_Arb_April,0.068459049,Stellaria,,,,,
BB_Arb_April,0.003111775,Stenandrium,,,,,
BB_Arb_April,0.009335325,Streptocarpus,,,,,
BB_Arb_April,0.009335325,Syzygium,,,,,
BB_Arb_April,0.003111775,Tara,,,,,
BB_Arb_April,0.003111775,Taraxacum,,,,,
BB_Arb_April,0.0124471,Tetragastris,,,,,
BB_Arb_April,0.003111775,Tilia,,,,,
BB_Arb_April,0.183594722,Torminalis,,,,,
BB_Arb_April,0.00622355,Toxicodendron,,,,,
BB_Arb_April,0.003111775,Tragia,,,,,
BB_Arb_April,0.009335325,Trevesia,,,,,
BB_Arb_April,0.0248942,Trifolium,,,,,
BB_Arb_April,0.009335325,Tzeltalia,,,,,
BB_Arb_April,0.003111775,Vauquelinia,,,,,
BB_Arb_April,0.00622355,Viburnum,,,,,
BB_Arb_April,0.003111775,Vicia,,,,,
BB_Arb_April,0.021782425,Viola,,,,,
BB_Bernel_May,0.000435169,Acaena,,,,,
BB_Bernel_May,0.000435169,Acalypha,,,,,
BB_Bernel_May,0.012619889,Acanthocalyx,,,,,
BB_Bernel_May,0.030026632,Acer,,,,,
BB_Bernel_May,0.000870337,Achimenes,,,,,
BB_Bernel_May,0.000435169,Acioa,,,,,
BB_Bernel_May,0.000870337,Aesculus,,,,,
BB_Bernel_May,0.000435169,Agalinis,,,,,
BB_Bernel_May,0.000435169,Aganope,,,,,
BB_Bernel_May,0.002611012,Agastache,,,,,
BB_Bernel_May,0.00913854,Ageratina,,,,,
BB_Bernel_May,0.001305506,Aglaia,,,,,
BB_Bernel_May,0.000435169,Ailanthus,,,,,
BB_Bernel_May,0.001740674,Alangium,,,,,
BB_Bernel_May,0.006962697,Alliaria,,,,,
BB_Bernel_May,0.000870337,Allium,,,,,
BB_Bernel_May,0.000870337,Alnus,,,,,
BB_Bernel_May,0.000435169,Ammodaucus,,,,,
BB_Bernel_May,0.005657192,Amphiachyris,,,,,
BB_Bernel_May,0.000435169,Amphithalea,,,,,
BB_Bernel_May,0.000870337,Amphoricarpos,,,,,
BB_Bernel_May,0.000435169,Amyema,,,,,
BB_Bernel_May,0.005657192,Anthoxanthum,,,,,
BB_Bernel_May,0.000435169,Antopetitia,,,,,
BB_Bernel_May,0.000870337,Aphananthe,,,,,
BB_Bernel_May,0.006527529,Aphanostephus,,,,,
BB_Bernel_May,0.051349893,Aralia,,,,,
BB_Bernel_May,0.000870337,Arctium,,,,,
BB_Bernel_May,0.001740674,Arenaria,,,,,
BB_Bernel_May,0.000870337,Aronia,,,,,
BB_Bernel_May,0.000870337,Astilbe,,,,,
BB_Bernel_May,0.001740674,Ateleia,,,,,
BB_Bernel_May,0.000870337,Azara,,,,,
BB_Bernel_May,0.000870337,Barbarea,,,,,
BB_Bernel_May,0.002611012,Begonia,,,,,
BB_Bernel_May,0.000435169,Bellonia,,,,,
BB_Bernel_May,0.129680238,Betula,,,,,
BB_Bernel_May,0.054396073,Bigelowia,,,,,
BB_Bernel_May,0.002611012,Bouchea,,,,,
BB_Bernel_May,0.018712249,Brandisia,,,,,
BB_Bernel_May,0.433863079,Brassica,,,,,
BB_Bernel_May,0.000870337,Brunia,,,,,
BB_Bernel_May,0.00304618,Bursera,,,,,
BB_Bernel_May,0.000435169,Calceolaria,,,,,
BB_Bernel_May,0.000435169,Calyculogygas,,,,,
BB_Bernel_May,0.000435169,Capsicum,,,,,
BB_Bernel_May,0.001740674,Capuronianthus,,,,,
BB_Bernel_May,0.000870337,Carapa,,,,,
BB_Bernel_May,0.004351686,Carduus,,,,,
BB_Bernel_May,0.000435169,Carex,,,,,
BB_Bernel_May,0.000435169,Caroxylon,,,,,
BB_Bernel_May,0.000435169,Carpinus,,,,,
BB_Bernel_May,0.000435169,Carthamus,,,,,
BB_Bernel_May,0.016536406,Carya,,,,,
BB_Bernel_May,0.000870337,Castanea,,,,,
BB_Bernel_May,0.000435169,Castanopsis,,,,,
BB_Bernel_May,0.134031924,Castelnavia,,,,,
BB_Bernel_May,0.000870337,Catesbaea,,,,,
BB_Bernel_May,0.136207767,Celastrus,,,,,
BB_Bernel_May,0.000435169,Celmisia,,,,,
BB_Bernel_May,0.005657192,Celtis,,,,,
BB_Bernel_May,0.056136747,Centaurea,,,,,
BB_Bernel_May,0.000435169,Cephalanthus,,,,,
BB_Bernel_May,0.004351686,Cerastium,,,,,
BB_Bernel_May,0.003481349,Cercis,,,,,
BB_Bernel_May,0.00304618,Cestrum,,,,,
BB_Bernel_May,0.000435169,Chaetopappa,,,,,
BB_Bernel_May,0.000435169,Chamaecrista,,,,,
BB_Bernel_May,0.000435169,Chelidonium,,,,,
BB_Bernel_May,0.000435169,Chelonopsis,,,,,
BB_Bernel_May,0.000435169,Chenopodium,,,,,
BB_Bernel_May,0.001305506,Chimonanthus,,,,,
BB_Bernel_May,0.000435169,Chomelia,,,,,
BB_Bernel_May,0.000435169,Chrysolepis,,,,,
BB_Bernel_May,0.001305506,Chuquiraga,,,,,
BB_Bernel_May,0.000435169,Cicer,,,,,
BB_Bernel_May,0.000435169,Cinnamomum,,,,,
BB_Bernel_May,0.007833035,Cirsium,,,,,
BB_Bernel_May,0.000435169,Citharexylum,,,,,
BB_Bernel_May,0.000435169,Cladrastis,,,,,
BB_Bernel_May,0.000435169,Clavija,,,,,
BB_Bernel_May,0.000435169,Cliffortia,,,,,
BB_Bernel_May,0.003481349,Clinopodium,,,,,
BB_Bernel_May,0.000435169,Coffea,,,,,
BB_Bernel_May,0.435168584,Coincya,,,,,
BB_Bernel_May,0.001740674,Colombobalanus,,,,,
BB_Bernel_May,0.000870337,Colubrina,,,,,
BB_Bernel_May,0.000435169,Combretum,,,,,
BB_Bernel_May,0.001305506,Convolvulus,,,,,
BB_Bernel_May,0.000435169,Cordia,,,,,
BB_Bernel_May,50.31549722,Cornus,,,,,
BB_Bernel_May,0.000435169,Coronilla,,,,,
BB_Bernel_May,0.000435169,Corydalis,,,,,
BB_Bernel_May,0.000435169,Corylus,,,,,
BB_Bernel_May,0.010444046,Crataegus,,,,,
BB_Bernel_May,0.000435169,Cremaspora,,,,,
BB_Bernel_May,0.000435169,Croton,,,,,
BB_Bernel_May,0.000870337,Cunila,,,,,
BB_Bernel_May,0.001740674,Cuphea,,,,,
BB_Bernel_May,0.99914707,Cuscuta,,,,,
BB_Bernel_May,0.000435169,Cytisopsis,,,,,
BB_Bernel_May,0.000435169,Cytisus,,,,,
BB_Bernel_May,0.000435169,Delphinium,,,,,
BB_Bernel_May,0.000435169,Dendropanax,,,,,
BB_Bernel_May,0.000870337,Diabelia,,,,,
BB_Bernel_May,0.000435169,Digitalis,,,,,
BB_Bernel_May,0.000435169,Diplacus,,,,,
BB_Bernel_May,0.000435169,Diplotaxis,,,,,
BB_Bernel_May,0.000435169,Dipsacus,,,,,
BB_Bernel_May,0.002175843,Disterigma,,,,,
BB_Bernel_May,0.000435169,Distimake,,,,,
BB_Bernel_May,0.000870337,Docynia,,,,,
BB_Bernel_May,0.001740674,Dodonaea,,,,,
BB_Bernel_May,0.000435169,Dolichlasium,,,,,
BB_Bernel_May,0.001305506,Dorstenia,,,,,
BB_Bernel_May,0.002611012,Dracocephalum,,,,,
BB_Bernel_May,0.000435169,Dyssochroma,,,,,
BB_Bernel_May,0.000435169,Ebenopsis,,,,,
BB_Bernel_May,0.000435169,Ekimia,,,,,
BB_Bernel_May,0.01218472,Elaeagnus,,,,,
BB_Bernel_May,0.005222023,Eleutherococcus,,,,,
BB_Bernel_May,0.000435169,Elsholtzia,,,,,
BB_Bernel_May,0.000435169,Entandrophragma,,,,,
BB_Bernel_May,0.001740674,Epirixanthes,,,,,
BB_Bernel_May,0.000870337,Eremophila,,,,,
BB_Bernel_May,0.002611012,Ericameria,,,,,
BB_Bernel_May,0.044387196,Erigeron,,,,,
BB_Bernel_May,0.000870337,Eriodictyon,,,,,
BB_Bernel_May,0.005222023,Eruca,,,,,
BB_Bernel_May,0.01218472,Erysimum,,,,,
BB_Bernel_May,0.002175843,Eucrypta,,,,,
BB_Bernel_May,0.000435169,Eugeissona,,,,,
BB_Bernel_May,0.001305506,Euphorbia,,,,,
BB_Bernel_May,0.008703372,Euphronia,,,,,
BB_Bernel_May,0.078765514,Euthamia,,,,,
BB_Bernel_May,0.000435169,Eutrema,,,,,
BB_Bernel_May,0.000870337,Fagus,,,,,
BB_Bernel_May,0.002175843,Fallopia,,,,,
BB_Bernel_May,0.001740674,Fatsia,,,,,
BB_Bernel_May,0.000435169,Ficus,,,,,
BB_Bernel_May,0.000870337,Fleroya,,,,,
BB_Bernel_May,0.004786854,Fortuynia,,,,,
BB_Bernel_May,0.016971575,Fourraea,,,,,
BB_Bernel_May,0.000435169,Fragaria,,,,,
BB_Bernel_May,0.000435169,Fraxinus,,,,,
BB_Bernel_May,0.000435169,Gaultheria,,,,,
BB_Bernel_May,0.093126077,Gaylussacia,,,,,
BB_Bernel_May,0.000435169,Geum,,,,,
BB_Bernel_May,0.002175843,Glechoma,,,,,
BB_Bernel_May,0.001305506,Glechon,,,,,
BB_Bernel_May,0.000435169,Gleditsia,,,,,
BB_Bernel_May,0.000435169,Gnetum,,,,,
BB_Bernel_May,0.001305506,Goodenia,,,,,
BB_Bernel_May,0.000435169,Goodia,,,,,
BB_Bernel_May,0.000870337,Grabowskia,,,,,
BB_Bernel_May,0.000435169,Guibourtia,,,,,
BB_Bernel_May,0.00304618,Gutierrezia,,,,,
BB_Bernel_May,0.000435169,Gymnosperma,,,,,
BB_Bernel_May,0.002175843,Gypothamnium,,,,,
BB_Bernel_May,0.000435169,Haberlea,,,,,
BB_Bernel_May,0.000870337,Halimolobos,,,,,
BB_Bernel_May,0.018277081,Hedera,,,,,
BB_Bernel_May,0.000870337,Heptacodium,,,,,
BB_Bernel_May,0.003481349,Heterotheca,,,,,
BB_Bernel_May,0.000870337,Heynea,,,,,
BB_Bernel_May,0.001305506,Hibiscus,,,,,
BB_Bernel_May,0.000870337,Howellia,,,,,
BB_Bernel_May,0.017406743,Humulus,,,,,
BB_Bernel_May,0.000435169,Hydrocotyle,,,,,
BB_Bernel_May,0.003916517,Hylotelephium,,,,,
BB_Bernel_May,0.006962697,Hyobanche,,,,,
BB_Bernel_May,0.005222023,Hyoscyamus,,,,,
BB_Bernel_May,0.001740674,Hyptis,,,,,
BB_Bernel_May,0.000870337,Idesia,,,,,
BB_Bernel_May,0.004786854,Ipomoea,,,,,
BB_Bernel_May,0.007397866,Iris,,,,,
BB_Bernel_May,0.000435169,Jacksonia,,,,,
BB_Bernel_May,0.001305506,Jacobaea,,,,,
BB_Bernel_May,0.001305506,Jacquemontia,,,,,
BB_Bernel_May,0.00609236,Jatropha,,,,,
BB_Bernel_May,0.021758429,Juglans,,,,,
BB_Bernel_May,0.000435169,Junellia,,,,,
BB_Bernel_May,0.000435169,Kalmia,,,,,
BB_Bernel_May,0.012619889,Kalopanax,,,,,
BB_Bernel_May,0.000870337,Katinasia,,,,,
BB_Bernel_May,0.002175843,Kingiodendron,,,,,
BB_Bernel_May,0.000435169,Kippistia,,,,,
BB_Bernel_May,0.000870337,Klasea,,,,,
BB_Bernel_May,0.014795732,Knautia,,,,,
BB_Bernel_May,0.224111821,Kolkwitzia,,,,,
BB_Bernel_May,0.000435169,Krameria,,,,,
BB_Bernel_May,0.003916517,Lactuca,,,,,
BB_Bernel_May,0.000435169,Lagarosiphon,,,,,
BB_Bernel_May,0.000435169,Lamium,,,,,
BB_Bernel_May,0.002611012,Lasiodiscus,,,,,
BB_Bernel_May,0.000870337,Leonurus,,,,,
BB_Bernel_May,0.001305506,Lepidium,,,,,
BB_Bernel_May,0.000435169,Leucocroton,,,,,
BB_Bernel_May,0.001740674,Leycesteria,,,,,
BB_Bernel_May,0.000870337,Ligularia,,,,,
BB_Bernel_May,0.000870337,Ligustrum,,,,,
BB_Bernel_May,0.000435169,Lilium,,,,,
BB_Bernel_May,0.00609236,Linaria,,,,,
BB_Bernel_May,0.000435169,Lingelsheimia,,,,,
BB_Bernel_May,0.001740674,Liriodendron,,,,,
BB_Bernel_May,0.000870337,Lobelia,,,,,
BB_Bernel_May,37.93408066,Lonicera,,,,,
BB_Bernel_May,0.001305506,Lophocereus,,,,,
BB_Bernel_May,0.001740674,Lotus,,,,,
BB_Bernel_May,0.000435169,Lovoa,,,,,
BB_Bernel_May,0.000435169,Lysakia,,,,,
BB_Bernel_May,0.000435169,Maackia,,,,,
BB_Bernel_May,0.000435169,Magnolia,,,,,
BB_Bernel_May,0.003916517,Magnoliophyta,,,,,
BB_Bernel_May,0.000870337,Maianthemum,,,,,
BB_Bernel_May,0.000870337,Maingaya,,,,,
BB_Bernel_May,0.06135877,Malacomeles,,,,,
BB_Bernel_May,0.002175843,Mallotus,,,,,
BB_Bernel_May,0.000870337,Malus,,,,,
BB_Bernel_May,0.000435169,Marsypianthes,,,,,
BB_Bernel_May,0.000870337,Matudaea,,,,,
BB_Bernel_May,0.002611012,Maytenus,,,,,
BB_Bernel_May,0.000435169,Mazus,,,,,
BB_Bernel_May,0.000435169,Merremia,,,,,
BB_Bernel_May,0.000435169,Mespilus,,,,,
BB_Bernel_May,0.000435169,Metapanax,,,,,
BB_Bernel_May,0.000435169,Mikaniopsis,,,,,
BB_Bernel_May,0.008268203,Monarda,,,,,
BB_Bernel_May,0.000435169,Monoptilon,,,,,
BB_Bernel_May,0.040905847,Morella,,,,,
BB_Bernel_May,0.035683824,Morus,,,,,
BB_Bernel_May,0.040905847,Mostacillastrum,,,,,
BB_Bernel_May,0.000870337,Muehlenbeckia,,,,,
BB_Bernel_May,0.000435169,Mulguraea,,,,,
BB_Bernel_May,0.001740674,Musa,,,,,
BB_Bernel_May,0.000435169,Mussaenda,,,,,
BB_Bernel_May,0.000870337,Myosotis,,,,,
BB_Bernel_May,0.000870337,Myriophyllum,,,,,
BB_Bernel_May,0.007397866,Myrmeconauclea,,,,,
BB_Bernel_May,0.000870337,Nama,,,,,
BB_Bernel_May,0.000435169,Nasturtiopsis,,,,,
BB_Bernel_May,0.0152309,Neillia,,,,,
BB_Bernel_May,0.001305506,Nepeta,,,,,
BB_Bernel_May,0.000435169,Nerine,,,,,
BB_Bernel_May,0.087904054,Nicotiana,,,,,
BB_Bernel_May,0.000435169,Noltea,,,,,
BB_Bernel_May,0.607930512,Notothlaspi,,,,,
BB_Bernel_May,0.000435169,Nuphar,,,,,
BB_Bernel_May,0.010879215,Nyssa,,,,,
BB_Bernel_May,0.000870337,Ocimum,,,,,
BB_Bernel_May,0.000870337,Ophiopogon,,,,,
BB_Bernel_May,0.000870337,Origanum,,,,,
BB_Bernel_May,0.000435169,Osmoxylon,,,,,
BB_Bernel_May,0.000435169,Ostericum,,,,,
BB_Bernel_May,0.001740674,Ostrearia,,,,,
BB_Bernel_May,0.000435169,Owenia,,,,,
BB_Bernel_May,0.00304618,Panax,,,,,
BB_Bernel_May,0.014360563,Papaver,,,,,
BB_Bernel_May,0.000435169,Parabaena,,,,,
BB_Bernel_May,0.001740674,Patrinia,,,,,
BB_Bernel_May,0.000435169,Pehria,,,,,
BB_Bernel_May,0.00609236,Peltaea,,,,,
BB_Bernel_May,0.000435169,Peltocalathos,,,,,
BB_Bernel_May,0.001740674,Pennantia,,,,,
BB_Bernel_May,0.000870337,Penstemon,,,,,
BB_Bernel_May,0.002611012,Peperomia,,,,,
BB_Bernel_May,0.000435169,Persea,,,,,
BB_Bernel_May,0.00913854,Petradoria,,,,,
BB_Bernel_May,0.003481349,Phaseolus,,,,,
BB_Bernel_May,0.000435169,Phelipanche,,,,,
BB_Bernel_May,0.000870337,Photinia,,,,,
BB_Bernel_May,0.000435169,Phyla,,,,,
BB_Bernel_May,0.002175843,Phyllanthus,,,,,
BB_Bernel_May,0.000435169,Phyllocladus,,,,,
BB_Bernel_May,0.00304618,Physalis,,,,,
BB_Bernel_May,0.000870337,Pieris,,,,,
BB_Bernel_May,0.002175843,Pilea,,,,,
BB_Bernel_May,0.000870337,Piloblephis,,,,,
BB_Bernel_May,0.000870337,Pinguicula,,,,,
BB_Bernel_May,0.00304618,Pinus,,,,,
BB_Bernel_May,0.002175843,Pittosporum,,,,,
BB_Bernel_May,0.000435169,Planera,,,,,
BB_Bernel_May,0.003916517,Plantago,,,,,
BB_Bernel_May,0.00304618,Platanus,,,,,
BB_Bernel_May,0.000435169,Plazia,,,,,
BB_Bernel_May,0.000435169,Pleuricospora,,,,,
BB_Bernel_May,0.003481349,Poa,,,,,
BB_Bernel_May,0.001305506,Pogostemon,,,,,
BB_Bernel_May,0.000870337,Polygala,,,,,
BB_Bernel_May,0.003481349,Polyscias,,,,,
BB_Bernel_May,0.001740674,Polyzygus,,,,,
BB_Bernel_May,0.000435169,Pomaria,,,,,
BB_Bernel_May,0.001740674,Populus,,,,,
BB_Bernel_May,0.000435169,Potentilla,,,,,
BB_Bernel_May,0.000435169,Pouteria,,,,,
BB_Bernel_May,4.416525962,Prunus,,,,,
BB_Bernel_May,0.071802816,Pseudopanax,,,,,
BB_Bernel_May,0.000435169,Pseudoturritis,,,,,
BB_Bernel_May,0.004786854,Pycnanthemum,,,,,
BB_Bernel_May,0.000870337,Pyrus,,,,,
BB_Bernel_May,0.114449338,Quercus,,,,,
BB_Bernel_May,0.002175843,Ranunculus,,,,,
BB_Bernel_May,0.000435169,Raphanus,,,,,
BB_Bernel_May,0.000435169,Raukaua,,,,,
BB_Bernel_May,0.000870337,Remya,,,,,
BB_Bernel_May,0.03698933,Rhamnus,,,,,
BB_Bernel_May,0.000435169,Rhaponticum,,,,,
BB_Bernel_May,0.002175843,Rhododendron,,,,,
BB_Bernel_May,0.000435169,Rhoiptelea,,,,,
BB_Bernel_May,0.000435169,Ribes,,,,,
BB_Bernel_May,0.000435169,Rinorea,,,,,
BB_Bernel_May,0.006527529,Rosa,,,,,
BB_Bernel_May,0.010879215,Rubus,,,,,
BB_Bernel_May,0.002175843,Rumex,,,,,
BB_Bernel_May,0.000435169,Russelia,,,,,
BB_Bernel_May,0.001305506,Sabulina,,,,,
BB_Bernel_May,1.715434559,Salix,,,,,
BB_Bernel_May,0.000435169,Sanicula,,,,,
BB_Bernel_May,0.006962697,Saussurea,,,,,
BB_Bernel_May,0.000435169,Scadoxus,,,,,
BB_Bernel_May,0.043952027,Scaevola,,,,,
BB_Bernel_May,0.001740674,Schefflera,,,,,
BB_Bernel_May,0.000435169,Schmardaea,,,,,
BB_Bernel_May,0.000435169,Searsia,,,,,
BB_Bernel_May,0.00304618,Securigera,,,,,
BB_Bernel_May,0.000435169,Sedum,,,,,
BB_Bernel_May,0.000870337,Seguieria,,,,,
BB_Bernel_May,0.00304618,Senecio,,,,,
BB_Bernel_May,0.006527529,Senegalia,,,,,
BB_Bernel_May,0.000435169,Sibara,,,,,
BB_Bernel_May,0.001305506,Sibaropsis,,,,,
BB_Bernel_May,0.000435169,Sibbaldia,,,,,
BB_Bernel_May,0.000435169,Sidalcea,,,,,
BB_Bernel_May,0.001305506,Silene,,,,,
BB_Bernel_May,0.000435169,Sinalliaria,,,,,
BB_Bernel_May,0.000870337,Sixalix,,,,,
BB_Bernel_May,0.134031924,Solanum,,,,,
BB_Bernel_May,0.059182927,Solidago,,,,,
BB_Bernel_May,0.019582586,Sorbus,,,,,
BB_Bernel_May,0.13229125,Spergularia,,,,,
BB_Bernel_May,0.000870337,Stachys,,,,,
BB_Bernel_May,0.001305506,Stellaria,,,,,
BB_Bernel_May,0.000435169,Stenotus,,,,,
BB_Bernel_May,0.000435169,Stewartia,,,,,
BB_Bernel_May,0.000435169,Stylisma,,,,,
BB_Bernel_May,0.000435169,Succisa,,,,,
BB_Bernel_May,0.001305506,Succowia,,,,,
BB_Bernel_May,0.000435169,Tara,,,,,
BB_Bernel_May,0.01218472,Taraxacum,,,,,
BB_Bernel_May,0.000435169,Teucrium,,,,,
BB_Bernel_May,0.000435169,Thalictrum,,,,,
BB_Bernel_May,0.001305506,Thamnea,,,,,
BB_Bernel_May,0.000435169,Tilia,,,,,
BB_Bernel_May,0.00304618,Torminalis,,,,,
BB_Bernel_May,0.000870337,Torreya,,,,,
BB_Bernel_May,0.002611012,Toxicodendron,,,,,
BB_Bernel_May,0.001740674,Tragiella,,,,,
BB_Bernel_May,0.000435169,Trema,,,,,
BB_Bernel_May,0.096172257,Trevesia,,,,,
BB_Bernel_May,0.00609236,Trifolium,,,,,
BB_Bernel_May,0.011314383,Triosteum,,,,,
BB_Bernel_May,0.000435169,Tripetalum,,,,,
BB_Bernel_May,0.000435169,Tsuga,,,,,
BB_Bernel_May,0.031332138,Tzeltalia,,,,,
BB_Bernel_May,0.000435169,Ungeria,,,,,
BB_Bernel_May,0.000435169,Urmenetea,,,,,
BB_Bernel_May,0.000435169,Urophyllum,,,,,
BB_Bernel_May,0.022628766,Vaccinium,,,,,
BB_Bernel_May,0.000435169,Van-royena,,,,,
BB_Bernel_May,0.000870337,Vasconcellea,,,,,
BB_Bernel_May,0.000435169,Vepris,,,,,
BB_Bernel_May,0.230204181,Vernicia,,,,,
BB_Bernel_May,0.002175843,Veronica,,,,,
BB_Bernel_May,0.098783269,Viburnum,,,,,
BB_Bernel_May,0.000435169,Viola,,,,,
BB_Bernel_May,0.002611012,Vitex,,,,,
BB_Bernel_May,0.000870337,Warea,,,,,
BB_Bernel_May,0.000435169,Weberbauera,,,,,
BB_Bernel_May,0.000435169,Worsleya,,,,,
BB_Bernel_May,0.006527529,x Chitalpa tashkentensis,,,,,
BB_Bernel_May,0.001740674,Xylothamia,,,,,
BB_Bernel_May,0.000435169,Zamia,,,,,
BB_Bernel_May,0.000435169,Zenobia,,,,,
BB_Colyer_May,0.003920185,Abelia,,,,,
BB_Colyer_May,0.003920185,Acanthocalyx,,,,,
BB_Colyer_May,0.603708495,Acer,,,,,
BB_Colyer_May,0.003920185,Achimenes,,,,,
BB_Colyer_May,0.01568074,Anemone,,,,,
BB_Colyer_May,0.113685366,Aralia,,,,,
BB_Colyer_May,0.003920185,Ateleia,,,,,
BB_Colyer_May,1.897369556,Barbarea,,,,,
BB_Colyer_May,0.003920185,Barleria,,,,,
BB_Colyer_May,0.027441295,Berberis,,,,,
BB_Colyer_May,0.231290917,Betula,,,,,
BB_Colyer_May,0.003920185,Bornmuellera,,,,,
BB_Colyer_May,0.019600925,Brandisia,,,,,
BB_Colyer_May,0.003920185,Brassaiopsis,,,,,
BB_Colyer_May,0.062722961,Brassica,,,,,
BB_Colyer_May,0.00784037,Broussonetia,,,,,
BB_Colyer_May,0.00784037,Bupleurum,,,,,
BB_Colyer_May,0.019600925,Bursera,,,,,
BB_Colyer_May,0.01568074,Cardamine,,,,,
BB_Colyer_May,0.145046846,Celastrus,,,,,
BB_Colyer_May,0.003920185,Centrosolenia,,,,,
BB_Colyer_May,10.02783331,Cercis,,,,,
BB_Colyer_May,0.003920185,Cicer,,,,,
BB_Colyer_May,0.003920185,Cirsium,,,,,
BB_Colyer_May,0.003920185,Citrus,,,,,
BB_Colyer_May,0.003920185,Coffea,,,,,
BB_Colyer_May,0.01568074,Coincya,,,,,
BB_Colyer_May,0.003920185,Colombobalanus,,,,,
BB_Colyer_May,0.003920185,Convolvulus,,,,,
BB_Colyer_May,0.003920185,Coriandrum,,,,,
BB_Colyer_May,0.011760555,Cornus,,,,,
BB_Colyer_May,0.003920185,Cotinus,,,,,
BB_Colyer_May,0.968285703,Crataegus,,,,,
BB_Colyer_May,0.003920185,Crotalaria,,,,,
BB_Colyer_May,0.003920185,Cubanola,,,,,
BB_Colyer_May,3.724175781,Cuscuta,,,,,
BB_Colyer_May,0.003920185,Cusickiella,,,,,
BB_Colyer_May,0.043122035,Diphylleia,,,,,
BB_Colyer_May,0.003920185,Diplostephium,,,,,
BB_Colyer_May,0.003920185,Dipsacus,,,,,
BB_Colyer_May,0.02352111,Dolichlasium,,,,,
BB_Colyer_May,0.003920185,Dorstenia,,,,,
BB_Colyer_May,0.003920185,Dracocephalum,,,,,
BB_Colyer_May,0.003920185,Drymocallis,,,,,
BB_Colyer_May,0.301854248,Elaeagnus,,,,,
BB_Colyer_May,0.01568074,Eleutherococcus,,,,,
BB_Colyer_May,0.003920185,Eriodictyon,,,,,
BB_Colyer_May,0.00784037,Erodium,,,,,
BB_Colyer_May,0.01568074,Erysimum,,,,,
BB_Colyer_May,0.003920185,Euphrosyne,,,,,
BB_Colyer_May,0.03136148,Fagus,,,,,
BB_Colyer_May,0.003920185,Festuca,,,,,
BB_Colyer_May,0.011760555,Galphimia,,,,,
BB_Colyer_May,0.003920185,Gentiana,,,,,
BB_Colyer_May,0.003920185,Geranium,,,,,
BB_Colyer_May,0.003920185,Gilbertiodendron,,,,,
BB_Colyer_May,0.00784037,Gillenia,,,,,
BB_Colyer_May,0.003920185,Glandularia,,,,,
BB_Colyer_May,0.00784037,Gleditsia,,,,,
BB_Colyer_May,0.003920185,Gontscharovia,,,,,
BB_Colyer_May,0.003920185,Goodia,,,,,
BB_Colyer_May,0.231290917,Griffonia,,,,,
BB_Colyer_May,0.011760555,Gypothamnium,,,,,
BB_Colyer_May,0.011760555,Harmsiodoxa,,,,,
BB_Colyer_May,0.05488259,Hedera,,,,,
BB_Colyer_May,0.003920185,Hemiphora,,,,,
BB_Colyer_May,0.019600925,Hesperis,,,,,
BB_Colyer_May,0.003920185,Howellia,,,,,
BB_Colyer_May,0.04704222,Humulus,,,,,
BB_Colyer_May,0.003920185,Hydrangea,,,,,
BB_Colyer_May,0.003920185,Hylotelephium,,,,,
BB_Colyer_May,0.03136148,Hyobanche,,,,,
BB_Colyer_May,0.035281665,Ipomoea,,,,,
BB_Colyer_May,0.01568074,Kalopanax,,,,,
BB_Colyer_May,0.509624054,Kolkwitzia,,,,,
BB_Colyer_May,0.003920185,Lamium,,,,,
BB_Colyer_May,75.68309224,Lonicera,,,,,
BB_Colyer_May,0.003920185,Loropetalum,,,,,
BB_Colyer_May,0.003920185,Lycium,,,,,
BB_Colyer_May,0.00784037,Lythrum,,,,,
BB_Colyer_May,0.00784037,Magnoliophyta,,,,,
BB_Colyer_May,0.748755341,Malacomeles,,,,,
BB_Colyer_May,0.003920185,Mallotus,,,,,
BB_Colyer_May,0.05488259,Malus,,,,,
BB_Colyer_May,0.00784037,Morella,,,,,
BB_Colyer_May,0.003920185,Myoporum,,,,,
BB_Colyer_May,0.02352111,Myrmeconauclea,,,,,
BB_Colyer_May,0.003920185,Neobeguea,,,,,
BB_Colyer_May,0.219530362,Nicotiana,,,,,
BB_Colyer_May,0.02352111,Nyssa,,,,,
BB_Colyer_May,0.003920185,Oreopanax,,,,,
BB_Colyer_May,0.003920185,Orostachys,,,,,
BB_Colyer_May,0.011760555,Owenia,,,,,
BB_Colyer_May,0.003920185,Oxera,,,,,
BB_Colyer_May,0.00784037,Ozoroa,,,,,
BB_Colyer_May,0.00784037,Pachycladon,,,,,
BB_Colyer_May,0.00784037,Panax,,,,,
BB_Colyer_May,0.02352111,Papaver,,,,,
BB_Colyer_May,0.003920185,Parasenegalia,,,,,
BB_Colyer_May,0.003920185,Parodianthus,,,,,
BB_Colyer_May,0.003920185,Patrinia,,,,,
BB_Colyer_May,0.00784037,Pennantia,,,,,
BB_Colyer_May,0.003920185,Penstemon,,,,,
BB_Colyer_May,0.003920185,Phlomoides,,,,,
BB_Colyer_May,0.395938688,Photinia,,,,,
BB_Colyer_May,0.011760555,Pilea,,,,,
BB_Colyer_May,0.011760555,Pittosporum,,,,,
BB_Colyer_May,0.003920185,Plantago,,,,,
BB_Colyer_May,0.003920185,Plazia,,,,,
BB_Colyer_May,0.011760555,Podophyllum,,,,,
BB_Colyer_May,0.003920185,Polycnemum,,,,,
BB_Colyer_May,0.003920185,Polyscias,,,,,
BB_Colyer_May,0.066643146,Potentilla,,,,,
BB_Colyer_May,0.61546905,Prunus,,,,,
BB_Colyer_May,0.02352111,Pycnanthemum,,,,,
BB_Colyer_May,0.176408326,Quercus,,,,,
BB_Colyer_May,0.00784037,Raphanus,,,,,
BB_Colyer_May,0.003920185,Rhamnus,,,,,
BB_Colyer_May,0.003920185,Rhus,,,,,
BB_Colyer_May,0.003920185,Ribes,,,,,
BB_Colyer_May,0.019600925,Rorippa,,,,,
BB_Colyer_May,0.058802775,Rosa,,,,,
BB_Colyer_May,0.556666275,Rubus,,,,,
BB_Colyer_May,0.050962405,Salix,,,,,
BB_Colyer_May,0.00784037,Salpiglossis,,,,,
BB_Colyer_May,0.003920185,Salvia,,,,,
BB_Colyer_May,0.035281665,Scaevola,,,,,
BB_Colyer_May,0.003920185,Schinus,,,,,
BB_Colyer_May,0.003920185,Schmardaea,,,,,
BB_Colyer_May,0.125445921,Schotia,,,,,
BB_Colyer_May,0.050962405,Securigera,,,,,
BB_Colyer_May,0.03920185,Senegalia,,,,,
BB_Colyer_May,0.003920185,Sinapis,,,,,
BB_Colyer_May,0.00784037,Smilax,,,,,
BB_Colyer_May,0.333215728,Solanum,,,,,
BB_Colyer_May,0.003920185,Tamonea,,,,,
BB_Colyer_May,0.003920185,Tecticornia,,,,,
BB_Colyer_May,0.003920185,Teucrium,,,,,
BB_Colyer_May,0.00784037,Thamnea,,,,,
BB_Colyer_May,0.003920185,Timonius,,,,,
BB_Colyer_May,0.003920185,Tordylium,,,,,
BB_Colyer_May,0.431220354,Torminalis,,,,,
BB_Colyer_May,0.070563331,Toxicodendron,,,,,
BB_Colyer_May,0.184248697,Trevesia,,,,,
BB_Colyer_May,0.011760555,Trifolium,,,,,
BB_Colyer_May,0.019600925,Triosteum,,,,,
BB_Colyer_May,0.098004626,Tzeltalia,,,,,
BB_Colyer_May,0.003920185,Vauquelinia,,,,,
BB_Colyer_May,0.066643146,Viburnum,,,,,
BB_Colyer_May,0.003920185,Viola,,,,,
BB_Colyer_May,0.027441295,Vitex,,,,,
BB_Colyer_May,0.003920185,Vitis,,,,,
BB_Colyer_May,0.003920185,Zabelia,,,,,
BB_Colyer_May,0.003920185,Zea,,,,,
BB_FB_April,0.001904055,Acaena,,,,,
BB_FB_April,0.000952027,Acalypha,,,,,
BB_FB_April,0.038081094,Acanthocalyx,,,,,
BB_FB_April,0.100914898,Acer,,,,,
BB_FB_April,5.245670656,Agastache,,,,,
BB_FB_April,0.002856082,Agoseris,,,,,
BB_FB_April,0.000952027,Aichryson,,,,,
BB_FB_April,0.000952027,Aidia,,,,,
BB_FB_April,0.006664191,Ajuga,,,,,
BB_FB_April,0.000952027,Alectryon,,,,,
BB_FB_April,0.002856082,Alliaria,,,,,
BB_FB_April,0.257047382,Alnus,,,,,
BB_FB_April,0.000952027,Alphitonia,,,,,
BB_FB_April,0.001904055,Alseuosmia,,,,,
BB_FB_April,0.001904055,Althaea,,,,,
BB_FB_April,0.029512848,Amelanchier,,,,,
BB_FB_April,0.01808852,Ammoides,,,,,
BB_FB_April,0.000952027,Ancistrocladus,,,,,
BB_FB_April,0.001904055,Anemone,,,,,
BB_FB_April,0.000952027,Angelica,,,,,
BB_FB_April,0.001904055,Anthoxanthum,,,,,
BB_FB_April,0.000952027,Aphananthe,,,,,
BB_FB_April,0.000952027,Arabis,,,,,
BB_FB_April,0.003808109,Aralia,,,,,
BB_FB_April,0.016184465,Archihyoscyamus,,,,,
BB_FB_April,0.000952027,Artocarpus,,,,,
BB_FB_April,0.000952027,Asplenium,,,,,
BB_FB_April,0.002856082,Astragalus,,,,,
BB_FB_April,0.000952027,Astrantia,,,,,
BB_FB_April,0.000952027,Ateleia,,,,,
BB_FB_April,0.000952027,Atocion,,,,,
BB_FB_April,0.001904055,Baliospermum,,,,,
BB_FB_April,0.01428041,Bambusa,,,,,
BB_FB_April,0.000952027,Baptisia,,,,,
BB_FB_April,0.001904055,Barbarea,,,,,
BB_FB_April,0.000952027,Barleria,,,,,
BB_FB_April,0.000952027,Bauhinia,,,,,
BB_FB_April,0.002856082,Belemia,,,,,
BB_FB_April,0.066641914,Berberis,,,,,
BB_FB_April,21.65290987,Betula,,,,,
BB_FB_April,0.000952027,Blepharis,,,,,
BB_FB_April,0.000952027,Boehmeria,,,,,
BB_FB_April,0.043793258,Brandisia,,,,,
BB_FB_April,0.000952027,Brasenia,,,,,
BB_FB_April,0.019992574,Brassica,,,,,
BB_FB_April,0.002856082,Brunfelsia,,,,,
BB_FB_April,0.036177039,Brunia,,,,,
BB_FB_April,0.002856082,Brunnera,,,,,
BB_FB_April,0.000952027,Bupleurum,,,,,
BB_FB_April,0.000952027,Bursera,,,,,
BB_FB_April,0.000952027,Calceolaria,,,,,
BB_FB_April,0.000952027,Callirhoe,,,,,
BB_FB_April,0.000952027,Callisia,,,,,
BB_FB_April,0.000952027,Callitriche,,,,,
BB_FB_April,0.000952027,Capsella,,,,,
BB_FB_April,0.000952027,Carduus,,,,,
BB_FB_April,0.001904055,Carpanthea,,,,,
BB_FB_April,0.008568246,Carpinus,,,,,
BB_FB_April,0.005712164,Carya,,,,,
BB_FB_April,0.000952027,Castanea,,,,,
BB_FB_April,0.002856082,Castelnavia,,,,,
BB_FB_April,0.022848656,Celastrus,,,,,
BB_FB_April,0.013328383,Celtis,,,,,
BB_FB_April,0.000952027,Ceratonia,,,,,
BB_FB_April,0.593113034,Cercis,,,,,
BB_FB_April,0.017136492,Cestrum,,,,,
BB_FB_April,0.010472301,Cheiranthera,,,,,
BB_FB_April,0.000952027,Chelidonium,,,,,
BB_FB_April,0.000952027,Chrysolepis,,,,,
BB_FB_April,0.002856082,Cicer,,,,,
BB_FB_April,0.002856082,Cinnamomum,,,,,
BB_FB_April,0.000952027,Cirsium,,,,,
BB_FB_April,0.000952027,Cleome,,,,,
BB_FB_April,0.002856082,Coffea,,,,,
BB_FB_April,0.000952027,Cololejeunea,,,,,
BB_FB_April,0.011424328,Colombobalanus,,,,,
BB_FB_April,0.005712164,Convolvulus,,,,,
BB_FB_April,0.003808109,Corchorus,,,,,
BB_FB_April,0.01428041,Cornus,,,,,
BB_FB_April,0.000952027,Coronilla,,,,,
BB_FB_April,0.000952027,Corylus,,,,,
BB_FB_April,0.000952027,Crataegus,,,,,
BB_FB_April,0.025704738,Crepis,,,,,
BB_FB_April,0.000952027,Croton,,,,,
BB_FB_April,0.000952027,Cuatresia,,,,,
BB_FB_April,0.000952027,Cunila,,,,,
BB_FB_April,0.022848656,Cuscuta,,,,,
BB_FB_April,0.001904055,Cyclamen,,,,,
BB_FB_April,0.000952027,Cyclopia,,,,,
BB_FB_April,0.000952027,Cyphomeris,,,,,
BB_FB_April,0.008568246,Dahlia,,,,,
BB_FB_April,0.000952027,Dalbergia,,,,,
BB_FB_April,0.001904055,Dasymaschalon,,,,,
BB_FB_April,0.000952027,Deinbollia,,,,,
BB_FB_April,0.000952027,Dimorphocalyx,,,,,
BB_FB_April,0.010472301,Dipsacus,,,,,
BB_FB_April,0.007616219,Docynia,,,,,
BB_FB_April,0.003808109,Dolichlasium,,,,,
BB_FB_April,0.000952027,Donnellsmithia,,,,,
BB_FB_April,1.572749169,Dracocephalum,,,,,
BB_FB_April,0.000952027,Drepanocaryum,,,,,
BB_FB_April,0.000952027,Dubyaea,,,,,
BB_FB_April,0.017136492,Elaeagnus,,,,,
BB_FB_April,0.000952027,Elatine,,,,,
BB_FB_April,0.000952027,Elsholtzia,,,,,
BB_FB_April,0.000952027,Engelhardia,,,,,
BB_FB_April,0.000952027,Enriquebeltrania,,,,,
BB_FB_April,0.000952027,Ephedra,,,,,
BB_FB_April,0.000952027,Eremophila,,,,,
BB_FB_April,0.000952027,Eriobotrya,,,,,
BB_FB_April,0.000952027,Eriogonum,,,,,
BB_FB_April,0.005712164,Erythroseris,,,,,
BB_FB_April,0.180885195,Euphronia,,,,,
BB_FB_April,0.013328383,Fagus,,,,,
BB_FB_April,0.324641324,Ficus,,,,,
BB_FB_April,0.004760137,Forsythia,,,,,
BB_FB_April,0.003808109,Fraxinus,,,,,
BB_FB_April,0.000952027,Galagania,,,,,
BB_FB_April,0.002856082,Gaylussacia,,,,,
BB_FB_April,0.000952027,Genista,,,,,
BB_FB_April,0.002856082,Gentiana,,,,,
BB_FB_April,0.000952027,Geranium,,,,,
BB_FB_April,0.004760137,Gillenia,,,,,
BB_FB_April,0.001904055,Girardinia,,,,,
BB_FB_April,2.382924438,Glechoma,,,,,
BB_FB_April,0.004760137,Gleditsia,,,,,
BB_FB_April,0.000952027,Gomphostemma,,,,,
BB_FB_April,0.000952027,Gonocarpus,,,,,
BB_FB_April,0.041889203,Gontscharovia,,,,,
BB_FB_April,0.000952027,Goodmania,,,,,
BB_FB_April,0.001904055,Grewia,,,,,
BB_FB_April,0.011424328,Griffonia,,,,,
BB_FB_April,0.004760137,Haematostemon,,,,,
BB_FB_April,0.000952027,Halocharis,,,,,
BB_FB_April,0.003808109,Harveya,,,,,
BB_FB_April,0.008568246,Hedera,,,,,
BB_FB_April,0.000952027,Hedyotis,,,,,
BB_FB_April,0.007616219,Hedypnois,,,,,
BB_FB_April,0.002856082,Helicostylis,,,,,
BB_FB_April,0.001904055,Heliotropium,,,,,
BB_FB_April,0.000952027,Henckelia,,,,,
BB_FB_April,0.000952027,Heterostachys,,,,,
BB_FB_April,0.000952027,Hirtella,,,,,
BB_FB_April,0.000952027,Hodgkinsonia,,,,,
BB_FB_April,0.000952027,Hoffmannseggia,,,,,
BB_FB_April,0.000952027,Holodiscus,,,,,
BB_FB_April,0.000952027,Howellia,,,,,
BB_FB_April,0.000952027,Hydrolea,,,,,
BB_FB_April,0.025704738,Hylotelephium,,,,,
BB_FB_April,0.027608793,Hyobanche,,,,,
BB_FB_April,0.079018269,Hypericum,,,,,
BB_FB_April,0.001904055,Hyptis,,,,,
BB_FB_April,0.024752711,Hyssopus,,,,,
BB_FB_April,0.119003418,Iris,,,,,
BB_FB_April,0.000952027,Ixiolaena,,,,,
BB_FB_April,0.000952027,Jacaratia,,,,,
BB_FB_April,0.001904055,Jacobaea,,,,,
BB_FB_April,0.005712164,Jacquemontia,,,,,
BB_FB_April,0.003808109,Jatropha,,,,,
BB_FB_April,0.000952027,Juglans,,,,,
BB_FB_April,0.012376355,Kandelia,,,,,
BB_FB_April,0.000952027,Koehneria,,,,,
BB_FB_April,0.002856082,Kolkwitzia,,,,,
BB_FB_April,0.000952027,Krameria,,,,,
BB_FB_April,0.000952027,Lactuca,,,,,
BB_FB_April,0.635954265,Lamium,,,,,
BB_FB_April,0.002856082,Lamprocapnos,,,,,
BB_FB_April,0.000952027,Lasiococca,,,,,
BB_FB_April,0.022848656,Leontodon,,,,,
BB_FB_April,0.005712164,Leonurus,,,,,
BB_FB_April,0.000952027,Lepidium,,,,,
BB_FB_April,0.000952027,Lepidotrichilia,,,,,
BB_FB_April,0.000952027,Leptopus,,,,,
BB_FB_April,0.000952027,Lindleya,,,,,
BB_FB_April,0.000952027,Liriodendron,,,,,
BB_FB_April,0.000952027,Lithocarpus,,,,,
BB_FB_April,0.000952027,Lithophragma,,,,,
BB_FB_April,0.000952027,Lomatium,,,,,
BB_FB_April,0.23991089,Lonicera,,,,,
BB_FB_April,0.000952027,Lophozonia,,,,,
BB_FB_April,0.002856082,Lotus,,,,,
BB_FB_April,0.000952027,Loxostigma,,,,,
BB_FB_April,0.000952027,Luina,,,,,
BB_FB_April,0.003808109,Lysipomia,,,,,
BB_FB_April,0.001904055,Lythrum,,,,,
BB_FB_April,0.001904055,Magnolia,,,,,
BB_FB_April,0.015232437,Magnoliophyta,,,,,
BB_FB_April,0.660706976,Malacomeles,,,,,
BB_FB_April,0.100914898,Mallotus,,,,,
BB_FB_April,24.42711755,Malus,,,,,
BB_FB_April,0.001904055,Mammea,,,,,
BB_FB_April,0.004760137,Margyricarpus,,,,,
BB_FB_April,0.000952027,Maytenus,,,,,
BB_FB_April,0.002856082,Mazus,,,,,
BB_FB_April,0.027608793,Meehania,,,,,
BB_FB_April,0.000952027,Melia,,,,,
BB_FB_April,0.000952027,Melicytus,,,,,
BB_FB_April,0.000952027,Mentha,,,,,
BB_FB_April,0.001904055,Mentzelia,,,,,
BB_FB_April,0.054265559,Microcos,,,,,
BB_FB_April,0.001904055,Microseris,,,,,
BB_FB_April,0.000952027,Monnina,,,,,
BB_FB_April,0.156132484,Morella,,,,,
BB_FB_April,0.024752711,Myosotis,,,,,
BB_FB_April,0.017136492,Myrmeconauclea,,,,,
BB_FB_April,0.000952027,Nasturtium,,,,,
BB_FB_April,0.017136492,Nicotiana,,,,,
BB_FB_April,0.001904055,Noronhia,,,,,
BB_FB_April,0.005712164,Nymphaea,,,,,
BB_FB_April,0.003808109,Nyssa,,,,,
BB_FB_April,0.000952027,Ocimum,,,,,
BB_FB_April,0.000952027,Orobanche,,,,,
BB_FB_April,0.000952027,Osyris,,,,,
BB_FB_April,0.000952027,Otidea,,,,,
BB_FB_April,0.012376355,Oxera,,,,,
BB_FB_April,0.000952027,Ozoroa,,,,,
BB_FB_April,0.002856082,Papaver,,,,,
BB_FB_April,0.000952027,Parkia,,,,,
BB_FB_April,0.002856082,Patrinia,,,,,
BB_FB_April,0.000952027,Pedicularis,,,,,
BB_FB_April,0.003808109,Pehria,,,,,
BB_FB_April,0.000952027,Pellacalyx,,,,,
BB_FB_April,0.034272984,Peltogyne,,,,,
BB_FB_April,0.002856082,Pentapleura,,,,,
BB_FB_April,0.027608793,Peperomia,,,,,
BB_FB_April,0.000952027,Phaseolus,,,,,
BB_FB_April,0.054265559,Phippsiomeles,,,,,
BB_FB_April,0.012376355,Pholistoma,,,,,
BB_FB_April,0.001904055,Photinia,,,,,
BB_FB_April,0.006664191,Phyllanthus,,,,,
BB_FB_April,0.000952027,Physalis,,,,,
BB_FB_April,0.000952027,Physopsis,,,,,
BB_FB_April,0.007616219,Picea,,,,,
BB_FB_April,0.000952027,Pimelea,,,,,
BB_FB_April,0.000952027,Pinguicula,,,,,
BB_FB_April,0.004760137,Pinus,,,,,
BB_FB_April,0.003808109,Pisonia,,,,,
BB_FB_April,0.002856082,Plagiomnium,,,,,
BB_FB_April,0.026656766,Platanus,,,,,
BB_FB_April,0.000952027,Platostoma,,,,,
BB_FB_April,0.001904055,Platytheca,,,,,
BB_FB_April,0.000952027,Pleurospermum,,,,,
BB_FB_April,0.001904055,Poa,,,,,
BB_FB_April,0.001904055,Pogostemon,,,,,
BB_FB_April,0.000952027,Polygala,,,,,
BB_FB_April,0.001904055,Polyscias,,,,,
BB_FB_April,0.000952027,Portulaca,,,,,
BB_FB_April,0.002856082,Potentilla,,,,,
BB_FB_April,0.392235265,Prunus,,,,,
BB_FB_April,0.000952027,Psylliostachys,,,,,
BB_FB_April,0.001904055,Pterorhachis,,,,,
BB_FB_April,0.000952027,Purshia,,,,,
BB_FB_April,0.005712164,Pyracantha,,,,,
BB_FB_April,0.01428041,Pyrus,,,,,
BB_FB_April,0.683555632,Quercus,,,,,
BB_FB_April,0.000952027,Raphanus,,,,,
BB_FB_April,0.000952027,Rhamnella,,,,,
BB_FB_April,0.005712164,Rhaphiolepis,,,,,
BB_FB_April,0.000952027,Rhipsalis,,,,,
BB_FB_April,0.080922324,Rhododendron,,,,,
BB_FB_April,0.036177039,Rhodognaphalon,,,,,
BB_FB_April,0.000952027,Rhodoleia,,,,,
BB_FB_April,0.000952027,Rhoiptelea,,,,,
BB_FB_April,0.007616219,Rinorea,,,,,
BB_FB_April,0.003808109,Rosa,,,,,
BB_FB_April,0.012376355,Rotala,,,,,
BB_FB_April,0.033320957,Rubus,,,,,
BB_FB_April,0.001904055,Rumex,,,,,
BB_FB_April,0.019040547,Salix,,,,,
BB_FB_April,0.006664191,Salpichroa,,,,,
BB_FB_April,0.000952027,Salsola,,,,,
BB_FB_April,0.003808109,Sambucus,,,,,
BB_FB_April,0.02856082,Santalum,,,,,
BB_FB_April,0.005712164,Satureja,,,,,
BB_FB_April,0.001904055,Saussurea,,,,,
BB_FB_April,0.002856082,Saxifraga,,,,,
BB_FB_April,0.012376355,Schizonepeta,,,,,
BB_FB_April,0.002856082,Schlechtendalia,,,,,
BB_FB_April,0.003808109,Schotia,,,,,
BB_FB_April,0.000952027,Sclerochiton,,,,,
BB_FB_April,0.002856082,Scorzoneroides,,,,,
BB_FB_April,0.006664191,Securigera,,,,,
BB_FB_April,0.000952027,Sedum,,,,,
BB_FB_April,0.010472301,Senecio,,,,,
BB_FB_April,0.006664191,Senegalia,,,,,
BB_FB_April,0.000952027,Senna,,,,,
BB_FB_April,0.030464875,Sideritis,,,,,
BB_FB_April,0.049505422,Silene,,,,,
BB_FB_April,0.000952027,Smilax,,,,,
BB_FB_April,0.03236893,Solanum,,,,,
BB_FB_April,0.000952027,Solidago,,,,,
BB_FB_April,0.000952027,Solori,,,,,
BB_FB_April,0.000952027,Somrania,,,,,
BB_FB_April,0.994868573,Sorbus,,,,,
BB_FB_April,0.043793258,Spergularia,,,,,
BB_FB_April,0.000952027,Sphaerosacme,,,,,
BB_FB_April,0.000952027,Spiraea,,,,,
BB_FB_April,0.002856082,Stachys,,,,,
BB_FB_April,0.000952027,Stackhousia,,,,,
BB_FB_April,0.002856082,Stellaria,,,,,
BB_FB_April,0.026656766,Streptocarpus,,,,,
BB_FB_April,0.000952027,Suaeda,,,,,
BB_FB_April,0.000952027,Suregada,,,,,
BB_FB_April,0.000952027,Tapiphyllum,,,,,
BB_FB_April,0.000952027,Tapirira,,,,,
BB_FB_April,0.000952027,Tapiscia,,,,,
BB_FB_April,0.001904055,Tara,,,,,
BB_FB_April,2.133493274,Taraxacum,,,,,
BB_FB_April,0.000952027,Tecticornia,,,,,
BB_FB_April,0.000952027,Telanthophora,,,,,
BB_FB_April,0.000952027,Tetratheca,,,,,
BB_FB_April,0.000952027,Thesium,,,,,
BB_FB_April,0.004760137,Thlaspi,,,,,
BB_FB_April,0.000952027,Thymbra,,,,,
BB_FB_April,0.000952027,Tipuana,,,,,
BB_FB_April,0.982492217,Torminalis,,,,,
BB_FB_April,0.003808109,Tovomita,,,,,
BB_FB_April,0.01428041,Toxicodendron,,,,,
BB_FB_April,0.002856082,Tragia,,,,,
BB_FB_April,0.000952027,Trevesia,,,,,
BB_FB_April,0.000952027,Tricardia,,,,,
BB_FB_April,0.000952027,Trichodrymonia,,,,,
BB_FB_April,0.010472301,Trifolium,,,,,
BB_FB_April,0.000952027,Trigonostemon,,,,,
BB_FB_April,0.000952027,Trymalium,,,,,
BB_FB_April,0.000952027,Trymatococcus,,,,,
BB_FB_April,0.006664191,Tsuga,,,,,
BB_FB_April,0.009520273,Tzeltalia,,,,,
BB_FB_April,0.000952027,Valeriana,,,,,
BB_FB_April,0.000952027,Van-royena,,,,,
BB_FB_April,0.000952027,Vasconcellea,,,,,
BB_FB_April,0.000952027,Vernicia,,,,,
BB_FB_April,0.007616219,Veronica,,,,,
BB_FB_April,0.005712164,Viburnum,,,,,
BB_FB_April,0.01428041,Vinca,,,,,
BB_FB_April,34.1120917,Viola,,,,,
BB_FB_April,0.000952027,Warionia,,,,,
BB_FB_April,0.001904055,Ximenia,,,,,
BB_FB_April,0.003808109,Zataria,,,,,
BB_FB_April,0.000952027,Zelkova,,,,,
BB_FB_April,0.000952027,Zostera,,,,,
BB_FB_April,0.001904055,Zygophyllum,,,,,
BB_Hyner_May,0.102978071,Acaena,,,,,
BB_Hyner_May,0.011749176,Acanthocalyx,,,,,
BB_Hyner_May,0.002073384,Acanthomintha,,,,,
BB_Hyner_May,0.194898093,Acer,,,,,
BB_Hyner_May,0.103669198,Achimenes,,,,,
BB_Hyner_May,0.000691128,Adesmia,,,,,
BB_Hyner_May,0.000691128,Aethionema,,,,,
BB_Hyner_May,0.004837896,Aganope,,,,,
BB_Hyner_May,0.02764512,Agarista,,,,,
BB_Hyner_May,0.001382256,Agastache,,,,,
BB_Hyner_May,0.000691128,Aidia,,,,,
BB_Hyner_May,0.000691128,Alangium,,,,,
BB_Hyner_May,0.001382256,Alchemilla,,,,,
BB_Hyner_May,0.000691128,Alloplectus,,,,,
BB_Hyner_May,0.001382256,Alnus,,,,,
BB_Hyner_May,0.002073384,Althaea,,,,,
BB_Hyner_May,0.001382256,Ammodaucus,,,,,
BB_Hyner_May,0.000691128,Amphicarpaea,,,,,
BB_Hyner_May,0.000691128,Amphithalea,,,,,
BB_Hyner_May,0.004146768,Anemone,,,,,
BB_Hyner_May,0.000691128,Anisochilus,,,,,
BB_Hyner_May,0.00345564,Anthoxanthum,,,,,
BB_Hyner_May,0.000691128,Antopetitia,,,,,
BB_Hyner_May,0.001382256,Aphananthe,,,,,
BB_Hyner_May,0.001382256,Arabis,,,,,
BB_Hyner_May,0.000691128,Arafoe,,,,,
BB_Hyner_May,33.88946099,Aralia,,,,,
BB_Hyner_May,0.000691128,Arbutus,,,,,
BB_Hyner_May,0.001382256,Aronia,,,,,
BB_Hyner_May,0.002764512,Astropanax,,,,,
BB_Hyner_May,0.008293536,Ateleia,,,,,
BB_Hyner_May,0.000691128,Aureliana,,,,,
BB_Hyner_May,0.111271606,Austrocallerya,,,,,
BB_Hyner_May,0.001382256,Azara,,,,,
BB_Hyner_May,0.000691128,Baliospermum,,,,,
BB_Hyner_May,0.000691128,Ballota,,,,,
BB_Hyner_May,0.007602408,Baptisia,,,,,
BB_Hyner_May,0.00345564,Bejaria,,,,,
BB_Hyner_May,0.000691128,Bellonia,,,,,
BB_Hyner_May,0.001382256,Berlinia,,,,,
BB_Hyner_May,0.000691128,Berula,,,,,
BB_Hyner_May,0.000691128,Betonica,,,,,
BB_Hyner_May,0.038012039,Betula,,,,,
BB_Hyner_May,0.000691128,Bouchea,,,,,
BB_Hyner_May,0.086390999,Brandisia,,,,,
BB_Hyner_May,0.055290239,Brassaiopsis,,,,,
BB_Hyner_May,0.021424968,Brassica,,,,,
BB_Hyner_May,0.000691128,Brunia,,,,,
BB_Hyner_May,0.000691128,Bursaria,,,,,
BB_Hyner_May,0.002073384,Bursera,,,,,
BB_Hyner_May,0.000691128,Calceolaria,,,,,
BB_Hyner_May,0.000691128,Callirhoe,,,,,
BB_Hyner_May,0.000691128,Calyculogygas,,,,,
BB_Hyner_May,0.002073384,Camellia,,,,,
BB_Hyner_May,0.002073384,Canavalia,,,,,
BB_Hyner_May,0.001382256,Canthium,,,,,
BB_Hyner_May,0.000691128,Capraria,,,,,
BB_Hyner_May,0.00345564,Caragana,,,,,
BB_Hyner_May,0.000691128,Carex,,,,,
BB_Hyner_May,0.013131432,Caroxylon,,,,,
BB_Hyner_May,0.011749176,Carya,,,,,
BB_Hyner_May,0.000691128,Castanea,,,,,
BB_Hyner_May,0.002764512,Catesbaea,,,,,
BB_Hyner_May,0.004146768,Cavendishia,,,,,
BB_Hyner_May,0.000691128,Cedronella,,,,,
BB_Hyner_May,0.01382256,Celastrus,,,,,
BB_Hyner_May,0.000691128,Centaurea,,,,,
BB_Hyner_May,0.001382256,Cephalanthus,,,,,
BB_Hyner_May,0.004146768,Cerastium,,,,,
BB_Hyner_May,0.000691128,Cercocarpus,,,,,
BB_Hyner_May,0.00345564,Chamaecrista,,,,,
BB_Hyner_May,0.002764512,Chamaedaphne,,,,,
BB_Hyner_May,0.002073384,Cheirodendron,,,,,
BB_Hyner_May,0.000691128,Chelonopsis,,,,,
BB_Hyner_May,0.000691128,Chesneya,,,,,
BB_Hyner_May,0.00345564,Chlorella,,,,,
BB_Hyner_May,0.002764512,Chomelia,,,,,
BB_Hyner_May,0.000691128,Chukrasia,,,,,
BB_Hyner_May,0.000691128,Chuquiraga,,,,,
BB_Hyner_May,0.001382256,Cicer,,,,,
BB_Hyner_May,0.001382256,Cinnamomum,,,,,
BB_Hyner_May,0.002073384,Citharexylum,,,,,
BB_Hyner_May,0.000691128,Cladrastis,,,,,
BB_Hyner_May,0.000691128,Clathrotropis,,,,,
BB_Hyner_May,0.000691128,Cleonia,,,,,
BB_Hyner_May,0.001382256,Clethra,,,,,
BB_Hyner_May,0.02418948,Cliffortia,,,,,
BB_Hyner_May,0.006220152,Clinopodium,,,,,
BB_Hyner_May,0.001382256,Coffea,,,,,
BB_Hyner_May,0.004837896,Coincya,,,,,
BB_Hyner_May,0.000691128,Collinsia,,,,,
BB_Hyner_May,0.000691128,Cololejeunea,,,,,
BB_Hyner_May,0.00691128,Colombobalanus,,,,,
BB_Hyner_May,0.000691128,Combretocarpus,,,,,
BB_Hyner_May,0.000691128,Combretum,,,,,
BB_Hyner_May,0.000691128,Cordia,,,,,
BB_Hyner_May,0.00691128,Cornus,,,,,
BB_Hyner_May,0.001382256,Coronilla,,,,,
BB_Hyner_May,0.000691128,Corylus,,,,,
BB_Hyner_May,0.001382256,Costera,,,,,
BB_Hyner_May,0.012440304,Craibiodendron,,,,,
BB_Hyner_May,0.000691128,Crawfurdia,,,,,
BB_Hyner_May,0.001382256,Cremosperma,,,,,
BB_Hyner_May,0.000691128,Crotalaria,,,,,
BB_Hyner_May,0.000691128,Cryptantha,,,,,
BB_Hyner_May,0.10988935,Cunila,,,,,
BB_Hyner_May,0.002764512,Cuscuta,,,,,
BB_Hyner_May,0.004837896,Cussonia,,,,,
BB_Hyner_May,0.002073384,Cynoglossum,,,,,
BB_Hyner_May,0.000691128,Cytisopsis,,,,,
BB_Hyner_May,0.000691128,Dasyphyllum,,,,,
BB_Hyner_May,0.002073384,Daviesia,,,,,
BB_Hyner_May,0.016587072,Dendropanax,,,,,
BB_Hyner_May,0.000691128,Depanthus,,,,,
BB_Hyner_May,0.004146768,Derris,,,,,
BB_Hyner_May,0.001382256,Digitalis,,,,,
BB_Hyner_May,0.00345564,Dimorphanthera,,,,,
BB_Hyner_May,0.001382256,Diplacus,,,,,
BB_Hyner_May,0.000691128,Diplotropis,,,,,
BB_Hyner_May,0.001382256,Diplycosia,,,,,
BB_Hyner_May,0.001382256,Dipsacus,,,,,
BB_Hyner_May,0.201809373,Disterigma,,,,,
BB_Hyner_May,0.007602408,Dolichlasium,,,,,
BB_Hyner_May,0.000691128,Donatia,,,,,
BB_Hyner_May,0.000691128,Donnellsmithia,,,,,
BB_Hyner_May,0.000691128,Dorstenia,,,,,
BB_Hyner_May,0.000691128,Dryas,,,,,
BB_Hyner_May,0.000691128,Ducrosia,,,,,
BB_Hyner_May,0.000691128,Durio,,,,,
BB_Hyner_May,0.000691128,Ecbolium,,,,,
BB_Hyner_May,0.005529024,Elaeagnus,,,,,
BB_Hyner_May,0.005529024,Eleutherococcus,,,,,
BB_Hyner_May,0.002073384,Elytraria,,,,,
BB_Hyner_May,0.006220152,Empetrum,,,,,
BB_Hyner_May,0.002764512,Epacris,,,,,
BB_Hyner_May,0.000691128,Eremocarya,,,,,
BB_Hyner_May,0.008293536,Erica,,,,,
BB_Hyner_May,0.00345564,Eriodictyon,,,,,
BB_Hyner_May,0.000691128,Eritrichium,,,,,
BB_Hyner_May,0.000691128,Erysimum,,,,,
BB_Hyner_May,0.000691128,Erythroseris,,,,,
BB_Hyner_May,0.001382256,Eucrypta,,,,,
BB_Hyner_May,0.000691128,Euphorbia,,,,,
BB_Hyner_May,0.000691128,Euphronia,,,,,
BB_Hyner_May,0.001382256,Fagus,,,,,
BB_Hyner_May,0.00345564,Fatsia,,,,,
BB_Hyner_May,0.004837896,Ficus,,,,,
BB_Hyner_May,1.479013899,Fragaria,,,,,
BB_Hyner_May,0.000691128,Gastrocotyle,,,,,
BB_Hyner_May,0.000691128,Gastrolobium,,,,,
BB_Hyner_May,0.314463235,Gaultheria,,,,,
BB_Hyner_May,37.34302756,Gaylussacia,,,,,
BB_Hyner_May,0.002073384,Gentiana,,,,,
BB_Hyner_May,0.002073384,Geranium,,,,,
BB_Hyner_May,0.001382256,Geum,,,,,
BB_Hyner_May,0.004837896,Gingidia,,,,,
BB_Hyner_May,0.001382256,Glandularia,,,,,
BB_Hyner_May,0.001382256,Glechoma,,,,,
BB_Hyner_May,0.000691128,Gleditsia,,,,,
BB_Hyner_May,0.000691128,Gmelina,,,,,
BB_Hyner_May,0.001382256,Gompholobium,,,,,
BB_Hyner_May,0.000691128,Gontscharovia,,,,,
BB_Hyner_May,0.000691128,Goodenia,,,,,
BB_Hyner_May,0.006220152,Goodia,,,,,
BB_Hyner_May,0.000691128,Grabowskia,,,,,
BB_Hyner_May,0.002073384,Griselinia,,,,,
BB_Hyner_May,0.000691128,Gueldenstaedtia,,,,,
BB_Hyner_May,0.000691128,Gymnocladus,,,,,
BB_Hyner_May,0.000691128,Haberlea,,,,,
BB_Hyner_May,0.000691128,Halimolobos,,,,,
BB_Hyner_May,0.001382256,Handroanthus,,,,,
BB_Hyner_May,0.00345564,Harrimanella,,,,,
BB_Hyner_May,0.093993407,Harveya,,,,,
BB_Hyner_May,0.105051454,Hedera,,,,,
BB_Hyner_May,0.000691128,Heliotropium,,,,,
BB_Hyner_May,0.000691128,Hemiphora,,,,,
BB_Hyner_May,0.001382256,Henoonia,,,,,
BB_Hyner_May,0.011749176,Heracleum,,,,,
BB_Hyner_May,0.001382256,Hesperis,,,,,
BB_Hyner_May,0.000691128,Hierobotana,,,,,
BB_Hyner_May,0.000691128,Hieronyma,,,,,
BB_Hyner_May,0.000691128,Hippuris,,,,,
BB_Hyner_May,0.000691128,Hirtella,,,,,
BB_Hyner_May,0.004146768,Hoehnea,,,,,
BB_Hyner_May,0.000691128,Hoffmannseggia,,,,,
BB_Hyner_May,0.000691128,Holodiscus,,,,,
BB_Hyner_May,0.001382256,Houstonia,,,,,
BB_Hyner_May,0.004837896,Howellia,,,,,
BB_Hyner_May,0.000691128,Huperzia,,,,,
BB_Hyner_May,0.000691128,Hydnophytum,,,,,
BB_Hyner_May,0.001382256,Hydrophyllum,,,,,
BB_Hyner_May,0.004146768,Hylotelephium,,,,,
BB_Hyner_May,0.066348287,Hyobanche,,,,,
BB_Hyner_May,0.001382256,Hyoscyamus,,,,,
BB_Hyner_May,0.000691128,Hypenia,,,,,
BB_Hyner_May,0.000691128,Hypericum,,,,,
BB_Hyner_May,0.000691128,Hyptis,,,,,
BB_Hyner_May,0.004837896,Indigofera,,,,,
BB_Hyner_May,0.008984664,Ipomoea,,,,,
BB_Hyner_May,0.00345564,Iris,,,,,
BB_Hyner_May,0.006220152,Isodon,,,,,
BB_Hyner_May,0.000691128,Jacobaea,,,,,
BB_Hyner_May,0.004146768,Jatropha,,,,,
BB_Hyner_May,0.000691128,Joosia,,,,,
BB_Hyner_May,0.002073384,Juglans,,,,,
BB_Hyner_May,0.000691128,Junellia,,,,,
BB_Hyner_May,0.000691128,Kalmia,,,,,
BB_Hyner_May,0.001382256,Kalopanax,,,,,
BB_Hyner_May,0.000691128,Knautia,,,,,
BB_Hyner_May,0.001382256,Koenigia,,,,,
BB_Hyner_May,0.001382256,Krameria,,,,,
BB_Hyner_May,0.000691128,Lagochilus,,,,,
BB_Hyner_May,0.060819263,Lamium,,,,,
BB_Hyner_May,0.00345564,Lantana,,,,,
BB_Hyner_May,0.002073384,Lasiodiscus,,,,,
BB_Hyner_May,0.000691128,Laurenciella,,,,,
BB_Hyner_May,0.000691128,Lefebvrea,,,,,
BB_Hyner_May,0.002073384,Leptecophylla,,,,,
BB_Hyner_May,0.000691128,Leptoglossis,,,,,
BB_Hyner_May,0.000691128,Leptolobium,,,,,
BB_Hyner_May,0.000691128,Lespedeza,,,,,
BB_Hyner_May,0.045614447,Leucothoe,,,,,
BB_Hyner_May,0.001382256,Ligularia,,,,,
BB_Hyner_May,0.000691128,Linconia,,,,,
BB_Hyner_May,0.055290239,Liparophyllum,,,,,
BB_Hyner_May,0.163106206,Liriodendron,,,,,
BB_Hyner_May,0.002073384,Lithodora,,,,,
BB_Hyner_May,0.002764512,Lithospermum,,,,,
BB_Hyner_May,0.000691128,Lobelia,,,,,
BB_Hyner_May,0.000691128,Lomatium,,,,,
BB_Hyner_May,0.000691128,Lonchocarpus,,,,,
BB_Hyner_May,0.0172782,Lonicera,,,,,
BB_Hyner_May,0.001382256,Loropetalum,,,,,
BB_Hyner_May,0.001382256,Lycoris,,,,,
BB_Hyner_May,0.033174144,Lyonia,,,,,
BB_Hyner_May,0.002764512,Lysipomia,,,,,
BB_Hyner_May,0.002764512,Maackia,,,,,
BB_Hyner_May,0.037320911,Macleania,,,,,
BB_Hyner_May,0.00345564,Macropanax,,,,,
BB_Hyner_May,0.01382256,Magnolia,,,,,
BB_Hyner_May,0.004146768,Magnoliophyta,,,,,
BB_Hyner_May,0.001382256,Maingaya,,,,,
BB_Hyner_May,0.000691128,Malacomeles,,,,,
BB_Hyner_May,0.002073384,Malus,,,,,
BB_Hyner_May,0.001382256,Marcetella,,,,,
BB_Hyner_May,0.000691128,Margyricarpus,,,,,
BB_Hyner_May,0.001382256,Markea,,,,,
BB_Hyner_May,0.000691128,Martynia,,,,,
BB_Hyner_May,0.00345564,Mazus,,,,,
BB_Hyner_May,0.002073384,Merrilliopanax,,,,,
BB_Hyner_May,0.001382256,Metapanax,,,,,
BB_Hyner_May,0.00345564,Misopates,,,,,
BB_Hyner_May,0.000691128,Mitellastra,,,,,
BB_Hyner_May,0.000691128,Monotropa,,,,,
BB_Hyner_May,0.000691128,Monsonia,,,,,
BB_Hyner_May,0.000691128,Moringa,,,,,
BB_Hyner_May,0.001382256,Mostacillastrum,,,,,
BB_Hyner_May,0.002073384,Mulguraea,,,,,
BB_Hyner_May,0.002073384,Mussaenda,,,,,
BB_Hyner_May,0.002073384,Myoporum,,,,,
BB_Hyner_May,0.053216855,Myrmeconauclea,,,,,
BB_Hyner_May,0.001382256,Napeanthus,,,,,
BB_Hyner_May,0.019351584,Nauclea,,,,,
BB_Hyner_May,0.000691128,Neoharmsia,,,,,
BB_Hyner_May,0.539079832,Nicotiana,,,,,
BB_Hyner_May,0.000691128,Nierembergia,,,,,
BB_Hyner_May,0.001382256,Noltea,,,,,
BB_Hyner_May,0.000691128,Nymphaea,,,,,
BB_Hyner_May,0.018660456,Nyssa,,,,,
BB_Hyner_May,0.000691128,Ophiopogon,,,,,
BB_Hyner_May,0.002073384,Oreanthes,,,,,
BB_Hyner_May,0.011749176,Oreopanax,,,,,
BB_Hyner_May,0.000691128,Origanum,,,,,
BB_Hyner_May,0.000691128,Orostachys,,,,,
BB_Hyner_May,0.000691128,Orthaea,,,,,
BB_Hyner_May,0.000691128,Osmanthus,,,,,
BB_Hyner_May,0.00345564,Osmoxylon,,,,,
BB_Hyner_May,0.035247527,Panax,,,,,
BB_Hyner_May,0.004146768,Papaver,,,,,
BB_Hyner_May,0.000691128,Paradrymonia,,,,,
BB_Hyner_May,0.002073384,Parodianthus,,,,,
BB_Hyner_May,0.000691128,Peltocalathos,,,,,
BB_Hyner_May,0.001382256,Pennantia,,,,,
BB_Hyner_May,0.000691128,Penstemon,,,,,
BB_Hyner_May,0.000691128,Petrocodon,,,,,
BB_Hyner_May,0.002764512,Petrosimonia,,,,,
BB_Hyner_May,0.001382256,Phaseolus,,,,,
BB_Hyner_May,0.002073384,Phlomoides,,,,,
BB_Hyner_May,0.000691128,Phyla,,,,,
BB_Hyner_May,0.000691128,Physalis,,,,,
BB_Hyner_May,0.040085423,Phytolacca,,,,,
BB_Hyner_May,0.000691128,Pichonia,,,,,
BB_Hyner_May,0.036629783,Pieris,,,,,
BB_Hyner_May,0.001382256,Pilea,,,,,
BB_Hyner_May,0.001382256,Piloblephis,,,,,
BB_Hyner_May,0.000691128,Pimelea,,,,,
BB_Hyner_May,0.013131432,Pinus,,,,,
BB_Hyner_May,0.000691128,Piper,,,,,
BB_Hyner_May,0.019351584,Pittosporum,,,,,
BB_Hyner_May,0.00345564,Pityrodia,,,,,
BB_Hyner_May,0.001382256,Plagiomnium,,,,,
BB_Hyner_May,0.001382256,Planchonella,,,,,
BB_Hyner_May,0.002073384,Plantago,,,,,
BB_Hyner_May,0.001382256,Platygyrium,,,,,
BB_Hyner_May,0.001382256,Plazia,,,,,
BB_Hyner_May,0.000691128,Plectritis,,,,,
BB_Hyner_May,0.001382256,Pleuricospora,,,,,
BB_Hyner_May,0.002764512,Plutarchia,,,,,
BB_Hyner_May,0.000691128,Poa,,,,,
BB_Hyner_May,0.002764512,Polycnemum,,,,,
BB_Hyner_May,0.001382256,Polygala,,,,,
BB_Hyner_May,0.000691128,Polygonum,,,,,
BB_Hyner_May,0.001382256,Polylepis,,,,,
BB_Hyner_May,0.014513688,Polyscias,,,,,
BB_Hyner_May,0.000691128,Pomaria,,,,,
BB_Hyner_May,0.000691128,Posoqueria,,,,,
BB_Hyner_May,0.009675792,Potentilla,,,,,
BB_Hyner_May,0.000691128,Poupartia,,,,,
BB_Hyner_May,0.000691128,Prasium,,,,,
BB_Hyner_May,0.000691128,Primula,,,,,
BB_Hyner_May,0.000691128,Proboscidea,,,,,
BB_Hyner_May,0.040776551,Prunus,,,,,
BB_Hyner_May,15.63815303,Pseudopanax,,,,,
BB_Hyner_May,0.001382256,Psylliostachys,,,,,
BB_Hyner_May,0.000691128,Pultenaea,,,,,
BB_Hyner_May,0.000691128,Pycnandra,,,,,
BB_Hyner_May,0.000691128,Pycnanthemum,,,,,
BB_Hyner_May,0.276451196,Quercus,,,,,
BB_Hyner_May,0.004837896,Raukaua,,,,,
BB_Hyner_May,0.000691128,Reevesia,,,,,
BB_Hyner_May,0.002073384,Rhammatophyllum,,,,,
BB_Hyner_May,0.000691128,Rhamnus,,,,,
BB_Hyner_May,0.001382256,Rheum,,,,,
BB_Hyner_May,0.821060052,Rhododendron,,,,,
BB_Hyner_May,0.00691128,Rhynchocorys,,,,,
BB_Hyner_May,0.114727246,Ribes,,,,,
BB_Hyner_May,0.000691128,Roella,,,,,
BB_Hyner_May,0.000691128,Rogiera,,,,,
BB_Hyner_May,0.00345564,Rosa,,,,,
BB_Hyner_May,0.83902938,Rubus,,,,,
BB_Hyner_May,0.001382256,Rumex,,,,,
BB_Hyner_May,0.000691128,Rytigynia,,,,,
BB_Hyner_May,0.001382256,Sagittaria,,,,,
BB_Hyner_May,0.000691128,Sairocarpus,,,,,
BB_Hyner_May,0.048378959,Salix,,,,,
BB_Hyner_May,0.000691128,Salpichroa,,,,,
BB_Hyner_May,0.004146768,Salsola,,,,,
BB_Hyner_May,0.000691128,Samolus,,,,,
BB_Hyner_May,0.001382256,Sanicula,,,,,
BB_Hyner_May,0.001382256,Saussurea,,,,,
BB_Hyner_May,0.000691128,Saxifraga,,,,,
BB_Hyner_May,0.002764512,Scaevola,,,,,
BB_Hyner_May,0.007602408,Schefflera,,,,,
BB_Hyner_May,0.000691128,Schistochilopsis,,,,,
BB_Hyner_May,0.000691128,Scrophularia,,,,,
BB_Hyner_May,0.028336248,Securigera,,,,,
BB_Hyner_May,0.000691128,Sedum,,,,,
BB_Hyner_May,0.000691128,Seemannaralia,,,,,
BB_Hyner_May,0.000691128,Seguieria,,,,,
BB_Hyner_May,0.000691128,Senecio,,,,,
BB_Hyner_May,0.046996703,Senegalia,,,,,
BB_Hyner_May,0.000691128,Senna,,,,,
BB_Hyner_May,0.000691128,Sidalcea,,,,,
BB_Hyner_May,0.000691128,Sideritis,,,,,
BB_Hyner_May,0.000691128,Sinapis,,,,,
BB_Hyner_May,0.063583775,Sinocrassula,,,,,
BB_Hyner_May,0.000691128,Siphonandra,,,,,
BB_Hyner_May,0.000691128,Sium,,,,,
BB_Hyner_May,0.235674645,Solanum,,,,,
BB_Hyner_May,0.002073384,Solenanthus,,,,,
BB_Hyner_May,0.000691128,Spergularia,,,,,
BB_Hyner_May,0.001382256,Sphenotoma,,,,,
BB_Hyner_May,0.002073384,Sphyrospermum,,,,,
BB_Hyner_May,0.001382256,Spiraea,,,,,
BB_Hyner_May,0.002073384,Stachys,,,,,
BB_Hyner_May,0.000691128,Stachyurus,,,,,
BB_Hyner_May,0.000691128,Streptocarpus,,,,,
BB_Hyner_May,0.000691128,Stuckenia,,,,,
BB_Hyner_May,0.000691128,Stylosanthes,,,,,
BB_Hyner_May,0.001382256,Styphelia,,,,,
BB_Hyner_May,0.000691128,Swartzia,,,,,
BB_Hyner_May,0.000691128,Symphoricarpos,,,,,
BB_Hyner_May,0.002073384,Symphysia,,,,,
BB_Hyner_May,0.007602408,Syringa,,,,,
BB_Hyner_May,0.000691128,Tapirira,,,,,
BB_Hyner_May,0.002073384,Tara,,,,,
BB_Hyner_May,0.000691128,Thamnea,,,,,
BB_Hyner_May,0.000691128,Thesium,,,,,
BB_Hyner_May,0.000691128,Toxicodendron,,,,,
BB_Hyner_May,0.000691128,Trema,,,,,
BB_Hyner_May,0.240512541,Trevesia,,,,,
BB_Hyner_May,0.000691128,Trichodrymonia,,,,,
BB_Hyner_May,0.013131432,Trifolium,,,,,
BB_Hyner_May,0.001382256,Triosteum,,,,,
BB_Hyner_May,0.000691128,Trophis,,,,,
BB_Hyner_May,0.000691128,Tsuga,,,,,
BB_Hyner_May,0.000691128,Tulipa,,,,,
BB_Hyner_May,0.10643371,Turritis,,,,,
BB_Hyner_May,0.002764512,Tylosema,,,,,
BB_Hyner_May,0.248114948,Tzeltalia,,,,,
BB_Hyner_May,0.002073384,Ungeria,,,,,
BB_Hyner_May,0.002073384,Utleya,,,,,
BB_Hyner_May,4.950549792,Vaccinium,,,,,
BB_Hyner_May,0.000691128,Valeriana,,,,,
BB_Hyner_May,0.000691128,Van-royena,,,,,
BB_Hyner_May,0.000691128,Veronica,,,,,
BB_Hyner_May,0.000691128,Viburnum,,,,,
BB_Hyner_May,0.002073384,Vigna,,,,,
BB_Hyner_May,0.004146768,Viola,,,,,
BB_Hyner_May,0.000691128,Virectaria,,,,,
BB_Hyner_May,0.001382256,Zapoteca,,,,,
BB_Hyner_May,0.002764512,Zenobia,,,,,
BB_Hyner_May,0.002073384,Zostera,,,,,
BB_RR1_May,0.006195633,Abelia,,,,,
BB_RR1_May,0.002478253,Acacia,,,,,
BB_RR1_May,0.001239127,Acaena,,,,,
BB_RR1_May,0.028499913,Acanthocalyx,,,,,
BB_RR1_May,0.490694159,Acer,,,,,
BB_RR1_May,0.056999827,Achimenes,,,,,
BB_RR1_May,0.001239127,Adenostoma,,,,,
BB_RR1_May,0.012391267,Aesculus,,,,,
BB_RR1_May,0.001239127,Aganope,,,,,
BB_RR1_May,0.002478253,Agarista,,,,,
BB_RR1_May,0.001239127,Aidia,,,,,
BB_RR1_May,0.002478253,Alectra,,,,,
BB_RR1_May,0.106564893,Alliaria,,,,,
BB_RR1_May,0.00371738,Alnus,,,,,
BB_RR1_May,0.002478253,Althaea,,,,,
BB_RR1_May,0.001239127,Amicia,,,,,
BB_RR1_May,0.001239127,Amphithalea,,,,,
BB_RR1_May,0.001239127,Anarrhinum,,,,,
BB_RR1_May,0.001239127,Anisodus,,,,,
BB_RR1_May,0.002478253,Antopetitia,,,,,
BB_RR1_May,0.002478253,Arabis,,,,,
BB_RR1_May,0.13382568,Aralia,,,,,
BB_RR1_May,0.001239127,Arctostaphylos,,,,,
BB_RR1_May,0.024782533,Aronia,,,,,
BB_RR1_May,0.001239127,Artocarpus,,,,,
BB_RR1_May,0.001239127,Asplenium,,,,,
BB_RR1_May,0.001239127,Asteranthera,,,,,
BB_RR1_May,0.002478253,Astrotricha,,,,,
BB_RR1_May,0.008673887,Ateleia,,,,,
BB_RR1_May,0.001239127,Atriplex,,,,,
BB_RR1_May,0.001239127,Auranticarpa,,,,,
BB_RR1_May,0.042130307,Austrocallerya,,,,,
BB_RR1_May,0.004956507,Baliospermum,,,,,
BB_RR1_May,0.001239127,Baptisia,,,,,
BB_RR1_May,0.001239127,Basistemon,,,,,
BB_RR1_May,0.004956507,Bellonia,,,,,
BB_RR1_May,0.00371738,Berberis,,,,,
BB_RR1_May,0.001239127,Berlinia,,,,,
BB_RR1_May,0.001239127,Bertiera,,,,,
BB_RR1_May,0.291194766,Betula,,,,,
BB_RR1_May,0.004956507,Blepharis,,,,,
BB_RR1_May,0.001239127,Bocoa,,,,,
BB_RR1_May,0.001239127,Boechera,,,,,
BB_RR1_May,0.002478253,Bouchea,,,,,
BB_RR1_May,0.002478253,Brachyloma,,,,,
BB_RR1_May,0.061956333,Brandisia,,,,,
BB_RR1_May,0.001239127,Brassaiopsis,,,,,
BB_RR1_May,0.00371738,Brassica,,,,,
BB_RR1_May,0.001239127,Brownea,,,,,
BB_RR1_May,0.002478253,Brunfelsia,,,,,
BB_RR1_May,0.004956507,Brunia,,,,,
BB_RR1_May,0.001239127,Caiophora,,,,,
BB_RR1_May,0.001239127,Calceolaria,,,,,
BB_RR1_May,0.001239127,Calliphysalis,,,,,
BB_RR1_May,0.001239127,Campanula,,,,,
BB_RR1_May,0.001239127,Canavalia,,,,,
BB_RR1_May,0.002478253,Canthium,,,,,
BB_RR1_May,0.001239127,Capsicum,,,,,
BB_RR1_May,0.002478253,Caroxylon,,,,,
BB_RR1_May,0.001239127,Carpanthea,,,,,
BB_RR1_May,0.002478253,Carya,,,,,
BB_RR1_May,0.012391267,Castanea,,,,,
BB_RR1_May,0.001239127,Catesbaea,,,,,
BB_RR1_May,0.697628312,Celastrus,,,,,
BB_RR1_May,0.00371738,Celtis,,,,,
BB_RR1_May,0.002478253,Centrosolenia,,,,,
BB_RR1_May,0.001239127,Cephalanthus,,,,,
BB_RR1_May,0.001239127,Cephalaria,,,,,
BB_RR1_May,0.002478253,Cestrum,,,,,
BB_RR1_May,0.001239127,Chamaecrista,,,,,
BB_RR1_May,0.001239127,Chamaesium,,,,,
BB_RR1_May,0.002478253,Chelidonium,,,,,
BB_RR1_May,0.002478253,Chelonopsis,,,,,
BB_RR1_May,0.001239127,Choerospondias,,,,,
BB_RR1_May,0.001239127,Chrysolepis,,,,,
BB_RR1_May,0.001239127,Citharexylum,,,,,
BB_RR1_May,0.002478253,Cliffortia,,,,,
BB_RR1_May,0.00371738,Clinopodium,,,,,
BB_RR1_May,0.002478253,Coffea,,,,,
BB_RR1_May,0.009913013,Colombobalanus,,,,,
BB_RR1_May,0.001239127,Combretocarpus,,,,,
BB_RR1_May,0.001239127,Conradina,,,,,
BB_RR1_May,0.00371738,Convolvulus,,,,,
BB_RR1_May,2.130058735,Cornus,,,,,
BB_RR1_May,0.001239127,Cotyledon,,,,,
BB_RR1_May,0.006195633,Craibiodendron,,,,,
BB_RR1_May,0.021065153,Crataegus,,,,,
BB_RR1_May,0.001239127,Crossopetalum,,,,,
BB_RR1_May,0.002478253,Cubanola,,,,,
BB_RR1_May,0.001239127,Cunila,,,,,
BB_RR1_May,7.502911948,Cuscuta,,,,,
BB_RR1_May,0.001239127,Cusickiella,,,,,
BB_RR1_May,0.001239127,Cyclolobium,,,,,
BB_RR1_May,0.001239127,Daviesia,,,,,
BB_RR1_May,0.001239127,Deinbollia,,,,,
BB_RR1_May,0.002478253,Dendropanax,,,,,
BB_RR1_May,0.001239127,Diabelia,,,,,
BB_RR1_May,0.002478253,Dimorphanthera,,,,,
BB_RR1_May,0.002478253,Diplacus,,,,,
BB_RR1_May,0.001239127,Diplycosia,,,,,
BB_RR1_May,0.001239127,Dipsacus,,,,,
BB_RR1_May,0.884736438,Disterigma,,,,,
BB_RR1_May,0.15612996,Docynia,,,,,
BB_RR1_May,0.00371738,Dorstenia,,,,,
BB_RR1_May,0.001239127,Downingia,,,,,
BB_RR1_May,0.004956507,Dracocephalum,,,,,
BB_RR1_May,0.001239127,Drymocallis,,,,,
BB_RR1_May,0.001239127,Durio,,,,,
BB_RR1_May,0.369259746,Elaeagnus,,,,,
BB_RR1_May,0.00371738,Elatostema,,,,,
BB_RR1_May,0.023543407,Eleutherococcus,,,,,
BB_RR1_May,0.001239127,Elliottia,,,,,
BB_RR1_May,0.006195633,Elytraria,,,,,
BB_RR1_May,0.001239127,Empetrum,,,,,
BB_RR1_May,0.004956507,Eremophila,,,,,
BB_RR1_May,0.006195633,Erica,,,,,
BB_RR1_May,0.001239127,Eriobotrya,,,,,
BB_RR1_May,0.001239127,Eriodictyon,,,,,
BB_RR1_May,0.001239127,Eriopidion,,,,,
BB_RR1_May,0.023543407,Erodium,,,,,
BB_RR1_May,0.004956507,Erysimum,,,,,
BB_RR1_May,0.001239127,Erythroxylum,,,,,
BB_RR1_May,0.00371738,Euphorbia,,,,,
BB_RR1_May,0.001239127,Euphrasia,,,,,
BB_RR1_May,0.002478253,Eurypetalum,,,,,
BB_RR1_May,0.009913013,Fagus,,,,,
BB_RR1_May,0.001239127,Fatsia,,,,,
BB_RR1_May,0.004956507,Ficus,,,,,
BB_RR1_May,0.001239127,Fleroya,,,,,
BB_RR1_May,0.006195633,Fraxinus,,,,,
BB_RR1_May,0.001239127,Gamblea,,,,,
BB_RR1_May,0.112760526,Gaultheria,,,,,
BB_RR1_May,8.978711804,Gaylussacia,,,,,
BB_RR1_May,0.00371738,Geranium,,,,,
BB_RR1_May,0.002478253,Gleditsia,,,,,
BB_RR1_May,0.002478253,Goodia,,,,,
BB_RR1_May,0.001239127,Gueldenstaedtia,,,,,
BB_RR1_May,0.001239127,Guibourtia,,,,,
BB_RR1_May,0.00371738,Gymnocladus,,,,,
BB_RR1_May,0.002478253,Haberlea,,,,,
BB_RR1_May,0.001239127,Halimolobos,,,,,
BB_RR1_May,0.050804193,Harveya,,,,,
BB_RR1_May,0.07806498,Hedera,,,,,
BB_RR1_May,0.001239127,Hemiphora,,,,,
BB_RR1_May,0.00371738,Heptacodium,,,,,
BB_RR1_May,0.002478253,Heracleum,,,,,
BB_RR1_May,0.004956507,Hesperis,,,,,
BB_RR1_May,0.001239127,Holodiscus,,,,,
BB_RR1_May,0.038412927,Humulus,,,,,
BB_RR1_May,0.001239127,Hylodesmum,,,,,
BB_RR1_May,0.001239127,Hylomecon,,,,,
BB_RR1_May,0.013630393,Hylotelephium,,,,,
BB_RR1_May,0.056999827,Hyobanche,,,,,
BB_RR1_May,0.001239127,Hyoscyamus,,,,,
BB_RR1_May,0.008673887,Hyptis,,,,,
BB_RR1_May,0.001239127,Idesia,,,,,
BB_RR1_May,0.001239127,Illecebrum,,,,,
BB_RR1_May,0.001239127,Indigofera,,,,,
BB_RR1_May,0.009913013,Ipomoea,,,,,
BB_RR1_May,0.002478253,Iris,,,,,
BB_RR1_May,0.004956507,Isodon,,,,,
BB_RR1_May,0.001239127,Jacobaea,,,,,
BB_RR1_May,0.002478253,Jacquemontia,,,,,
BB_RR1_May,0.006195633,Jatropha,,,,,
BB_RR1_May,0.001239127,Jerdonia,,,,,
BB_RR1_May,0.001239127,Junellia,,,,,
BB_RR1_May,0.00371738,Kalopanax,,,,,
BB_RR1_May,0.002478253,Knautia,,,,,
BB_RR1_May,0.281281753,Kolkwitzia,,,,,
BB_RR1_May,0.002478253,Lamium,,,,,
BB_RR1_May,0.001239127,Lasiodiscus,,,,,
BB_RR1_May,0.001239127,Lepidium,,,,,
BB_RR1_May,0.001239127,Leucophyllum,,,,,
BB_RR1_May,0.001239127,Leucopogon,,,,,
BB_RR1_May,0.006195633,Leycesteria,,,,,
BB_RR1_May,0.001239127,Licania,,,,,
BB_RR1_May,0.009913013,Linaria,,,,,
BB_RR1_May,0.02230428,Liparophyllum,,,,,
BB_RR1_May,0.10408664,Liriodendron,,,,,
BB_RR1_May,0.00371738,Lithospermum,,,,,
BB_RR1_May,0.001239127,Lobelia,,,,,
BB_RR1_May,0.001239127,Lonchocarpus,,,,,
BB_RR1_May,53.0160343,Lonicera,,,,,
BB_RR1_May,0.006195633,Lyonia,,,,,
BB_RR1_May,0.001239127,Lysakia,,,,,
BB_RR1_May,0.001239127,Lysipomia,,,,,
BB_RR1_May,0.001239127,Lythrum,,,,,
BB_RR1_May,0.009913013,Macrolobium,,,,,
BB_RR1_May,0.00371738,Macropanax,,,,,
BB_RR1_May,0.02230428,Magnolia,,,,,
BB_RR1_May,0.002478253,Maingaya,,,,,
BB_RR1_May,3.173403385,Malacomeles,,,,,
BB_RR1_May,0.203216773,Malus,,,,,
BB_RR1_May,0.002478253,Marcetella,,,,,
BB_RR1_May,0.016108647,Maytenus,,,,,
BB_RR1_May,0.002478253,Mazus,,,,,
BB_RR1_May,0.030978167,Merremia,,,,,
BB_RR1_May,0.001239127,Mimosa,,,,,
BB_RR1_May,0.001239127,Mimusops,,,,,
BB_RR1_May,0.006195633,Misopates,,,,,
BB_RR1_May,0.001239127,Monteverdia,,,,,
BB_RR1_May,0.001239127,Monttea,,,,,
BB_RR1_May,0.001239127,Morella,,,,,
BB_RR1_May,0.001239127,Muehlenbeckia,,,,,
BB_RR1_May,0.006195633,Myoporum,,,,,
BB_RR1_May,0.042130307,Myrmeconauclea,,,,,
BB_RR1_May,0.002478253,Napeanthus,,,,,
BB_RR1_May,0.001239127,Nauclea,,,,,
BB_RR1_May,0.012391267,Neillia,,,,,
BB_RR1_May,0.001239127,Nematanthus,,,,,
BB_RR1_May,0.479542019,Nicotiana,,,,,
BB_RR1_May,0.004956507,Niphaea,,,,,
BB_RR1_May,0.013630393,Nyssa,,,,,
BB_RR1_May,0.001239127,Oemleria,,,,,
BB_RR1_May,0.002478253,Oreopanax,,,,,
BB_RR1_May,0.001239127,Orobanche,,,,,
BB_RR1_May,0.002478253,Orostachys,,,,,
BB_RR1_May,0.002478253,Osmoxylon,,,,,
BB_RR1_May,0.008673887,Oxera,,,,,
BB_RR1_May,0.00371738,Panax,,,,,
BB_RR1_May,0.004956507,Papaver,,,,,
BB_RR1_May,0.001239127,Parasenegalia,,,,,
BB_RR1_May,0.001239127,Peltodon,,,,,
BB_RR1_May,0.00371738,Peltogyne,,,,,
BB_RR1_May,0.006195633,Pennantia,,,,,
BB_RR1_May,0.001239127,Peperomia,,,,,
BB_RR1_May,0.001239127,Petagnaea,,,,,
BB_RR1_May,0.001239127,Petrosimonia,,,,,
BB_RR1_May,0.001239127,Phanera,,,,,
BB_RR1_May,0.001239127,Philadelphus,,,,,
BB_RR1_May,0.006195633,Phlomoides,,,,,
BB_RR1_May,0.001239127,Photinia,,,,,
BB_RR1_May,0.001239127,Phryma,,,,,
BB_RR1_May,0.001239127,Phthirusa,,,,,
BB_RR1_May,0.001239127,Phyllanthus,,,,,
BB_RR1_May,0.01115214,Phytolacca,,,,,
BB_RR1_May,0.009913013,Pieris,,,,,
BB_RR1_May,0.001239127,Pilea,,,,,
BB_RR1_May,0.002478253,Pinus,,,,,
BB_RR1_May,0.019826027,Pittosporum,,,,,
BB_RR1_May,0.002478253,Plagiomnium,,,,,
BB_RR1_May,0.002478253,Platanus,,,,,
BB_RR1_May,0.002478253,Plazia,,,,,
BB_RR1_May,0.001239127,Pleioluma,,,,,
BB_RR1_May,0.001239127,Pleuricospora,,,,,
BB_RR1_May,0.001239127,Plutarchia,,,,,
BB_RR1_May,0.001239127,Pogostemon,,,,,
BB_RR1_May,0.001239127,Polycnemum,,,,,
BB_RR1_May,0.002478253,Polygala,,,,,
BB_RR1_May,0.00743476,Polyscias,,,,,
BB_RR1_May,0.001239127,Portlandia,,,,,
BB_RR1_May,0.006195633,Potentilla,,,,,
BB_RR1_May,0.00371738,Pouteria,,,,,
BB_RR1_May,0.001239127,Proboscidea,,,,,
BB_RR1_May,2.4956011,Prunus,,,,,
BB_RR1_May,0.001239127,Psacaliopsis,,,,,
BB_RR1_May,0.001239127,Purshia,,,,,
BB_RR1_May,0.021065153,Pycnanthemum,,,,,
BB_RR1_May,0.0557607,Pyrus,,,,,
BB_RR1_May,0.458476866,Quercus,,,,,
BB_RR1_May,0.002478253,Raphanus,,,,,
BB_RR1_May,0.002478253,Raukaua,,,,,
BB_RR1_May,0.001239127,Rheum,,,,,
BB_RR1_May,0.355629352,Rhododendron,,,,,
BB_RR1_May,0.001239127,Rhynchocorys,,,,,
BB_RR1_May,0.061956333,Ribes,,,,,
BB_RR1_May,0.001239127,Roella,,,,,
BB_RR1_May,0.01115214,Rosa,,,,,
BB_RR1_May,0.179673366,Rubus,,,,,
BB_RR1_May,0.030978167,Salix,,,,,
BB_RR1_May,0.001239127,Salvia,,,,,
BB_RR1_May,0.019826027,Sambucus,,,,,
BB_RR1_May,0.001239127,Saussurea,,,,,
BB_RR1_May,0.00371738,Saxifraga,,,,,
BB_RR1_May,0.016108647,Scaevola,,,,,
BB_RR1_May,0.001239127,Schaefferia,,,,,
BB_RR1_May,0.001239127,Schizomussaenda,,,,,
BB_RR1_May,0.001239127,Schlechtendalia,,,,,
BB_RR1_May,0.002478253,Schmardaea,,,,,
BB_RR1_May,0.001239127,Scutellaria,,,,,
BB_RR1_May,0.035934673,Securigera,,,,,
BB_RR1_May,0.001239127,Seguieria,,,,,
BB_RR1_May,0.023543407,Senegalia,,,,,
BB_RR1_May,0.001239127,Sesamum,,,,,
BB_RR1_May,0.001239127,Sibara,,,,,
BB_RR1_May,0.001239127,Sidalcea,,,,,
BB_RR1_May,0.001239127,Sideritis,,,,,
BB_RR1_May,0.001239127,Silphium,,,,,
BB_RR1_May,0.016108647,Sinocrassula,,,,,
BB_RR1_May,0.001239127,Siphocranion,,,,,
BB_RR1_May,0.001239127,Smithiantha,,,,,
BB_RR1_May,0.008673887,Sobolewskia,,,,,
BB_RR1_May,0.306064286,Solanum,,,,,
BB_RR1_May,2.421253501,Sorbus,,,,,
BB_RR1_May,0.001239127,Spergularia,,,,,
BB_RR1_May,0.004956507,Sphyrospermum,,,,,
BB_RR1_May,0.001239127,Stachys,,,,,
BB_RR1_May,0.013630393,Stemonocoleus,,,,,
BB_RR1_May,0.001239127,Stenandrium,,,,,
BB_RR1_May,0.001239127,Stockwellia,,,,,
BB_RR1_May,0.002478253,Streptocarpus,,,,,
BB_RR1_May,0.002478253,Styphelia,,,,,
BB_RR1_May,0.002478253,Symphoricarpos,,,,,
BB_RR1_May,0.001239127,Syringa,,,,,
BB_RR1_May,0.00371738,Tara,,,,,
BB_RR1_May,0.047086813,Taraxacum,,,,,
BB_RR1_May,0.001239127,Tepuia,,,,,
BB_RR1_May,0.01115214,Thamnea,,,,,
BB_RR1_May,0.001239127,Timonius,,,,,
BB_RR1_May,0.219325419,Torminalis,,,,,
BB_RR1_May,0.002478253,Toxicodendron,,,,,
BB_RR1_May,0.116477906,Trevesia,,,,,
BB_RR1_May,0.001239127,Trifolium,,,,,
BB_RR1_May,0.102847513,Triosteum,,,,,
BB_RR1_May,0.001239127,Triplaris,,,,,
BB_RR1_May,0.001239127,Tropaeolum,,,,,
BB_RR1_May,0.001239127,Trophis,,,,,
BB_RR1_May,0.252781839,Tzeltalia,,,,,
BB_RR1_May,12.13724567,Vaccinium,,,,,
BB_RR1_May,0.002478253,Valeriana,,,,,
BB_RR1_May,0.00371738,Van-royena,,,,,
BB_RR1_May,0.002478253,Vauquelinia,,,,,
BB_RR1_May,0.001239127,Vella,,,,,
BB_RR1_May,0.086738866,Viburnum,,,,,
BB_RR1_May,0.012391267,Vitex,,,,,
BB_RR1_May,0.001239127,Vitis,,,,,
BB_RR1_May,0.001239127,Weigela,,,,,
BB_RR1_May,0.001239127,Zabelia,,,,,
BB_RR1_May,0.002478253,Zenobia,,,,,
BB_RR2_May,0.001018859,Abelia,,,,,
BB_RR2_May,0.001018859,Acacia,,,,,
BB_RR2_May,0.007132014,Acanthocalyx,,,,,
BB_RR2_May,0.374940142,Acer,,,,,
BB_RR2_May,0.037697786,Achimenes,,,,,
BB_RR2_May,0.002037718,Actinidia,,,,,
BB_RR2_May,0.001018859,Adesmia,,,,,
BB_RR2_May,0.001018859,Adonis,,,,,
BB_RR2_May,0.006113154,Agarista,,,,,
BB_RR2_May,0.038716645,Aizoon,,,,,
BB_RR2_May,0.001018859,Allophylus,,,,,
BB_RR2_May,0.002037718,Alnus,,,,,
BB_RR2_May,0.001018859,Althaea,,,,,
BB_RR2_May,0.001018859,Angelica,,,,,
BB_RR2_May,0.004075436,Anthoxanthum,,,,,
BB_RR2_May,0.001018859,Aphananthe,,,,,
BB_RR2_May,0.001018859,Aralia,,,,,
BB_RR2_May,0.001018859,Arctostaphylos,,,,,
BB_RR2_May,0.002037718,Astrotrichilia,,,,,
BB_RR2_May,0.002037718,Ateleia,,,,,
BB_RR2_May,0.045848659,Austrocallerya,,,,,
BB_RR2_May,0.008150873,Azadirachta,,,,,
BB_RR2_May,0.001018859,Bambusa,,,,,
BB_RR2_May,0.006113154,Baptisia,,,,,
BB_RR2_May,0.002037718,Barbarea,,,,,
BB_RR2_May,0.001018859,Begonia,,,,,
BB_RR2_May,0.001018859,Bellonia,,,,,
BB_RR2_May,0.002037718,Bertiera,,,,,
BB_RR2_May,0.089659599,Betula,,,,,
BB_RR2_May,0.001018859,Blephilia,,,,,
BB_RR2_May,0.027509195,Brandisia,,,,,
BB_RR2_May,0.001018859,Brassica,,,,,
BB_RR2_May,0.001018859,Brunia,,,,,
BB_RR2_May,0.002037718,Callisia,,,,,
BB_RR2_May,0.002037718,Camellia,,,,,
BB_RR2_May,0.001018859,Canavalia,,,,,
BB_RR2_May,0.001018859,Capuronianthus,,,,,
BB_RR2_May,0.001018859,Caragana,,,,,
BB_RR2_May,0.004075436,Caroxylon,,,,,
BB_RR2_May,0.002037718,Carpinus,,,,,
BB_RR2_May,0.043810941,Carya,,,,,
BB_RR2_May,0.002037718,Castanea,,,,,
BB_RR2_May,0.001018859,Cedrela,,,,,
BB_RR2_May,0.205809534,Celastrus,,,,,
BB_RR2_May,0.004075436,Celtis,,,,,
BB_RR2_May,0.001018859,Centrosolenia,,,,,
BB_RR2_May,0.006113154,Chamaecrista,,,,,
BB_RR2_May,0.001018859,Chamaedaphne,,,,,
BB_RR2_May,0.001018859,Chenolea,,,,,
BB_RR2_May,0.003056577,Chimaphila,,,,,
BB_RR2_May,0.004075436,Chlorella,,,,,
BB_RR2_May,0.001018859,Chomelia,,,,,
BB_RR2_May,0.002037718,Cicer,,,,,
BB_RR2_May,0.001018859,Cinnamomum,,,,,
BB_RR2_May,0.006113154,Cladrastis,,,,,
BB_RR2_May,0.001018859,Clethra,,,,,
BB_RR2_May,0.001018859,Clinopodium,,,,,
BB_RR2_May,0.001018859,Clusia,,,,,
BB_RR2_May,0.001018859,Coffea,,,,,
BB_RR2_May,0.001018859,Colebrookea,,,,,
BB_RR2_May,0.002037718,Colombobalanus,,,,,
BB_RR2_May,0.001018859,Combretum,,,,,
BB_RR2_May,0.005094295,Convolvulaceae,,,,,
BB_RR2_May,0.001018859,Corchorus,,,,,
BB_RR2_May,0.002037718,Corema,,,,,
BB_RR2_May,0.025471477,Cornus,,,,,
BB_RR2_May,0.001018859,Coronanthera,,,,,
BB_RR2_May,0.001018859,Coronilla,,,,,
BB_RR2_May,0.005094295,Corylus,,,,,
BB_RR2_May,0.001018859,Costera,,,,,
BB_RR2_May,0.002037718,Craibiodendron,,,,,
BB_RR2_May,0.001018859,Cremosperma,,,,,
BB_RR2_May,0.001018859,Crotalaria,,,,,
BB_RR2_May,0.001018859,Cubanola,,,,,
BB_RR2_May,0.001018859,Cuscuta,,,,,
BB_RR2_May,0.001018859,Cytisus,,,,,
BB_RR2_May,0.008150873,Daboecia,,,,,
BB_RR2_May,0.001018859,Dacryodes,,,,,
BB_RR2_May,0.001018859,Daphniphyllum,,,,,
BB_RR2_May,0.460524305,Delphinium,,,,,
BB_RR2_May,0.001018859,Dicranum,,,,,
BB_RR2_May,0.001018859,Didymocarpus,,,,,
BB_RR2_May,0.001018859,Dimorphanthera,,,,,
BB_RR2_May,0.001018859,Diploon,,,,,
BB_RR2_May,0.001018859,Diplycosia,,,,,
BB_RR2_May,0.498222091,Disterigma,,,,,
BB_RR2_May,0.001018859,Ducrosia,,,,,
BB_RR2_May,0.002037718,Elaeagnus,,,,,
BB_RR2_May,0.004075436,Empetrum,,,,,
BB_RR2_May,0.001018859,Empleuridium,,,,,
BB_RR2_May,0.001018859,Engelhardia,,,,,
BB_RR2_May,0.117168794,Entandrophragma,,,,,
BB_RR2_May,0.002037718,Erica,,,,,
BB_RR2_May,0.001018859,Eriodictyon,,,,,
BB_RR2_May,0.001018859,Eucommia,,,,,
BB_RR2_May,0.001018859,Eugenia,,,,,
BB_RR2_May,0.001018859,Faguetia,,,,,
BB_RR2_May,0.003056577,Fagus,,,,,
BB_RR2_May,0.001018859,Fatsia,,,,,
BB_RR2_May,0.001018859,Ficus,,,,,
BB_RR2_May,0.001018859,Foeniculum,,,,,
BB_RR2_May,0.001018859,Galium,,,,,
BB_RR2_May,0.002037718,Galphimia,,,,,
BB_RR2_May,0.001018859,Gastrolobium,,,,,
BB_RR2_May,0.134489399,Gaultheria,,,,,
BB_RR2_May,25.89430356,Gaylussacia,,,,,
BB_RR2_May,0.001018859,Gingidia,,,,,
BB_RR2_May,0.001018859,Glandularia,,,,,
BB_RR2_May,0.001018859,Gleditsia,,,,,
BB_RR2_May,0.001018859,Gompholobium,,,,,
BB_RR2_May,0.001018859,Gontscharovia,,,,,
BB_RR2_May,0.001018859,Guibourtia,,,,,
BB_RR2_May,0.039735504,Harveya,,,,,
BB_RR2_May,0.042792081,Hedera,,,,,
BB_RR2_May,0.001018859,Hemiphora,,,,,
BB_RR2_May,0.003056577,Heracleum,,,,,
BB_RR2_May,0.001018859,Hesperis,,,,,
BB_RR2_May,0.019358323,Hieronyma,,,,,
BB_RR2_May,0.001018859,Holoptelea,,,,,
BB_RR2_May,0.002037718,Howellia,,,,,
BB_RR2_May,0.006113154,Hylotelephium,,,,,
BB_RR2_May,0.025471477,Hyobanche,,,,,
BB_RR2_May,0.001018859,Hypericum,,,,,
BB_RR2_May,0.002037718,Iris,,,,,
BB_RR2_May,0.002037718,Isodon,,,,,
BB_RR2_May,0.018339463,Juglans,,,,,
BB_RR2_May,0.005094295,Kalmia,,,,,
BB_RR2_May,0.001018859,Krameria,,,,,
BB_RR2_May,0.001018859,Lamium,,,,,
BB_RR2_May,0.001018859,Lepidotrichilia,,,,,
BB_RR2_May,0.001018859,Leucopogon,,,,,
BB_RR2_May,0.01120745,Leucothoe,,,,,
BB_RR2_May,0.021396041,Liparophyllum,,,,,
BB_RR2_May,26.07871705,Liriodendron,,,,,
BB_RR2_May,0.001018859,Lithocarpus,,,,,
BB_RR2_May,0.001018859,Lithodora,,,,,
BB_RR2_May,0.004075436,Lithospermum,,,,,
BB_RR2_May,0.001018859,Lobelia,,,,,
BB_RR2_May,0.001018859,Lomatium,,,,,
BB_RR2_May,0.350487524,Lonicera,,,,,
BB_RR2_May,0.008150873,Lotus,,,,,
BB_RR2_May,0.009169732,Lyonia,,,,,
BB_RR2_May,0.010188591,Macleania,,,,,
BB_RR2_May,0.002037718,Maclura,,,,,
BB_RR2_May,4.158982771,Magnolia,,,,,
BB_RR2_May,0.502297527,Magnoliophyta,,,,,
BB_RR2_May,0.001018859,Magoniella,,,,,
BB_RR2_May,0.002037718,Malus,,,,,
BB_RR2_May,0.001018859,Marcetella,,,,,
BB_RR2_May,0.001018859,Martynia,,,,,
BB_RR2_May,0.002037718,Matudaea,,,,,
BB_RR2_May,0.005094295,Maytenus,,,,,
BB_RR2_May,0.001018859,Micromeria,,,,,
BB_RR2_May,0.001018859,Micropholis,,,,,
BB_RR2_May,0.001018859,Monotropa,,,,,
BB_RR2_May,0.001018859,Monotropastrum,,,,,
BB_RR2_May,0.100867049,Morella,,,,,
BB_RR2_May,0.002037718,Morus,,,,,
BB_RR2_May,0.001018859,Mussaenda,,,,,
BB_RR2_May,0.001018859,Myoporum,,,,,
BB_RR2_May,0.023433759,Myrmeconauclea,,,,,
BB_RR2_May,0.002037718,Nama,,,,,
BB_RR2_May,0.001018859,Nauclea,,,,,
BB_RR2_May,0.001018859,Neolaugeria,,,,,
BB_RR2_May,0.137545976,Nicotiana,,,,,
BB_RR2_May,33.0792978,Nyssa,,,,,
BB_RR2_May,0.006113154,Oocephalus,,,,,
BB_RR2_May,0.001018859,Oreanthes,,,,,
BB_RR2_May,0.001018859,Origanum,,,,,
BB_RR2_May,0.001018859,Orostachys,,,,,
BB_RR2_May,0.002037718,Orthodicranum,,,,,
BB_RR2_May,0.002037718,Osmoxylon,,,,,
BB_RR2_May,0.001018859,Ostericum,,,,,
BB_RR2_May,0.002037718,Owenia,,,,,
BB_RR2_May,0.001018859,Oxyphyllum,,,,,
BB_RR2_May,0.097810472,Papaver,,,,,
BB_RR2_May,0.007132014,Pedersenia,,,,,
BB_RR2_May,0.001018859,Phlomoides,,,,,
BB_RR2_May,0.0224149,Phylica,,,,,
BB_RR2_May,0.068263558,Phyllanthus,,,,,
BB_RR2_May,0.032603491,Physalis,,,,,
BB_RR2_May,0.014264027,Phytolacca,,,,,
BB_RR2_May,0.021396041,Pieris,,,,,
BB_RR2_May,0.002037718,Pilea,,,,,
BB_RR2_May,0.001018859,Pimelea,,,,,
BB_RR2_May,0.012226309,Pinus,,,,,
BB_RR2_May,0.004075436,Pisonia,,,,,
BB_RR2_May,0.079471008,Pittosporum,,,,,
BB_RR2_May,0.007132014,Plagiomnium,,,,,
BB_RR2_May,0.003056577,Plantago,,,,,
BB_RR2_May,0.004075436,Platanus,,,,,
BB_RR2_May,0.021396041,Poa,,,,,
BB_RR2_May,0.002037718,Polygala,,,,,
BB_RR2_May,0.004075436,Polyscias,,,,,
BB_RR2_May,0.001018859,Populus,,,,,
BB_RR2_May,0.94244465,Poupartia,,,,,
BB_RR2_May,0.002037718,Protium,,,,,
BB_RR2_May,0.030565772,Prunus,,,,,
BB_RR2_May,0.001018859,Pseudopanax,,,,,
BB_RR2_May,0.015282886,Pycnanthemum,,,,,
BB_RR2_May,0.268978798,Quercus,,,,,
BB_RR2_May,0.001018859,Reynosia,,,,,
BB_RR2_May,0.371883565,Rhododendron,,,,,
BB_RR2_May,0.068263558,Ribes,,,,,
BB_RR2_May,0.001018859,Robinia,,,,,
BB_RR2_May,0.001018859,Rogiera,,,,,
BB_RR2_May,0.021396041,Rosa,,,,,
BB_RR2_May,0.003056577,Rubus,,,,,
BB_RR2_May,0.015282886,Salix,,,,,
BB_RR2_May,0.001018859,Salpiglossis,,,,,
BB_RR2_May,0.002037718,Sanicula,,,,,
BB_RR2_May,0.003056577,Sarcococca,,,,,
BB_RR2_May,0.001018859,Saxifraga,,,,,
BB_RR2_May,0.002037718,Scaevola,,,,,
BB_RR2_May,0.001018859,Securigera,,,,,
BB_RR2_May,0.001018859,Seguieria,,,,,
BB_RR2_May,0.001018859,Senecio,,,,,
BB_RR2_May,0.012226309,Senegalia,,,,,
BB_RR2_May,0.001018859,Sidalcea,,,,,
BB_RR2_May,0.017320604,Sinocrassula,,,,,
BB_RR2_May,0.110036781,Solanum,,,,,
BB_RR2_May,0.001018859,Sorbus,,,,,
BB_RR2_May,0.002037718,Sphaerorrhiza,,,,,
BB_RR2_May,0.001018859,Sphyrospermum,,,,,
BB_RR2_May,0.001018859,Stachys,,,,,
BB_RR2_May,0.001018859,Stackhousia,,,,,
BB_RR2_May,0.001018859,Streptocarpus,,,,,
BB_RR2_May,0.001018859,Tainia,,,,,
BB_RR2_May,0.002037718,Tapirira,,,,,
BB_RR2_May,0.001018859,Tepuia,,,,,
BB_RR2_May,0.005094295,Thamnea,,,,,
BB_RR2_May,0.001018859,Thapsia,,,,,
BB_RR2_May,0.005094295,Tilia,,,,,
BB_RR2_May,0.002037718,Torminalis,,,,,
BB_RR2_May,0.021396041,Trattinnickia,,,,,
BB_RR2_May,0.001018859,Trema,,,,,
BB_RR2_May,0.002037718,Trevesia,,,,,
BB_RR2_May,0.002037718,Trichilia,,,,,
BB_RR2_May,0.001018859,Trichoscypha,,,,,
BB_RR2_May,0.003056577,Trifolium,,,,,
BB_RR2_May,0.003056577,Triosteum,,,,,
BB_RR2_May,0.001018859,Tulipa,,,,,
BB_RR2_May,0.068263558,Tzeltalia,,,,,
BB_RR2_May,0.001018859,Ungeria,,,,,
BB_RR2_May,0.001018859,Urmenetea,,,,,
BB_RR2_May,3.973550418,Vaccinium,,,,,
BB_RR2_May,0.666333839,Vepris,,,,,
BB_RR2_May,0.017320604,Vernicia,,,,,
BB_RR2_May,0.004075436,Viburnum,,,,,
BB_RR2_May,0.003056577,Virectaria,,,,,
BB_RR2_May,0.002037718,Vitex,,,,,
BB_RR2_May,0.002037718,Zenobia,,,,,
BB_RR2_May,0.002037718,Zostera,,,,,
BB_RS_April,0.001061199,Acaena,,,,,
BB_RS_April,0.014856791,Acanthocalyx,,,,,
BB_RS_April,2.071461165,Acer,,,,,
BB_RS_April,0.012734392,Achimenes,,,,,
BB_RS_April,0.001061199,Acleisanthes,,,,,
BB_RS_April,0.001061199,Acrosynanthus,,,,,
BB_RS_April,0.001061199,Adesmia,,,,,
BB_RS_April,0.002122399,Aesculus,,,,,
BB_RS_April,0.001061199,Agalinis,,,,,
BB_RS_April,0.006367196,Agastache,,,,,
BB_RS_April,0.001061199,Agonandra,,,,,
BB_RS_April,0.059427165,Alliaria,,,,,
BB_RS_April,0.078528753,Alnus,,,,,
BB_RS_April,0.008489595,Althaea,,,,,
BB_RS_April,0.001061199,Alyssum,,,,,
BB_RS_April,0.001061199,Ammodaucus,,,,,
BB_RS_April,0.001061199,Anagallis,,,,,
BB_RS_April,0.002122399,Antopetitia,,,,,
BB_RS_April,0.053059968,Aralia,,,,,
BB_RS_April,0.568802861,Archihyoscyamus,,,,,
BB_RS_April,0.002122399,Arenaria,,,,,
BB_RS_April,0.004244797,Asteranthera,,,,,
BB_RS_April,0.002122399,Astropanax,,,,,
BB_RS_April,0.001061199,Astrotrichilia,,,,,
BB_RS_April,0.007428396,Ateleia,,,,,
BB_RS_April,0.001061199,Atriplex,,,,,
BB_RS_April,0.002122399,Auranticarpa,,,,,
BB_RS_April,0.008489595,Austrocallerya,,,,,
BB_RS_April,0.002122399,Bacopa,,,,,
BB_RS_April,0.002122399,Baliospermum,,,,,
BB_RS_April,0.001061199,Ballota,,,,,
BB_RS_April,0.139017117,Barbarea,,,,,
BB_RS_April,0.001061199,Belemia,,,,,
BB_RS_April,0.007428396,Bellonia,,,,,
BB_RS_April,0.556068469,Berberis,,,,,
BB_RS_April,0.004244797,Bertiera,,,,,
BB_RS_April,0.001061199,Betonica,,,,,
BB_RS_April,4.3625906,Betula,,,,,
BB_RS_April,0.980548216,Brandisia,,,,,
BB_RS_April,0.002122399,Brassica,,,,,
BB_RS_April,0.001061199,Brunia,,,,,
BB_RS_April,0.001061199,Buckleya,,,,,
BB_RS_April,0.001061199,Buddleja,,,,,
BB_RS_April,0.008489595,Bupleurum,,,,,
BB_RS_April,0.002122399,Bursera,,,,,
BB_RS_April,0.002122399,Calceolaria,,,,,
BB_RS_April,0.001061199,Calibrachoa,,,,,
BB_RS_April,0.001061199,Calliphysalis,,,,,
BB_RS_April,0.001061199,Calophyllum,,,,,
BB_RS_April,0.002122399,Calyculogygas,,,,,
BB_RS_April,0.002122399,Cannabis,,,,,
BB_RS_April,0.001061199,Cantinoa,,,,,
BB_RS_April,0.003183598,Capsella,,,,,
BB_RS_April,0.001061199,Capsicum,,,,,
BB_RS_April,0.001061199,Caragana,,,,,
BB_RS_April,0.001061199,Carapichea,,,,,
BB_RS_April,0.001061199,Cardamine,,,,,
BB_RS_April,0.001061199,Carex,,,,,
BB_RS_April,0.002122399,Caroxylon,,,,,
BB_RS_April,0.006367196,Carpinus,,,,,
BB_RS_April,0.009550794,Carya,,,,,
BB_RS_April,0.008489595,Castanea,,,,,
BB_RS_April,0.002122399,Catesbaea,,,,,
BB_RS_April,0.001061199,Caulanthus,,,,,
BB_RS_April,0.213301073,Celastrus,,,,,
BB_RS_April,0.002122399,Celtis,,,,,
BB_RS_April,0.001061199,Centrosolenia,,,,,
BB_RS_April,0.010611994,Cercis,,,,,
BB_RS_April,0.001061199,Chamaecrista,,,,,
BB_RS_April,0.001061199,Chamaedaphne,,,,,
BB_RS_April,0.004244797,Chelidonium,,,,,
BB_RS_April,0.004244797,Chomelia,,,,,
BB_RS_April,0.001061199,Chrysopogon,,,,,
BB_RS_April,0.001061199,Cicer,,,,,
BB_RS_April,0.003183598,Cinnamomum,,,,,
BB_RS_April,0.094446744,Citharexylum,,,,,
BB_RS_April,0.001061199,Clethra,,,,,
BB_RS_April,0.004244797,Clinopodium,,,,,
BB_RS_April,0.003183598,Coffea,,,,,
BB_RS_April,0.001061199,Coincya,,,,,
BB_RS_April,0.011673193,Colombobalanus,,,,,
BB_RS_April,0.001061199,Combretocarpus,,,,,
BB_RS_April,0.001061199,Combretum,,,,,
BB_RS_April,0.002122399,Convolvulus,,,,,
BB_RS_April,0.002122399,Cordylanthus,,,,,
BB_RS_April,0.006367196,Cornus,,,,,
BB_RS_April,0.001061199,Corylopsis,,,,,
BB_RS_April,0.001061199,Costera,,,,,
BB_RS_April,0.001061199,Couepia,,,,,
BB_RS_April,0.006367196,Craibiodendron,,,,,
BB_RS_April,0.002122399,Crassa,,,,,
BB_RS_April,0.160241104,Crataegus,,,,,
BB_RS_April,0.004244797,Cremosperma,,,,,
BB_RS_April,0.011673193,Croton,,,,,
BB_RS_April,0.001061199,Cubanola,,,,,
BB_RS_April,0.001061199,Cuminum,,,,,
BB_RS_April,0.009550794,Cunila,,,,,
BB_RS_April,0.001061199,Cuphea,,,,,
BB_RS_April,3.951906445,Cuscuta,,,,,
BB_RS_April,0.001061199,Cyclamen,,,,,
BB_RS_April,0.003183598,Cymbalaria,,,,,
BB_RS_April,0.002122399,Cynoglossum,,,,,
BB_RS_April,0.003183598,Daphniphyllum,,,,,
BB_RS_April,0.001061199,Dauphinea,,,,,
BB_RS_April,0.004244797,Deinbollia,,,,,
BB_RS_April,0.001061199,Depanthus,,,,,
BB_RS_April,0.004244797,Diospyros,,,,,
BB_RS_April,0.001061199,Diplacus,,,,,
BB_RS_April,0.001061199,Diplycosia,,,,,
BB_RS_April,0.006367196,Dipsacus,,,,,
BB_RS_April,0.141139516,Disterigma,,,,,
BB_RS_April,0.002122399,Dolichlasium,,,,,
BB_RS_April,0.001061199,Donatia,,,,,
BB_RS_April,0.003183598,Dorstenia,,,,,
BB_RS_April,0.001061199,Draba,,,,,
BB_RS_April,0.002122399,Dracocephalum,,,,,
BB_RS_April,0.008489595,Drepanocaryum,,,,,
BB_RS_April,0.002122399,Ducrosia,,,,,
BB_RS_April,0.259993845,Elaeagnus,,,,,
BB_RS_April,0.015917991,Eleutherococcus,,,,,
BB_RS_April,0.003183598,Elytraria,,,,,
BB_RS_April,0.002122399,Empetrum,,,,,
BB_RS_April,0.001061199,Engelhardia,,,,,
BB_RS_April,0.004244797,Eremophila,,,,,
BB_RS_April,0.001061199,Erica,,,,,
BB_RS_April,0.008489595,Eriodictyon,,,,,
BB_RS_April,0.003183598,Eriope,,,,,
BB_RS_April,0.002122399,Erysimum,,,,,
BB_RS_April,0.001061199,Erythranthe,,,,,
BB_RS_April,0.002122399,Eucommia,,,,,
BB_RS_April,0.002122399,Eucrypta,,,,,
BB_RS_April,0.001061199,Eumachia,,,,,
BB_RS_April,0.001061199,Euphorbia,,,,,
BB_RS_April,0.005305997,Euphronia,,,,,
BB_RS_April,0.010611994,Fagus,,,,,
BB_RS_April,0.006367196,Fatsia,,,,,
BB_RS_April,0.007428396,Ficus,,,,,
BB_RS_April,0.002122399,Fleroya,,,,,
BB_RS_April,0.001061199,Foeniculum,,,,,
BB_RS_April,0.001061199,Forstera,,,,,
BB_RS_April,0.001061199,Forsythia,,,,,
BB_RS_April,0.004244797,Fragaria,,,,,
BB_RS_April,0.003183598,Fraxinus,,,,,
BB_RS_April,0.005305997,Freylinia,,,,,
BB_RS_April,0.001061199,Gagea,,,,,
BB_RS_April,0.001061199,Galium,,,,,
BB_RS_April,0.019101589,Gaultheria,,,,,
BB_RS_April,0.877611877,Gaylussacia,,,,,
BB_RS_April,0.006367196,Gentiana,,,,,
BB_RS_April,0.081712351,Geophila,,,,,
BB_RS_April,0.003183598,Geranium,,,,,
BB_RS_April,0.001061199,Gesneria,,,,,
BB_RS_April,0.027591184,Geum,,,,,
BB_RS_April,0.001061199,Giliastrum,,,,,
BB_RS_April,0.001061199,Glandularia,,,,,
BB_RS_April,0.002122399,Glechoma,,,,,
BB_RS_April,0.008489595,Gleditsia,,,,,
BB_RS_April,0.002122399,Gmelina,,,,,
BB_RS_April,0.027591184,Gomphostemma,,,,,
BB_RS_April,0.001061199,Gonocarpus,,,,,
BB_RS_April,0.008489595,Gontscharovia,,,,,
BB_RS_April,0.002122399,Goodenia,,,,,
BB_RS_April,0.002122399,Goodia,,,,,
BB_RS_April,0.002122399,Grabowskia,,,,,
BB_RS_April,0.001061199,Greuteria,,,,,
BB_RS_April,0.001061199,Gypothamnium,,,,,
BB_RS_April,0.001061199,Halocharis,,,,,
BB_RS_April,0.001061199,Handroanthus,,,,,
BB_RS_April,0.018040389,Harveya,,,,,
BB_RS_April,0.118854329,Hedera,,,,,
BB_RS_April,0.001061199,Heracleum,,,,,
BB_RS_April,0.002122399,Hesperis,,,,,
BB_RS_April,0.001061199,Hierobotana,,,,,
BB_RS_April,0.001061199,Hirtella,,,,,
BB_RS_April,0.002122399,Hoehnea,,,,,
BB_RS_April,0.003183598,Hovenia,,,,,
BB_RS_April,0.003183598,Howellia,,,,,
BB_RS_April,0.005305997,Humulus,,,,,
BB_RS_April,0.001061199,Hybanthus,,,,,
BB_RS_April,0.001061199,Hylenaea,,,,,
BB_RS_April,0.004244797,Hylotelephium,,,,,
BB_RS_April,0.062610763,Hyobanche,,,,,
BB_RS_April,0.001061199,Hyoscyamus,,,,,
BB_RS_April,0.012734392,Hypenia,,,,,
BB_RS_April,0.08383475,Hypericum,,,,,
BB_RS_April,0.010611994,Hyptis,,,,,
BB_RS_April,0.002122399,Ilex,,,,,
BB_RS_April,0.003183598,Indigofera,,,,,
BB_RS_April,0.002122399,Ipomoea,,,,,
BB_RS_April,0.159179905,Iris,,,,,
BB_RS_April,0.001061199,Isertia,,,,,
BB_RS_April,0.006367196,Isodon,,,,,
BB_RS_April,0.003183598,Jacquemontia,,,,,
BB_RS_April,0.010611994,Jaltomata,,,,,
BB_RS_April,0.002122399,Jatropha,,,,,
BB_RS_April,0.002122399,Joosia,,,,,
BB_RS_April,0.001061199,Junellia,,,,,
BB_RS_April,0.001061199,Justicia,,,,,
BB_RS_April,0.001061199,Knautia,,,,,
BB_RS_April,0.001061199,Koehneria,,,,,
BB_RS_April,0.001061199,Koenigia,,,,,
BB_RS_April,0.002122399,Kohleria,,,,,
BB_RS_April,0.132649921,Kolkwitzia,,,,,
BB_RS_April,0.002122399,Krameria,,,,,
BB_RS_April,0.001061199,Lagotis,,,,,
BB_RS_April,28.29051394,Lamium,,,,,
BB_RS_April,0.002122399,Lantana,,,,,
BB_RS_April,0.001061199,Lasianthus,,,,,
BB_RS_April,0.001061199,Lasiodiscus,,,,,
BB_RS_April,0.006367196,Lembocarpus,,,,,
BB_RS_April,0.001061199,Lepidium,,,,,
BB_RS_April,0.001061199,Leptoglossis,,,,,
BB_RS_April,0.002122399,Lespedeza,,,,,
BB_RS_April,0.001061199,Leucaena,,,,,
BB_RS_April,0.001061199,Ligularia,,,,,
BB_RS_April,0.001061199,Lindenbergia,,,,,
BB_RS_April,0.001061199,Lindleya,,,,,
BB_RS_April,0.001061199,Lingelsheimia,,,,,
BB_RS_April,0.007428396,Liparophyllum,,,,,
BB_RS_April,0.003183598,Liriodendron,,,,,
BB_RS_April,0.001061199,Lithospermum,,,,,
BB_RS_April,0.001061199,Lobelia,,,,,
BB_RS_April,0.001061199,Lomatium,,,,,
BB_RS_April,24.11363323,Lonicera,,,,,
BB_RS_April,0.001061199,Lophozonia,,,,,
BB_RS_April,0.006367196,Lotus,,,,,
BB_RS_April,0.001061199,Ludwigia,,,,,
BB_RS_April,0.001061199,Luina,,,,,
BB_RS_April,0.011673193,Lycopus,,,,,
BB_RS_April,0.001061199,Lysipomia,,,,,
BB_RS_April,0.028652383,Lythrum,,,,,
BB_RS_April,0.005305997,Maackia,,,,,
BB_RS_April,0.001061199,Macaranga,,,,,
BB_RS_April,0.004244797,Mackinlaya,,,,,
BB_RS_April,0.001061199,Magnoliophyta,,,,,
BB_RS_April,0.004244797,Maingaya,,,,,
BB_RS_April,0.001061199,Maireana,,,,,
BB_RS_April,0.097630342,Malacomeles,,,,,
BB_RS_April,1.566330266,Malus,,,,,
BB_RS_April,0.001061199,Mammea,,,,,
BB_RS_April,0.001061199,Marcetella,,,,,
BB_RS_April,0.001061199,Matudaea,,,,,
BB_RS_April,0.003183598,Maytenus,,,,,
BB_RS_April,0.08383475,Mazus,,,,,
BB_RS_April,0.001061199,Melanosciadium,,,,,
BB_RS_April,0.005305997,Melasma,,,,,
BB_RS_April,0.002122399,Mentzelia,,,,,
BB_RS_April,0.001061199,Meryta,,,,,
BB_RS_April,0.007428396,Mesosphaerum,,,,,
BB_RS_April,0.001061199,Mespilus,,,,,
BB_RS_April,0.001061199,Mimusops,,,,,
BB_RS_April,0.002122399,Misopates,,,,,
BB_RS_April,0.015917991,Monttea,,,,,
BB_RS_April,0.019101589,Morella,,,,,
BB_RS_April,0.001061199,Mulguraea,,,,,
BB_RS_April,0.002122399,Mussaenda,,,,,
BB_RS_April,0.005305997,Myoporum,,,,,
BB_RS_April,0.001061199,Myosurus,,,,,
BB_RS_April,0.001061199,Myriophyllum,,,,,
BB_RS_April,0.043509174,Myrmeconauclea,,,,,
BB_RS_April,0.001061199,Myrospermum,,,,,
BB_RS_April,0.001061199,Napeanthus,,,,,
BB_RS_April,0.007428396,Neobeguea,,,,,
BB_RS_April,0.001061199,Neoschumannia,,,,,
BB_RS_April,0.633536022,Nicotiana,,,,,
BB_RS_April,0.002122399,Nierembergia,,,,,
BB_RS_April,0.001061199,Nissolia,,,,,
BB_RS_April,0.003183598,Nyssa,,,,,
BB_RS_April,0.001061199,Oemleria,,,,,
BB_RS_April,0.001061199,Ophiopogon,,,,,
BB_RS_April,0.002122399,Orostachys,,,,,
BB_RS_April,0.005305997,Osmoxylon,,,,,
BB_RS_April,0.001061199,Ostericum,,,,,
BB_RS_April,0.020162788,Ostrearia,,,,,
BB_RS_April,0.01697919,Ostrya,,,,,
BB_RS_April,0.001061199,Oxera,,,,,
BB_RS_April,0.028652383,Ozoroa,,,,,
BB_RS_April,0.001061199,Paliurus,,,,,
BB_RS_April,0.002122399,Panax,,,,,
BB_RS_April,0.008489595,Papaver,,,,,
BB_RS_April,0.002122399,Parodianthus,,,,,
BB_RS_April,0.006367196,Pedicularis,,,,,
BB_RS_April,0.004244797,Peltodon,,,,,
BB_RS_April,0.003183598,Peltogyne,,,,,
BB_RS_April,0.007428396,Pennantia,,,,,
BB_RS_April,0.008489595,Peperomia,,,,,
BB_RS_April,0.004244797,Petrocodon,,,,,
BB_RS_April,0.007428396,Phaseolus,,,,,
BB_RS_April,0.001061199,Phippsiomeles,,,,,
BB_RS_April,0.002122399,Phlomis,,,,,
BB_RS_April,0.005305997,Phlomoides,,,,,
BB_RS_April,0.001061199,Pholistoma,,,,,
BB_RS_April,0.063671962,Photinia,,,,,
BB_RS_April,0.001061199,Phylica,,,,,
BB_RS_April,0.001061199,Phyllanthus,,,,,
BB_RS_April,0.013795592,Physalis,,,,,
BB_RS_April,0.001061199,Physospermopsis,,,,,
BB_RS_April,0.003183598,Phytolacca,,,,,
BB_RS_April,0.002122399,Pieris,,,,,
BB_RS_April,0.002122399,Pilea,,,,,
BB_RS_April,0.002122399,Piloblephis,,,,,
BB_RS_April,0.005305997,Pinus,,,,,
BB_RS_April,0.014856791,Pittosporum,,,,,
BB_RS_April,0.003183598,Pityrodia,,,,,
BB_RS_April,0.003183598,Plagiomnium,,,,,
BB_RS_April,0.005305997,Plantago,,,,,
BB_RS_April,0.012734392,Platanus,,,,,
BB_RS_April,0.003183598,Pleuricospora,,,,,
BB_RS_April,0.001061199,Pleurospermum,,,,,
BB_RS_April,0.002122399,Poa,,,,,
BB_RS_April,0.001061199,Pogostemon,,,,,
BB_RS_April,0.003183598,Polycnemum,,,,,
BB_RS_April,0.008489595,Polyscias,,,,,
BB_RS_April,0.001061199,Populus,,,,,
BB_RS_April,0.001061199,Posoqueria,,,,,
BB_RS_April,0.003183598,Pouteria,,,,,
BB_RS_April,0.014856791,Prasium,,,,,
BB_RS_April,3.05307058,Prunus,,,,,
BB_RS_April,0.002122399,Psychotria,,,,,
BB_RS_April,0.002122399,Psylliostachys,,,,,
BB_RS_April,0.001061199,Pycnandra,,,,,
BB_RS_April,0.005305997,Pycnanthemum,,,,,
BB_RS_April,0.005305997,Pyrus,,,,,
BB_RS_April,0.857449089,Quercus,,,,,
BB_RS_April,0.003183598,Ranunculus,,,,,
BB_RS_April,0.001061199,Raukaua,,,,,
BB_RS_April,0.001061199,Reynosia,,,,,
BB_RS_April,0.001061199,Rhaphiodon,,,,,
BB_RS_April,0.001061199,Rhaponticum,,,,,
BB_RS_April,0.099752741,Rhododendron,,,,,
BB_RS_April,0.001061199,Rhoiptelea,,,,,
BB_RS_April,0.029713582,Ribes,,,,,
BB_RS_April,0.001061199,Roella,,,,,
BB_RS_April,0.008489595,Rosa,,,,,
BB_RS_April,0.054121168,Rubus,,,,,
BB_RS_April,0.001061199,Rufodorsia,,,,,
BB_RS_April,0.001061199,Rumex,,,,,
BB_RS_April,0.008489595,Salix,,,,,
BB_RS_April,0.065794361,Salvia,,,,,
BB_RS_April,0.076406354,Sambucus,,,,,
BB_RS_April,0.002122399,Sanicula,,,,,
BB_RS_April,0.005305997,Scaevola,,,,,
BB_RS_April,0.006367196,Securigera,,,,,
BB_RS_April,0.002122399,Seguieria,,,,,
BB_RS_April,0.007428396,Senecio,,,,,
BB_RS_April,0.037141978,Senegalia,,,,,
BB_RS_April,0.001061199,Senna,,,,,
BB_RS_April,0.002122399,Sidalcea,,,,,
BB_RS_April,0.004244797,Sideritis,,,,,
BB_RS_April,0.002122399,Silene,,,,,
BB_RS_April,0.006367196,Sinningia,,,,,
BB_RS_April,0.007428396,Sinocrassula,,,,,
BB_RS_April,0.002122399,Sixalix,,,,,
BB_RS_April,0.002122399,Sloanea,,,,,
BB_RS_April,0.005305997,Sobolewskia,,,,,
BB_RS_April,0.373542177,Solanum,,,,,
BB_RS_April,0.020162788,Sorbus,,,,,
BB_RS_April,0.002122399,Spathacanthus,,,,,
BB_RS_April,0.001061199,Sphaerorrhiza,,,,,
BB_RS_April,0.004244797,Spiraea,,,,,
BB_RS_April,0.162363503,Stachys,,,,,
BB_RS_April,0.002122399,Stellaria,,,,,
BB_RS_April,0.001061199,Streptocarpus,,,,,
BB_RS_April,0.001061199,Styphelia,,,,,
BB_RS_April,0.001061199,Suaeda,,,,,
BB_RS_April,0.001061199,Succisa,,,,,
BB_RS_April,0.018040389,Suregada,,,,,
BB_RS_April,0.002122399,Symphoricarpos,,,,,
BB_RS_April,0.001061199,Tapiphyllum,,,,,
BB_RS_April,0.004244797,Tara,,,,,
BB_RS_April,0.03395838,Taraxacum,,,,,
BB_RS_April,0.001061199,Tecticornia,,,,,
BB_RS_April,0.001061199,Tetrapanax,,,,,
BB_RS_April,0.001061199,Teucrium,,,,,
BB_RS_April,0.002122399,Thalictrum,,,,,
BB_RS_April,0.008489595,Thamnea,,,,,
BB_RS_April,0.001061199,Thapsia,,,,,
BB_RS_April,0.001061199,Tilia,,,,,
BB_RS_April,0.051998769,Torminalis,,,,,
BB_RS_April,0.001061199,Tovomitopsis,,,,,
BB_RS_April,0.011673193,Toxicodendron,,,,,
BB_RS_April,0.061549563,Trevesia,,,,,
BB_RS_April,0.001061199,Tricardia,,,,,
BB_RS_April,0.001061199,Trichilia,,,,,
BB_RS_April,0.002122399,Trichodrymonia,,,,,
BB_RS_April,0.007428396,Trifolium,,,,,
BB_RS_April,0.001061199,Trigonella,,,,,
BB_RS_April,0.051998769,Triosteum,,,,,
BB_RS_April,0.001061199,Trymalium,,,,,
BB_RS_April,0.002122399,Tsuga,,,,,
BB_RS_April,0.002122399,Tylosema,,,,,
BB_RS_April,0.325788206,Tzeltalia,,,,,
BB_RS_April,4.184309106,Vaccinium,,,,,
BB_RS_April,0.001061199,Vangueria,,,,,
BB_RS_April,0.001061199,Vasconcellea,,,,,
BB_RS_April,11.36862882,Veronica,,,,,
BB_RS_April,7.643819044,Viburnum,,,,,
BB_RS_April,0.047753972,Viola,,,,,
BB_RS_April,0.007428396,Vitex,,,,,
BB_RS_April,0.001061199,Volkameria,,,,,
BB_RS_April,0.002122399,Westringia,,,,,
BB_RS_April,0.001061199,Xanthophytum,,,,,
BB_RS_April,0.002122399,Zabelia,,,,,
BB_RS_April,0.001061199,Zenobia,,,,,
BB_RS_April,0.001061199,Zostera,,,,,
BB_Scotia_May,0.000817628,Abelia,,,,,
BB_Scotia_May,0.000817628,Acacia,,,,,
BB_Scotia_May,0.003270512,Acaena,,,,,
BB_Scotia_May,0.062957361,Acanthocalyx,,,,,
BB_Scotia_May,0.014717305,Acer,,,,,
BB_Scotia_May,0.003270512,Achimenes,,,,,
BB_Scotia_May,0.001635256,Acrosynanthus,,,,,
BB_Scotia_May,0.000817628,Adelia,,,,,
BB_Scotia_May,0.000817628,Adesmia,,,,,
BB_Scotia_May,0.000817628,Aesculus,,,,,
BB_Scotia_May,0.000817628,Aganope,,,,,
BB_Scotia_May,0.000817628,Agonandra,,,,,
BB_Scotia_May,0.001635256,Ailanthus,,,,,
BB_Scotia_May,0.000817628,Alangium,,,,,
BB_Scotia_May,0.002452884,Alkekengi,,,,,
BB_Scotia_May,0.00408814,Alliaria,,,,,
BB_Scotia_May,0.006541024,Alnus,,,,,
BB_Scotia_May,0.000817628,Althaea,,,,,
BB_Scotia_May,0.012264421,Ammodaucus,,,,,
BB_Scotia_May,0.000817628,Amphidasya,,,,,
BB_Scotia_May,0.002452884,Anadenanthera,,,,,
BB_Scotia_May,0.005723396,Anemone,,,,,
BB_Scotia_May,0.000817628,Angelica,,,,,
BB_Scotia_May,0.000817628,Anisophyllea,,,,,
BB_Scotia_May,0.000817628,Anthoxanthum,,,,,
BB_Scotia_May,0.001635256,Anthyllis,,,,,
BB_Scotia_May,0.002452884,Antopetitia,,,,,
BB_Scotia_May,0.001635256,Aphananthe,,,,,
BB_Scotia_May,0.003270512,Aquilegia,,,,,
BB_Scotia_May,0.056416336,Aralia,,,,,
BB_Scotia_May,0.00408814,Archihyoscyamus,,,,,
BB_Scotia_May,0.000817628,Argophyllum,,,,,
BB_Scotia_May,0.000817628,Aristolochia,,,,,
BB_Scotia_May,8.052001145,Aronia,,,,,
BB_Scotia_May,0.000817628,Arracacia,,,,,
BB_Scotia_May,0.000817628,Artocarpus,,,,,
BB_Scotia_May,0.000817628,Asarum,,,,,
BB_Scotia_May,0.001635256,Astragalus,,,,,
BB_Scotia_May,0.005723396,Ateleia,,,,,
BB_Scotia_May,0.000817628,Atraphaxis,,,,,
BB_Scotia_May,0.000817628,Atriplex,,,,,
BB_Scotia_May,0.000817628,Aureliana,,,,,
BB_Scotia_May,0.000817628,Austrocallerya,,,,,
BB_Scotia_May,0.285352193,Azara,,,,,
BB_Scotia_May,0.00408814,Baliospermum,,,,,
BB_Scotia_May,0.002452884,Ballota,,,,,
BB_Scotia_May,0.009811537,Barbarea,,,,,
BB_Scotia_May,0.000817628,Behaimia,,,,,
BB_Scotia_May,0.001635256,Bellonia,,,,,
BB_Scotia_May,0.001635256,Bertiera,,,,,
BB_Scotia_May,0.005723396,Berula,,,,,
BB_Scotia_May,0.303340011,Betula,,,,,
BB_Scotia_May,0.002452884,Bocoa,,,,,
BB_Scotia_May,0.000817628,Bonyunia,,,,,
BB_Scotia_May,0.001635256,Borya,,,,,
BB_Scotia_May,0.136543886,Brandisia,,,,,
BB_Scotia_May,0.000817628,Brassica,,,,,
BB_Scotia_May,0.000817628,Brunfelsia,,,,,
BB_Scotia_May,0.000817628,Brunia,,,,,
BB_Scotia_May,0.000817628,Buchenavia,,,,,
BB_Scotia_May,0.000817628,Bupleurum,,,,,
BB_Scotia_May,0.007358653,Bursaria,,,,,
BB_Scotia_May,0.001635256,Bursera,,,,,
BB_Scotia_May,0.001635256,Buxus,,,,,
BB_Scotia_May,0.000817628,Byblis,,,,,
BB_Scotia_May,0.003270512,Caamembeca,,,,,
BB_Scotia_May,0.000817628,Callerya,,,,,
BB_Scotia_May,0.001635256,Calliphysalis,,,,,
BB_Scotia_May,0.000817628,Calpurnia,,,,,
BB_Scotia_May,0.000817628,Calyculogygas,,,,,
BB_Scotia_May,0.000817628,Campylosiphon,,,,,
BB_Scotia_May,0.000817628,Canella,,,,,
BB_Scotia_May,0.001635256,Cannabis,,,,,
BB_Scotia_May,0.001635256,Canthium,,,,,
BB_Scotia_May,0.000817628,Capsicum,,,,,
BB_Scotia_May,0.000817628,Carapa,,,,,
BB_Scotia_May,0.000817628,Carex,,,,,
BB_Scotia_May,0.001635256,Carpodetus,,,,,
BB_Scotia_May,0.007358653,Carya,,,,,
BB_Scotia_May,0.000817628,Casasia,,,,,
BB_Scotia_May,0.000817628,Cassytha,,,,,
BB_Scotia_May,0.000817628,Castanea,,,,,
BB_Scotia_May,0.000817628,Castanopsis,,,,,
BB_Scotia_May,0.000817628,Cedronella,,,,,
BB_Scotia_May,0.100568252,Celastrus,,,,,
BB_Scotia_May,0.018805445,Celtis,,,,,
BB_Scotia_May,0.001635256,Centaurea,,,,,
BB_Scotia_May,0.007358653,Cercis,,,,,
BB_Scotia_May,0.009811537,Cestrum,,,,,
BB_Scotia_May,0.00408814,Chamaecrista,,,,,
BB_Scotia_May,0.000817628,Chelidonium,,,,,
BB_Scotia_May,0.000817628,Chelonopsis,,,,,
BB_Scotia_May,0.000817628,Chlorella,,,,,
BB_Scotia_May,0.001635256,Choerospondias,,,,,
BB_Scotia_May,0.000817628,Chrysolepis,,,,,
BB_Scotia_May,0.000817628,Chrysophyllum,,,,,
BB_Scotia_May,0.000817628,Chuquiraga,,,,,
BB_Scotia_May,0.008993909,Cicer,,,,,
BB_Scotia_May,0.003270512,Cinnamomum,,,,,
BB_Scotia_May,0.003270512,Citharexylum,,,,,
BB_Scotia_May,0.00408814,Cladrastis,,,,,
BB_Scotia_May,0.000817628,Cleome,,,,,
BB_Scotia_May,0.00408814,Cliffortia,,,,,
BB_Scotia_May,0.000817628,Climacoptera,,,,,
BB_Scotia_May,0.001635256,Clinopodium,,,,,
BB_Scotia_May,0.001635256,Cocculus,,,,,
BB_Scotia_May,0.002452884,Coffea,,,,,
BB_Scotia_May,0.000817628,Colea,,,,,
BB_Scotia_May,0.010629165,Coleogyne,,,,,
BB_Scotia_May,0.012264421,Colombobalanus,,,,,
BB_Scotia_May,0.000817628,Coluria,,,,,
BB_Scotia_May,0.000817628,Combretocarpus,,,,,
BB_Scotia_May,0.009811537,Combretum,,,,,
BB_Scotia_May,0.002452884,Coptis,,,,,
BB_Scotia_May,0.197048363,Cornus,,,,,
BB_Scotia_May,0.000817628,Coronilla,,,,,
BB_Scotia_May,0.000817628,Cotoneaster,,,,,
BB_Scotia_May,0.000817628,Cotyledon,,,,,
BB_Scotia_May,0.047422428,Crataegus,,,,,
BB_Scotia_May,0.000817628,Cremosperma,,,,,
BB_Scotia_May,0.000817628,Crocus,,,,,
BB_Scotia_May,0.000817628,Crotalaria,,,,,
BB_Scotia_May,0.000817628,Croton,,,,,
BB_Scotia_May,0.000817628,Cryptantha,,,,,
BB_Scotia_May,0.003270512,Cunila,,,,,
BB_Scotia_May,0.000817628,Cuphea,,,,,
BB_Scotia_May,5.321941049,Cuscuta,,,,,
BB_Scotia_May,0.000817628,Cyclamen,,,,,
BB_Scotia_May,0.000817628,Cyclea,,,,,
BB_Scotia_May,0.000817628,Cynoglossum,,,,,
BB_Scotia_May,0.000817628,Damburneya,,,,,
BB_Scotia_May,0.000817628,Dasymaschalon,,,,,
BB_Scotia_May,0.001635256,Deinbollia,,,,,
BB_Scotia_May,0.000817628,Delarbrea,,,,,
BB_Scotia_May,0.004905768,Delphinium,,,,,
BB_Scotia_May,0.000817628,Dendrotrophe,,,,,
BB_Scotia_May,0.001635256,Depanthus,,,,,
BB_Scotia_May,0.000817628,Dictyostega,,,,,
BB_Scotia_May,0.001635256,Digitalis,,,,,
BB_Scotia_May,0.000817628,Diospyros,,,,,
BB_Scotia_May,0.000817628,Diplacus,,,,,
BB_Scotia_May,0.001635256,Diploclisia,,,,,
BB_Scotia_May,0.001635256,Dipsacus,,,,,
BB_Scotia_May,0.000817628,Disporum,,,,,
BB_Scotia_May,0.000817628,Distimake,,,,,
BB_Scotia_May,0.001635256,Docynia,,,,,
BB_Scotia_May,0.000817628,Dorycnopsis,,,,,
BB_Scotia_May,0.003270512,Dracocephalum,,,,,
BB_Scotia_May,0.000817628,Drosera,,,,,
BB_Scotia_May,0.000817628,Durio,,,,,
BB_Scotia_May,0.087486203,Ebenopsis,,,,,
BB_Scotia_May,0.000817628,Ekimia,,,,,
BB_Scotia_May,1.521605822,Elaeagnus,,,,,
BB_Scotia_May,0.008176281,Eleutherococcus,,,,,
BB_Scotia_May,0.002452884,Elytraria,,,,,
BB_Scotia_May,0.00408814,Enemion,,,,,
BB_Scotia_May,0.000817628,Eragrostis,,,,,
BB_Scotia_May,0.000817628,Eremocarya,,,,,
BB_Scotia_May,0.000817628,Eremophila,,,,,
BB_Scotia_May,0.000817628,Erica,,,,,
BB_Scotia_May,0.001635256,Erigeron,,,,,
BB_Scotia_May,0.001635256,Eriodictyon,,,,,
BB_Scotia_May,0.000817628,Erodium,,,,,
BB_Scotia_May,0.000817628,Erythronium,,,,,
BB_Scotia_May,0.000817628,Eucrypta,,,,,
BB_Scotia_May,0.001635256,Euphorbia,,,,,
BB_Scotia_May,0.001635256,Euphrosyne,,,,,
BB_Scotia_May,0.016352561,Fagus,,,,,
BB_Scotia_May,0.000817628,Fairchildia,,,,,
BB_Scotia_May,0.002452884,Fatsia,,,,,
BB_Scotia_May,0.014717305,Ficus,,,,,
BB_Scotia_May,0.000817628,Flemingia,,,,,
BB_Scotia_May,0.000817628,Fleroya,,,,,
BB_Scotia_May,0.005723396,Fragaria,,,,,
BB_Scotia_May,0.002452884,Fraxinus,,,,,
BB_Scotia_May,0.00408814,Gagea,,,,,
BB_Scotia_May,0.001635256,Galagania,,,,,
BB_Scotia_May,0.011446793,Gaylussacia,,,,,
BB_Scotia_May,0.004905768,Gentiana,,,,,
BB_Scotia_May,0.000817628,Geranium,,,,,
BB_Scotia_May,0.001635256,Geum,,,,,
BB_Scotia_May,0.002452884,Gleditsia,,,,,
BB_Scotia_May,0.000817628,Gmelina,,,,,
BB_Scotia_May,0.002452884,Gonocarpus,,,,,
BB_Scotia_May,0.001635256,Gontscharovia,,,,,
BB_Scotia_May,0.000817628,Goodenia,,,,,
BB_Scotia_May,0.002452884,Goodia,,,,,
BB_Scotia_May,0.003270512,Grabowskia,,,,,
BB_Scotia_May,0.001635256,Griffinia,,,,,
BB_Scotia_May,0.000817628,Guilandina,,,,,
BB_Scotia_May,0.00408814,Gymnaconitum,,,,,
BB_Scotia_May,0.001635256,Gymnocladus,,,,,
BB_Scotia_May,0.000817628,Haemanthus,,,,,
BB_Scotia_May,0.009811537,Halopeplis,,,,,
BB_Scotia_May,0.001635256,Hammada,,,,,
BB_Scotia_May,0.008176281,Harveya,,,,,
BB_Scotia_May,0.08012755,Hedera,,,,,
BB_Scotia_May,0.003270512,Helleborus,,,,,
BB_Scotia_May,0.000817628,Heptacodium,,,,,
BB_Scotia_May,0.000817628,Heracleum,,,,,
BB_Scotia_May,0.000817628,Herniaria,,,,,
BB_Scotia_May,0.003270512,Hesperis,,,,,
BB_Scotia_May,0.000817628,Hirtella,,,,,
BB_Scotia_May,0.001635256,Hoehnea,,,,,
BB_Scotia_May,0.000817628,Homalium,,,,,
BB_Scotia_May,0.000817628,Hovenia,,,,,
BB_Scotia_May,0.001635256,Howellia,,,,,
BB_Scotia_May,0.000817628,Humbertia,,,,,
BB_Scotia_May,0.010629165,Humulus,,,,,
BB_Scotia_May,0.02534647,Hylotelephium,,,,,
BB_Scotia_May,0.001635256,Hymenaea,,,,,
BB_Scotia_May,0.178242917,Hyobanche,,,,,
BB_Scotia_May,0.00408814,Hypericum,,,,,
BB_Scotia_May,0.000817628,Hypserpa,,,,,
BB_Scotia_May,0.000817628,Hyptis,,,,,
BB_Scotia_May,0.001635256,Idesia,,,,,
BB_Scotia_May,0.002452884,Indigofera,,,,,
BB_Scotia_May,0.004905768,Ipomoea,,,,,
BB_Scotia_May,1.55185806,Iris,,,,,
BB_Scotia_May,0.00408814,Isodon,,,,,
BB_Scotia_May,0.000817628,Isotropis,,,,,
BB_Scotia_May,0.001635256,Jacksonia,,,,,
BB_Scotia_May,0.002452884,Jacquemontia,,,,,
BB_Scotia_May,0.001635256,Jatropha,,,,,
BB_Scotia_May,0.004905768,Juglans,,,,,
BB_Scotia_May,0.000817628,Kadsura,,,,,
BB_Scotia_May,0.001635256,Kalmia,,,,,
BB_Scotia_May,0.002452884,Kalopanax,,,,,
BB_Scotia_May,0.001635256,Kingiodendron,,,,,
BB_Scotia_May,0.002452884,Knautia,,,,,
BB_Scotia_May,0.001635256,Koenigia,,,,,
BB_Scotia_May,0.072768897,Kolkwitzia,,,,,
BB_Scotia_May,0.000817628,Lagochilus,,,,,
BB_Scotia_May,0.003270512,Lamprocapnos,,,,,
BB_Scotia_May,0.000817628,Lantana,,,,,
BB_Scotia_May,0.000817628,Leptactina,,,,,
BB_Scotia_May,0.000817628,Leptoglossis,,,,,
BB_Scotia_May,0.000817628,Leptolobium,,,,,
BB_Scotia_May,0.001635256,Leucaena,,,,,
BB_Scotia_May,0.000817628,Leucophysalis,,,,,
BB_Scotia_May,0.000817628,Leycesteria,,,,,
BB_Scotia_May,0.000817628,Ligustrum,,,,,
BB_Scotia_May,0.013899677,Lilium,,,,,
BB_Scotia_May,0.001635256,Linaria,,,,,
BB_Scotia_May,0.001635256,Lindleya,,,,,
BB_Scotia_May,0.003270512,Liparophyllum,,,,,
BB_Scotia_May,0.001635256,Liriodendron,,,,,
BB_Scotia_May,0.000817628,Lithocarpus,,,,,
BB_Scotia_May,0.000817628,Lithospermum,,,,,
BB_Scotia_May,0.000817628,Lobelia,,,,,
BB_Scotia_May,17.60762029,Lonicera,,,,,
BB_Scotia_May,0.000817628,Lophozonia,,,,,
BB_Scotia_May,0.001635256,Lotus,,,,,
BB_Scotia_May,0.000817628,Lycium,,,,,
BB_Scotia_May,0.002452884,Lycoris,,,,,
BB_Scotia_May,0.003270512,Lysipomia,,,,,
BB_Scotia_May,0.001635256,Maackia,,,,,
BB_Scotia_May,0.000817628,Magnolia,,,,,
BB_Scotia_May,0.000817628,Mahurea,,,,,
BB_Scotia_May,0.062139733,Maianthemum,,,,,
BB_Scotia_May,1.141408773,Malacomeles,,,,,
BB_Scotia_May,0.000817628,Mallotus,,,,,
BB_Scotia_May,0.005723396,Malus,,,,,
BB_Scotia_May,0.000817628,Mammea,,,,,
BB_Scotia_May,0.001635256,Marcetella,,,,,
BB_Scotia_May,0.006541024,Margyricarpus,,,,,
BB_Scotia_May,0.000817628,Melampyrum,,,,,
BB_Scotia_May,0.000817628,Mentzelia,,,,,
BB_Scotia_May,0.00408814,Merremia,,,,,
BB_Scotia_May,0.000817628,Mespilus,,,,,
BB_Scotia_May,0.000817628,Mimosa,,,,,
BB_Scotia_May,0.000817628,Mimusops,,,,,
BB_Scotia_May,0.002452884,Moerckia,,,,,
BB_Scotia_May,0.000817628,Monnina,,,,,
BB_Scotia_May,0.000817628,Monopteryx,,,,,
BB_Scotia_May,0.000817628,Mora,,,,,
BB_Scotia_May,0.001635256,Morella,,,,,
BB_Scotia_May,0.001635256,Mussaenda,,,,,
BB_Scotia_May,0.000817628,Mussaendopsis,,,,,
BB_Scotia_May,0.000817628,Myriophyllum,,,,,
BB_Scotia_May,0.081762806,Myrmeconauclea,,,,,
BB_Scotia_May,0.000817628,Myrospermum,,,,,
BB_Scotia_May,0.000817628,Nauclea,,,,,
BB_Scotia_May,0.055598708,Neillia,,,,,
BB_Scotia_May,0.245288418,Nicotiana,,,,,
BB_Scotia_May,0.002452884,Noltea,,,,,
BB_Scotia_May,0.000817628,Nothotsuga,,,,,
BB_Scotia_May,0.000817628,Nymphaea,,,,,
BB_Scotia_May,0.002452884,Nyssa,,,,,
BB_Scotia_May,0.000817628,Oocephalus,,,,,
BB_Scotia_May,0.043334287,Ophiopogon,,,,,
BB_Scotia_May,0.000817628,Oreopanax,,,,,
BB_Scotia_May,0.000817628,Oreoxis,,,,,
BB_Scotia_May,0.001635256,Ornithoboea,,,,,
BB_Scotia_May,0.000817628,Orobanche,,,,,
BB_Scotia_May,0.006541024,Orostachys,,,,,
BB_Scotia_May,0.00408814,Osmoxylon,,,,,
BB_Scotia_May,0.002452884,Oxera,,,,,
BB_Scotia_May,0.000817628,Ozoroa,,,,,
BB_Scotia_May,0.000817628,Pamianthe,,,,,
BB_Scotia_May,0.000817628,Panax,,,,,
BB_Scotia_May,0.000817628,Papaver,,,,,
BB_Scotia_May,0.001635256,Paramongaia,,,,,
BB_Scotia_May,0.003270512,Parodianthus,,,,,
BB_Scotia_May,0.000817628,Paronychia,,,,,
BB_Scotia_May,0.001635256,Patrinia,,,,,
BB_Scotia_May,0.000817628,Pedicularis,,,,,
BB_Scotia_May,0.000817628,Pennantia,,,,,
BB_Scotia_May,0.001635256,Peperomia,,,,,
BB_Scotia_May,0.000817628,Petrocodon,,,,,
BB_Scotia_May,0.416172683,Photinia,,,,,
BB_Scotia_May,0.000817628,Phylica,,,,,
BB_Scotia_May,0.002452884,Physalis,,,,,
BB_Scotia_May,0.002452884,Pilea,,,,,
BB_Scotia_May,0.000817628,Pimelea,,,,,
BB_Scotia_May,0.001635256,Pinguicula,,,,,
BB_Scotia_May,0.017170189,Pinus,,,,,
BB_Scotia_May,0.003270512,Piper,,,,,
BB_Scotia_May,0.007358653,Pittosporum,,,,,
BB_Scotia_May,0.005723396,Pityrodia,,,,,
BB_Scotia_May,0.000817628,Plagiobothrys,,,,,
BB_Scotia_May,0.001635256,Plagiomnium,,,,,
BB_Scotia_May,0.000817628,Planchonella,,,,,
BB_Scotia_May,0.006541024,Plantago,,,,,
BB_Scotia_May,0.008993909,Platanus,,,,,
BB_Scotia_May,0.001635256,Plectritis,,,,,
BB_Scotia_May,0.000817628,Pleioluma,,,,,
BB_Scotia_May,0.001635256,Poa,,,,,
BB_Scotia_May,0.000817628,Podophyllum,,,,,
BB_Scotia_May,0.007358653,Pogostemon,,,,,
BB_Scotia_May,0.001635256,Poliothyrsis,,,,,
BB_Scotia_May,0.001635256,Polycnemum,,,,,
BB_Scotia_May,0.006541024,Polygala,,,,,
BB_Scotia_May,0.000817628,Polylepis,,,,,
BB_Scotia_May,0.003270512,Polyscias,,,,,
BB_Scotia_May,0.000817628,Pomaria,,,,,
BB_Scotia_May,0.017170189,Populus,,,,,
BB_Scotia_May,0.000817628,Portulaca,,,,,
BB_Scotia_May,0.001635256,Posoqueria,,,,,
BB_Scotia_May,0.000817628,Pouteria,,,,,
BB_Scotia_May,0.001635256,Premna,,,,,
BB_Scotia_May,0.000817628,Primulina,,,,,
BB_Scotia_May,0.000817628,Prinsepia,,,,,
BB_Scotia_May,0.000817628,Protium,,,,,
BB_Scotia_May,6.453538285,Prunus,,,,,
BB_Scotia_May,0.004905768,Pseudopanax,,,,,
BB_Scotia_May,0.000817628,Psorothamnus,,,,,
BB_Scotia_May,0.000817628,Pteropyrum,,,,,
BB_Scotia_May,0.000817628,Pultenaea,,,,,
BB_Scotia_May,0.02534647,Pycnanthemum,,,,,
BB_Scotia_May,0.006541024,Pyrus,,,,,
BB_Scotia_May,1.327010343,Quercus,,,,,
BB_Scotia_May,0.000817628,Raphanus,,,,,
BB_Scotia_May,0.000817628,Raukaua,,,,,
BB_Scotia_May,0.000817628,Reaumuria,,,,,
BB_Scotia_May,0.000817628,Reinwardtia,,,,,
BB_Scotia_May,0.024528842,Rhamnus,,,,,
BB_Scotia_May,0.017170189,Rhaphiolepis,,,,,
BB_Scotia_May,0.005723396,Rhododendron,,,,,
BB_Scotia_May,0.005723396,Ribes,,,,,
BB_Scotia_May,0.000817628,Roldana,,,,,
BB_Scotia_May,0.005723396,Rosa,,,,,
BB_Scotia_May,0.022075958,Rubus,,,,,
BB_Scotia_May,0.000817628,Sagittaria,,,,,
BB_Scotia_May,0.000817628,Sairocarpus,,,,,
BB_Scotia_May,51.4394342,Salix,,,,,
BB_Scotia_May,0.002452884,Salpiglossis,,,,,
BB_Scotia_May,0.000817628,Salsola,,,,,
BB_Scotia_May,0.000817628,Salvia,,,,,
BB_Scotia_May,0.003270512,Sanicula,,,,,
BB_Scotia_May,0.001635256,Santalum,,,,,
BB_Scotia_May,0.001635256,Saracha,,,,,
BB_Scotia_May,0.000817628,Satureja,,,,,
BB_Scotia_May,0.004905768,Scaevola,,,,,
BB_Scotia_May,0.002452884,Schnabelia,,,,,
BB_Scotia_May,0.003270512,Securigera,,,,,
BB_Scotia_May,0.001635256,Senecio,,,,,
BB_Scotia_May,0.085033318,Senegalia,,,,,
BB_Scotia_May,0.001635256,Shepherdia,,,,,
BB_Scotia_May,0.000817628,Sidalcea,,,,,
BB_Scotia_May,0.000817628,Sideritis,,,,,
BB_Scotia_May,0.002452884,Sinapis,,,,,
BB_Scotia_May,0.00408814,Sinocrassula,,,,,
BB_Scotia_May,0.209312784,Solanum,,,,,
BB_Scotia_May,0.041699031,Sorbus,,,,,
BB_Scotia_May,0.001635256,Spergularia,,,,,
BB_Scotia_May,0.000817628,Sphaerosacme,,,,,
BB_Scotia_May,0.002452884,Spiraea,,,,,
BB_Scotia_May,0.003270512,Stachys,,,,,
BB_Scotia_May,0.000817628,Stellaria,,,,,
BB_Scotia_May,0.001635256,Streptocarpus,,,,,
BB_Scotia_May,0.000817628,Striga,,,,,
BB_Scotia_May,0.002452884,Suaeda,,,,,
BB_Scotia_May,0.000817628,Succisa,,,,,
BB_Scotia_May,0.000817628,Swartzia,,,,,
BB_Scotia_May,0.000817628,Symphoricarpos,,,,,
BB_Scotia_May,0.001635256,Tamonea,,,,,
BB_Scotia_May,0.000817628,Tara,,,,,
BB_Scotia_May,0.002452884,Taraxacum,,,,,
BB_Scotia_May,0.007358653,Tecticornia,,,,,
BB_Scotia_May,0.000817628,Teucrium,,,,,
BB_Scotia_May,0.003270512,Thalictrum,,,,,
BB_Scotia_May,0.009811537,Thamnea,,,,,
BB_Scotia_May,0.000817628,Thapsia,,,,,
BB_Scotia_May,0.000817628,Thouinia,,,,,
BB_Scotia_May,0.000817628,Tipuana,,,,,
BB_Scotia_May,0.000817628,Tordylium,,,,,
BB_Scotia_May,1.417767058,Torminalis,,,,,
BB_Scotia_May,0.004905768,Toxicodendron,,,,,
BB_Scotia_May,0.001635256,Trema,,,,,
BB_Scotia_May,0.030252238,Trevesia,,,,,
BB_Scotia_May,0.016352561,Tribulus,,,,,
BB_Scotia_May,0.004905768,Trifolium,,,,,
BB_Scotia_May,0.057233964,Triosteum,,,,,
BB_Scotia_May,0.000817628,Tripetalum,,,,,
BB_Scotia_May,0.001635256,Trochodendron,,,,,
BB_Scotia_May,0.017170189,Tsuga,,,,,
BB_Scotia_May,0.005723396,Tulipa,,,,,
BB_Scotia_May,0.000817628,Tylosema,,,,,
BB_Scotia_May,0.110379788,Tzeltalia,,,,,
BB_Scotia_May,0.000817628,Uribea,,,,,
BB_Scotia_May,0.000817628,Utricularia,,,,,
BB_Scotia_May,0.008993909,Vaccinium,,,,,
BB_Scotia_May,0.003270512,Van-royena,,,,,
BB_Scotia_May,0.001635256,Vauquelinia,,,,,
BB_Scotia_May,0.000817628,Ventia,,,,,
BB_Scotia_May,0.000817628,Vernicia,,,,,
BB_Scotia_May,0.008993909,Veronica,,,,,
BB_Scotia_May,0.016352561,Viburnum,,,,,
BB_Scotia_May,0.00408814,Vicia,,,,,
BB_Scotia_May,0.007358653,Vitex,,,,,
BB_Scotia_May,0.000817628,Warneckea,,,,,
BB_Scotia_May,0.003270512,Weigela,,,,,
BB_Scotia_May,0.004905768,Xylosma,,,,,
BB_Scotia_May,0.000817628,Zenobia,,,,,